{"type":"FeatureCollection","features":[{"type":"Feature","geometry":{"type":"MultiPolygon","coordinates":[[[[-122.382246483873,47.7488459140205],[-122.377164166889,47.7482977726475],[-122.376944729171,47.7483045471725],[-122.376863486015,47.7483064847874],[-122.376782245096,47.7483072420223],[-122.376676737816,47.7483063204282],[-122.376611687555,47.7483049738334],[-122.376542594808,47.7483029702878],[-122.376392366822,47.7482969335903],[-122.376360166029,47.7482941583832],[-122.376300153683,47.7482864812714],[-122.376276064076,47.7482838824202],[-122.376219345414,47.7482797159914],[-122.376162570592,47.7482768457361],[-122.376109780978,47.7482753528464],[-122.376056909023,47.7482749936578],[-122.376004426507,47.7482757096136],[-122.375947575307,47.7482778079447],[-122.375886839809,47.7482815195929],[-122.375826331311,47.7482867205968],[-122.375766125114,47.7482933865487],[-122.375702377406,47.748302159559],[-122.375654940978,47.7483098349083],[-122.375615565386,47.7483171601742],[-122.375440833142,47.7483537730413],[-122.375370507654,47.7483673829276],[-122.375338922124,47.7483726542458],[-122.375307165138,47.7483773179353],[-122.375190842287,47.7483924085048],[-122.375069918783,47.74840246842],[-122.375037569429,47.7484045698463],[-122.375004901665,47.7484060557332],[-122.374960223795,47.7484075446652],[-122.374911422271,47.7484083831027],[-122.374858546875,47.7484084057389],[-122.37481791459,47.7484077375593],[-122.3747569737,47.7484056641726],[-122.374692040886,47.7484020757607],[-122.374639507393,47.7483980706105],[-122.374591134167,47.7483935234441],[-122.374551014881,47.7483891085515],[-122.374517314063,47.7483843298607],[-122.374476833806,47.748375035824],[-122.374433546578,47.7483678802835],[-122.374389387272,47.7483625303328],[-122.374349227679,47.7483594068578],[-122.374300690301,47.7483575948079],[-122.374276292353,47.748357546502],[-122.374247846952,47.7483582005772],[-122.374223294783,47.7483593823134],[-122.374194991487,47.7483614531444],[-122.374166858777,47.7483642827364],[-122.374142869606,47.7483673100527],[-122.374099221836,47.7483742912615],[-122.374075790845,47.7483788673542],[-122.374052950029,47.7483839131661],[-122.374030028322,47.7483895592074],[-122.374007373002,47.7483957315183],[-122.373962824987,47.7484096374503],[-122.373923595204,47.7484241309666],[-122.373877536925,47.7484441386355],[-122.373824834645,47.7484717873388],[-122.373768352084,47.748498896013],[-122.373724581505,47.7485188664326],[-122.373669549624,47.7485420493548],[-122.373613117249,47.7485638882451],[-122.373548152121,47.7485868093818],[-122.373485715847,47.7486068049899],[-122.373448109975,47.748617507043],[-122.37336126434,47.7486408970608],[-122.373334094589,47.748650202347],[-122.373309502117,47.748656144275],[-122.373281524022,47.7486587520535],[-122.373257132084,47.7486581915675],[-122.373229602451,47.7486540659827],[-122.373207091012,47.748647652419],[-122.373186496673,47.7486388667886],[-122.373168713952,47.748627781583],[-122.373153389388,47.7486149368432],[-122.373141917609,47.7486004918707],[-122.373133960164,47.7485849532181],[-122.373129813221,47.7485687271117],[-122.373130679664,47.7485502760739],[-122.373137831983,47.7485282955859],[-122.373147975474,47.7485133492747],[-122.373161640924,47.748499769618],[-122.37317825732,47.7484878674904],[-122.373199809265,47.7484779957409],[-122.37323488512,47.7484669473813],[-122.373258030878,47.7484617455844],[-122.373281215966,47.7484566107227],[-122.373304348994,47.7484513847986],[-122.373327342624,47.7484459115588],[-122.373350203815,47.7484400658634],[-122.373372843447,47.7484339460737],[-122.373395361708,47.7484276021151],[-122.373420521365,47.7484201906413],[-122.373451026806,47.7484107890257],[-122.37347301364,47.7484036632656],[-122.373503006482,47.7483935299743],[-122.373527344742,47.7483849600694],[-122.373551446347,47.7483761018799],[-122.37358088817,47.7483649765375],[-122.373601887092,47.7483566100301],[-122.373622714374,47.7483480335276],[-122.373645912635,47.7483381322686],[-122.373673948831,47.7483257142445],[-122.373697025045,47.7483148475396],[-122.373716767995,47.7483051971289],[-122.373736310373,47.7482953506085],[-122.373755770207,47.748285419736],[-122.373775257554,47.7482755172761],[-122.373797177287,47.7482643369072],[-122.373823720483,47.7482505149182],[-122.373843025959,47.7482404628677],[-122.373862332788,47.7482304116952],[-122.373881638304,47.7482203614366],[-122.373903358146,47.7482090542017],[-122.373929904005,47.7481952339504],[-122.3739516238,47.748183925807],[-122.37397816694,47.7481701046812],[-122.373997470997,47.7481600517233],[-122.374016773659,47.7481499969816],[-122.374036076288,47.7481399413373],[-122.374055376242,47.7481298857258],[-122.374074673469,47.7481198283486],[-122.374101206863,47.74810599563],[-122.374123133007,47.7480946315889],[-122.374142330045,47.7480844801941],[-122.37416384406,47.7480729831706],[-122.374190127799,47.7480589199032],[-122.374209308383,47.748048754325],[-122.374228605603,47.7480386987202],[-122.374248072901,47.7480288009458],[-122.374267717453,47.7480191229782],[-122.374287604886,47.7480096738265],[-122.374307741651,47.748000401226],[-122.374328028014,47.7479912705392],[-122.374356076046,47.7479788584799],[-122.374379066234,47.7479687430714],[-122.374407106028,47.7479563239135],[-122.37451399212,47.7479135572957],[-122.374560014808,47.7478960579593],[-122.374610546518,47.7478782646899],[-122.374669005356,47.7478590355753],[-122.374831116108,47.7478082986698],[-122.375070529849,47.74773245139],[-122.375185085428,47.747696940216],[-122.375259310503,47.7476746297541],[-122.375326404659,47.7476551000667],[-122.375409051957,47.7476320396463],[-122.375435639637,47.747625350597],[-122.375462614681,47.7476193535051],[-122.375489909938,47.7476139431237],[-122.375553137943,47.7476031945001],[-122.375700435744,47.7475813973943],[-122.375800290201,47.7475684594998],[-122.375876541373,47.747560074228],[-122.375944816445,47.7475537651042],[-122.376009487909,47.7475491770465],[-122.376156198733,47.7475401752779],[-122.376322801752,47.7475368435312],[-122.376367499132,47.7475364405232],[-122.376408116156,47.7475366171599],[-122.376477003168,47.747538061298],[-122.376537939055,47.7475401320219],[-122.376598803734,47.7475429926368],[-122.376668011891,47.74754711676],[-122.376728602413,47.7475516569932],[-122.37679312932,47.7475573692128],[-122.376853452039,47.7475635332056],[-122.376913543084,47.7475704730685],[-122.376957395055,47.7475762211253],[-122.377001089228,47.7475825830371],[-122.377160430111,47.747605142028],[-122.377719421047,47.7477635289593],[-122.377769077075,47.7477746614889],[-122.377819948275,47.7477829257734],[-122.377871671274,47.7477882583599],[-122.37792387825,47.7477906255436],[-122.377976197781,47.7477900071632],[-122.378028253915,47.7477864101078],[-122.378079665849,47.747779857526],[-122.378130080303,47.7477704009819],[-122.378179126959,47.7477581021667],[-122.378226453743,47.7477430531121],[-122.378271730346,47.7477253599493],[-122.378314624379,47.7477051486297],[-122.3783548361,47.7476825662537],[-122.378392070088,47.7476577706585],[-122.378426064981,47.7476309435102],[-122.378456578297,47.747602273416],[-122.378483392121,47.7475719675421],[-122.378506308805,47.7475402417765],[-122.37852516841,47.7475073240906],[-122.378539835266,47.7474734511232],[-122.378550207065,47.7474388599602],[-122.378556209899,47.7474038007967],[-122.378557793996,47.7473685279988],[-122.378554954701,47.7473332881236],[-122.378547707653,47.747298337349],[-122.378536108332,47.7472639259148],[-122.378520239972,47.7472302955882],[-122.378500212636,47.74719769317],[-122.378476175901,47.7471663487324],[-122.378448295103,47.7471364840376],[-122.378432199415,47.747119541904],[-122.378414058455,47.7471035684628],[-122.378394002314,47.7470886771017],[-122.378372164736,47.747074969464],[-122.378296456019,47.7470303006852],[-122.37822642817,47.7469815966334],[-122.378057791097,47.7468232325814],[-122.377907644386,47.746656615001],[-122.377614214708,47.7463087108422],[-122.377346043224,47.7459516560237],[-122.377276827796,47.7458312313727],[-122.377218217033,47.745708271101],[-122.377170413195,47.7455832096988],[-122.377166529465,47.7455323738489],[-122.377163019915,47.7454143948195],[-122.377123825162,47.7452732937485],[-122.377087438088,47.7452265753505],[-122.377021881797,47.745141631259],[-122.377012925029,47.7451263276919],[-122.377004051538,47.7451109987077],[-122.376991954384,47.7450898883488],[-122.376982082575,47.7450726090163],[-122.37697327915,47.7450572583908],[-122.376963283071,47.7450400158232],[-122.376950877977,47.7450189995882],[-122.376941659541,47.7450037760237],[-122.376932232248,47.7449886155584],[-122.376922557783,47.7449735304058],[-122.376912658039,47.7449585391615],[-122.376902550586,47.7449436047035],[-122.376892226702,47.7449287028603],[-122.376881740091,47.7449138454997],[-122.376871094807,47.7448990343662],[-122.376860292263,47.7448842721393],[-122.376849332541,47.7448695615168],[-122.376836808928,47.7448530782242],[-122.376821259445,47.7448330230238],[-122.376809766729,47.7448185085276],[-122.376798123795,47.7448040554372],[-122.376786333363,47.7447896655149],[-122.376774242831,47.7447753651148],[-122.376762146335,47.7447610881841],[-122.376749892634,47.7447468619582],[-122.376737484554,47.7447326917964],[-122.37672492479,47.7447185785618],[-122.376712214701,47.7447045231356],[-122.376699355727,47.7446905290967],[-122.376686351896,47.7446765972902],[-122.376673202007,47.7446627322304],[-122.37665991006,47.744648933863],[-122.376646477469,47.7446352048679],[-122.376632906981,47.7446215479065],[-122.376619204674,47.7446079431051],[-122.376605341911,47.7445944142411],[-122.376591331651,47.7445809485444],[-122.376577172507,47.7445675442346],[-122.376562869973,47.7445542066349],[-122.376548425381,47.7445409357274],[-122.376533840146,47.7445277341915],[-122.376519116987,47.7445146037898],[-122.376504258652,47.7445015471838],[-122.376489266526,47.7444885661541],[-122.376474143303,47.7444756615635],[-122.37645889045,47.7444628378905],[-122.376443308754,47.7444500789377],[-122.376427782827,47.7444374010932],[-122.376412114871,47.7444247908395],[-122.376390340014,47.7444075744036],[-122.376372347656,47.7443935849916],[-122.376356207302,47.744381234811],[-122.376339938517,47.7443689610332],[-122.376323541463,47.7443567690536],[-122.376307020112,47.7443446579187],[-122.376290375904,47.7443326312077],[-122.376273612866,47.7443206897654],[-122.376256816886,47.7443088513223],[-122.376239826085,47.7442971441562],[-122.376222530952,47.744285563451],[-122.376205053928,47.7442741003537],[-122.376187429091,47.7442627346118],[-122.376169683849,47.7442514460631],[-122.376151852253,47.744240213556],[-122.376133965765,47.7442290186727],[-122.376116051741,47.7442178394524],[-122.376098146924,47.7442066556069],[-122.376080280057,47.744195446956],[-122.376055470921,47.7441797054749],[-122.375913493345,47.7441045537396],[-122.375859791911,47.7440752453999],[-122.375832080415,47.7440591823711],[-122.37580489121,47.7440426516723],[-122.37572183992,47.7439902107327],[-122.375669288874,47.7439558462228],[-122.375617316356,47.7439210645444],[-122.3755007213,47.7438406986516],[-122.375413142998,47.7437781728613],[-122.375372335413,47.7437490381558],[-122.375320166222,47.7437105858872],[-122.375271459353,47.7436737438843],[-122.375197300006,47.7436155571122],[-122.375133226148,47.7435623824702],[-122.375066218281,47.7435036887397],[-122.374999060537,47.7434416504383],[-122.37495004348,47.7433944390635],[-122.374905377434,47.7433486730246],[-122.374862187453,47.7433022177117],[-122.374751856417,47.7431808799503],[-122.374639884258,47.7430377216696],[-122.374613931845,47.7430035685712],[-122.374590563252,47.7429716277905],[-122.374566322923,47.7429369639608],[-122.374534799416,47.7428894198135],[-122.374507594524,47.7428465447779],[-122.3744798362,47.7428008407348],[-122.374437439222,47.7427266242115],[-122.374423499217,47.7427008901967],[-122.37440500906,47.7426646175146],[-122.374380483963,47.7426123583765],[-122.374319724378,47.7424757399569],[-122.374301056283,47.7424366583743],[-122.374269990936,47.7423742499714],[-122.374249731906,47.7423354417628],[-122.374231337778,47.7423020357226],[-122.374213623942,47.7422714173857],[-122.374190140489,47.7422334767662],[-122.374168893166,47.7422008190497],[-122.374146837999,47.7421683980437],[-122.374123991788,47.7421362405093],[-122.374102216296,47.7421068141261],[-122.374079369315,47.7420777287702],[-122.374055689482,47.7420489812179],[-122.373964571634,47.7419429843279],[-122.373873866413,47.7418519549459],[-122.37383204848,47.7418114811536],[-122.37380793929,47.7417893784905],[-122.373780768285,47.7417654450753],[-122.373722288376,47.7417162019188],[-122.373661680584,47.7416681470663],[-122.373634705217,47.7416476555919],[-122.373607000559,47.7416275311046],[-122.373558934705,47.7415940703924],[-122.373504789235,47.7414993723688],[-122.373475961301,47.7414243551788],[-122.372469893473,47.7407864221758],[-122.372449882988,47.7407704559667],[-122.372431997462,47.7407533788506],[-122.37241630155,47.7407353473881],[-122.372457192821,47.7407204423607],[-122.372496068457,47.7407033640636],[-122.372532744294,47.7406841986478],[-122.372566980259,47.7406630806979],[-122.372598544334,47.7406401464897],[-122.372627230361,47.740615549942],[-122.372710784774,47.7405283079532],[-122.37278432372,47.7404370412551],[-122.372847412507,47.7403422910033],[-122.372899696121,47.7402445864813],[-122.372940875467,47.7401444984968],[-122.37297070737,47.7400425944019],[-122.373053814839,47.7396990946067],[-122.373145751887,47.7392333396672],[-122.373165338142,47.7391006055512],[-122.373171086828,47.7389583954892],[-122.373161185884,47.7388162923275],[-122.373137798166,47.7387440075194],[-122.373106379555,47.7386731202582],[-122.373067108801,47.7386040356494],[-122.373020207203,47.7385371546242],[-122.372965948686,47.7384728540123],[-122.372855894538,47.7383493382789],[-122.372735191613,47.7382304399291],[-122.372604255048,47.7381165752458],[-122.372499498524,47.7380297665482],[-122.372389407252,47.737946352906],[-122.372078143601,47.7377135305047],[-122.372053526984,47.737696399306],[-122.372026797285,47.7376807746693],[-122.371998164592,47.737666770709],[-122.371967837289,47.7376544889675],[-122.371936050366,47.7376440288298],[-122.371903038039,47.7376354636022],[-122.371869051639,47.737628859164],[-122.37181126758,47.7375982393836],[-122.371771395266,47.7375752747913],[-122.371726325354,47.7375708727118],[-122.371681987702,47.7375638644584],[-122.371599060695,47.7375499539014],[-122.371518225585,47.7375312543282],[-122.371440092077,47.7375079086569],[-122.371365242866,47.7374800934569],[-122.371294242779,47.737448012528],[-122.370480510086,47.7370916706453],[-122.370388006441,47.7370520010466],[-122.370228966031,47.7369702867316],[-122.370153506846,47.7369368195158],[-122.370074891818,47.7369068420809],[-122.369993475626,47.7368804881824],[-122.369798100778,47.736809145003],[-122.369752199165,47.7367864372633],[-122.369709253546,47.7367612319512],[-122.369669567817,47.7367337039994],[-122.369633416977,47.7367040431241],[-122.369601044559,47.7366724574572],[-122.369572679803,47.7366391679178],[-122.369548518677,47.736604397672],[-122.369514393658,47.7365594601597],[-122.369486012135,47.7365128475772],[-122.36946298302,47.7364649088472],[-122.369445436014,47.7364159265033],[-122.369439995004,47.7363968623394],[-122.369432267032,47.7363781618301],[-122.3694240395,47.7363633543703],[-122.369410184744,47.7363423416027],[-122.36939597076,47.7363254574909],[-122.369379769301,47.7363094133911],[-122.369361682177,47.7362943149849],[-122.369341832263,47.7362802586746],[-122.369323675954,47.7362688603974],[-122.369296554882,47.7362561353612],[-122.369274398169,47.7362486214917],[-122.369250885886,47.7362432930357],[-122.369218400906,47.7362392539901],[-122.369185367407,47.7362389862961],[-122.369160773953,47.7362411508508],[-122.369136882676,47.7362456386388],[-122.369106631733,47.736254591359],[-122.369080787601,47.7362666792585],[-122.369056595906,47.7362873820747],[-122.369038449622,47.7363104423395],[-122.36902734968,47.7363352996159],[-122.369023398625,47.7363542860359],[-122.369024462802,47.7363774996789],[-122.369066136387,47.736507440752],[-122.369099261298,47.7365841715367],[-122.369117678327,47.7366233553412],[-122.369148140564,47.7366800849154],[-122.369176840899,47.7367284655208],[-122.369189603448,47.7367486212992],[-122.369208230904,47.7367760281406],[-122.369246110562,47.7368276613724],[-122.369282625188,47.7368735869455],[-122.369321504963,47.7369185882441],[-122.369370295319,47.7369724009094],[-122.369449809776,47.7370553583358],[-122.369476588044,47.7370859551442],[-122.369502074213,47.7371171864817],[-122.369528227371,47.7371513073797],[-122.369551262025,47.7371833795744],[-122.36957267964,47.7372158765692],[-122.369594565966,47.7372513224718],[-122.36962761994,47.737307455664],[-122.369650374141,47.7373485664172],[-122.369668952716,47.7373848494156],[-122.369677771038,47.7374031187048],[-122.369686933824,47.7374241496596],[-122.369718527912,47.7375036276221],[-122.369823367342,47.7377284983879],[-122.36988738707,47.7378494263455],[-122.369905122228,47.7378800468196],[-122.369928813074,47.7379179134997],[-122.369960499817,47.7379654512397],[-122.369992195522,47.7380099562598],[-122.370025572338,47.7380538997568],[-122.370060486401,47.7380972872656],[-122.370099055341,47.7381424562343],[-122.370141175361,47.7381891435717],[-122.370183252093,47.738232834871],[-122.370229369051,47.7382780343451],[-122.370269968439,47.7383157406108],[-122.370294889755,47.7383374974864],[-122.37032306004,47.7383609297371],[-122.370396058499,47.7384198962355],[-122.370432893404,47.738452516389],[-122.370452693947,47.7384811244087],[-122.370464924026,47.7385029029328],[-122.370474056877,47.7385239414302],[-122.370481577289,47.7385480837256],[-122.370484901954,47.73856438397],[-122.37048727362,47.7385917352931],[-122.370485736853,47.7386232433142],[-122.370480951755,47.7386490897707],[-122.370474166076,47.7386705631846],[-122.370467559007,47.7386864044208],[-122.370455042492,47.7387095806578],[-122.370438123053,47.7387345371812],[-122.370424864196,47.7387508854688],[-122.370409650807,47.738766442345],[-122.370392589057,47.7387811002241],[-122.370351726107,47.7388081884856],[-122.370527098272,47.7388970063527],[-122.370462661521,47.7390107192842],[-122.370424466425,47.7390969174927],[-122.370410979223,47.7391273549745],[-122.370189172008,47.7398566621635],[-122.370180287558,47.7398748703528],[-122.370169086482,47.7398924908194],[-122.370155652744,47.7399093865901],[-122.370140090544,47.7399254285156],[-122.370122516401,47.7399404980755],[-122.370103064111,47.7399544747177],[-122.370081881415,47.7399672583932],[-122.370059127999,47.7399787470931],[-122.370034981464,47.7399888583583],[-122.370009619442,47.7399975106293],[-122.369043730647,47.7403661894404],[-122.368884104765,47.7404185411186],[-122.368718642285,47.7404618706606],[-122.368548460093,47.7404958805328],[-122.368451466827,47.7405124423558],[-122.368352788339,47.7405236129126],[-122.368253090569,47.7405293157679],[-122.368153036598,47.7405295132101],[-122.368053293293,47.740524205263],[-122.367954519173,47.7405134253504],[-122.367857380669,47.7404972490737],[-122.367779082667,47.7404874242282],[-122.367699913835,47.7404815702309],[-122.367620317926,47.740479720694],[-122.367540740641,47.7404818849155],[-122.367461620405,47.7404880516011],[-122.36738340831,47.7404981867974],[-122.367302208547,47.7405144515822],[-122.367223174319,47.7405349936269],[-122.367146792934,47.7405596957314],[-122.367073554404,47.7405883965791],[-122.367003910828,47.7406209155734],[-122.366692868318,47.7407742272874],[-122.366393889201,47.7409399363699],[-122.366368507198,47.7409505213484],[-122.366344493824,47.7409624706301],[-122.366322014906,47.7409757091189],[-122.366301212939,47.7409901395419],[-122.366282232022,47.7410056736011],[-122.36626519967,47.7410222034297],[-122.366250229934,47.741039616844],[-122.366237426094,47.7410577982063],[-122.366226867196,47.7410766241081],[-122.366209758393,47.7410965275954],[-122.366209672183,47.7411379990055],[-122.366219086433,47.7412936958596],[-122.366217813527,47.7414495165305],[-122.366156109833,47.7414492751235],[-122.363853525829,47.7414402796055],[-122.362521382188,47.7414350537684],[-122.362363568446,47.7414341176982],[-122.360346276231,47.7414221365821],[-122.358857410032,47.7414160861173],[-122.357978260107,47.7414103125374],[-122.357889983898,47.7414097417035],[-122.357530981785,47.7414074213314],[-122.355632657939,47.7413951292623],[-122.35560099248,47.7377646338903],[-122.355593831077,47.7368736349645],[-122.353204258613,47.736860264247],[-122.351826697228,47.7368622421467],[-122.351847454104,47.7377614518974],[-122.35066765415,47.737762334437],[-122.35059167312,47.7377623915386],[-122.350589733209,47.7376801491622],[-122.350580173541,47.737274906107],[-122.35057409806,47.7370174176717],[-122.350570259333,47.7368546542136],[-122.350566048448,47.73667619216],[-122.350561721151,47.7364927883112],[-122.350557499939,47.7363137884265],[-122.350550241405,47.7360061446157],[-122.350548759847,47.7359433204557],[-122.347929596766,47.7359553495037],[-122.347955756659,47.7368222229729],[-122.34798298237,47.7377243576246],[-122.347984194931,47.737764540445],[-122.347637949806,47.7389882582126],[-122.346860854085,47.7414104591721],[-122.345895047589,47.7414112082178],[-122.345831744708,47.7414066454223],[-122.345626683693,47.741411707575],[-122.345289626746,47.7414123773068],[-122.345222068156,47.7389546121534],[-122.342525367702,47.7389564875032],[-122.341488015214,47.7389571910268],[-122.339819829318,47.7389583042759],[-122.33980845134,47.7385745041627],[-122.339801554682,47.7383418414211],[-122.339796511628,47.7381716650294],[-122.33978719973,47.7378575254943],[-122.339784760953,47.7377752870509],[-122.338949242458,47.7377770669053],[-122.338424158637,47.7377781814347],[-122.33765112625,47.7377772237109],[-122.337083396153,47.7377768316876],[-122.336131023035,47.7377791804553],[-122.335557729969,47.7377802818007],[-122.334460347421,47.7377747169722],[-122.334380627427,47.7378234306525],[-122.334360734558,47.7370878860274],[-122.334342859749,47.7364195277979],[-122.334261463868,47.7364187007209],[-122.331648918927,47.736392082177],[-122.329028456892,47.7363709169617],[-122.328947939835,47.7363702661871],[-122.328979037995,47.7372961798273],[-122.328988839144,47.7377364839961],[-122.32904645441,47.7395522044579],[-122.329072773062,47.7396683929299],[-122.329101234204,47.7397940414074],[-122.329109062161,47.7398339161844],[-122.329115744106,47.73986794508],[-122.329139932767,47.7399435318351],[-122.329173909297,47.7400189866384],[-122.329209686535,47.7400819538309],[-122.329257165298,47.7401492718705],[-122.329312286793,47.7402138880135],[-122.329492902741,47.7404149651734],[-122.329538559885,47.740465794796],[-122.329708607831,47.7406551040091],[-122.329774255781,47.7407250433445],[-122.32983111231,47.7407984022153],[-122.329878794843,47.7408746791774],[-122.329916974833,47.7409533504854],[-122.329945390074,47.7410338807266],[-122.329963841856,47.7411157165606],[-122.329972214146,47.7411983044593],[-122.329977569543,47.7412991102021],[-122.329979240997,47.7413305734538],[-122.32998194064,47.7413814132437],[-122.329821179039,47.7413797430667],[-122.329327690587,47.7413746100223],[-122.329147756962,47.7413727378192],[-122.329111697498,47.7413103257584],[-122.329092361896,47.7412788107409],[-122.329016302512,47.7411548262928],[-122.328964307639,47.7410700700995],[-122.328894020066,47.7409554962057],[-122.328793929972,47.7407923386376],[-122.328690095827,47.7406230785891],[-122.328587390193,47.7404556550419],[-122.328026338454,47.7395410490028],[-122.327464399793,47.7386249631891],[-122.326953293734,47.737791714753],[-122.326775764842,47.7378730764226],[-122.326307666683,47.7380876022067],[-122.325898365163,47.738081909688],[-122.325869654981,47.7380818877292],[-122.325841039101,47.7380834757157],[-122.325812722584,47.7380866628681],[-122.325781536052,47.7380922112349],[-122.325757750414,47.7380977410282],[-122.325731476593,47.7381055541733],[-122.32570626049,47.738114811728],[-122.32568227111,47.738125454807],[-122.325647544123,47.7381363004301],[-122.32561165208,47.7381452622255],[-122.32557482398,47.7381522805213],[-122.325537291903,47.7381573099993],[-122.325499283113,47.738160323397],[-122.325461041029,47.7381612986379],[-122.324850575635,47.7381618131157],[-122.324646410558,47.7381762016303],[-122.324555522687,47.7381926515843],[-122.324436222543,47.7382083123887],[-122.324268705624,47.7382175450257],[-122.323688908181,47.7382142897192],[-122.323606086624,47.7382138235769],[-122.323617164254,47.7385915715499],[-122.323626079551,47.7388955813841],[-122.322374776761,47.7388847203246],[-122.3223385248,47.7376701936933],[-122.322299787643,47.7364611123233],[-122.320868284975,47.7364465882073],[-122.320903827433,47.7375911946469],[-122.320906001288,47.7376579742247],[-122.320917309682,47.7380674049311],[-122.318231398632,47.7380413179304],[-122.318254085013,47.7388531669116],[-122.318266264252,47.7393101219968],[-122.318268412317,47.7393906603889],[-122.318297568719,47.7404845071698],[-122.318318194707,47.7412582497363],[-122.316969708739,47.741243358049],[-122.31564088937,47.7412286680739],[-122.315614423246,47.7405034457395],[-122.315604536288,47.7401569595768],[-122.31556606521,47.7388090485183],[-122.315533499429,47.7377003297361],[-122.315530559778,47.7376002317446],[-122.315511419373,47.7369538818019],[-122.315494690424,47.7363889331301],[-122.312813768614,47.7363596853331],[-122.312815452378,47.7366704784363],[-122.310113052056,47.7366391750018],[-122.307402982967,47.7366088359812],[-122.307418149679,47.7375137924345],[-122.307071364681,47.7375096813392],[-122.306742392904,47.7375057808001],[-122.306059604667,47.7374976796284],[-122.304724292749,47.7374807561873],[-122.301991207349,47.7374460645024],[-122.300650157543,47.7374290152536],[-122.299289199106,47.7374152773327],[-122.299167460379,47.7374136635455],[-122.299061846472,47.7374122625418],[-122.298940483968,47.7374106535738],[-122.298711297018,47.7374076130752],[-122.298613754168,47.7374062222193],[-122.298364642977,47.7374029628785],[-122.298117385406,47.7373999841539],[-122.297927822104,47.7373971556265],[-122.297857397122,47.737396796813],[-122.297765454535,47.7373960404116],[-122.296726245723,47.7373874884435],[-122.29659946242,47.737386444907],[-122.296575737989,47.7370409979975],[-122.296574379346,47.736964558845],[-122.295149612779,47.7369548827389],[-122.293795694916,47.7369394275346],[-122.293167995959,47.7369348107452],[-122.293121089044,47.7369323236493],[-122.293074655953,47.7369271955588],[-122.293029020359,47.7369194601156],[-122.292984506591,47.7369091743426],[-122.292941428717,47.7368964097883],[-122.292900086621,47.7368812552754],[-122.292860770002,47.7368638168495],[-122.292823754426,47.7368442196287],[-122.292789309144,47.7368226014065],[-122.292757663668,47.7367991094812],[-122.292187371812,47.7363123125464],[-122.292179445026,47.7363268704042],[-122.292051449489,47.7365619960828],[-122.291891964315,47.7368052571714],[-122.291709584944,47.7370410805156],[-122.291460763689,47.7373466536895],[-122.291184273682,47.7376701408739],[-122.291064723943,47.7378142858211],[-122.291004590207,47.7378867896871],[-122.290551193635,47.7384334507827],[-122.290100226779,47.7389771678225],[-122.289647924392,47.7395224823762],[-122.289599996445,47.7395802669997],[-122.288777150124,47.7395728352601],[-122.288862501032,47.739460340618],[-122.288937328925,47.7393502075781],[-122.289000925302,47.7392369046089],[-122.289052992901,47.7391209572873],[-122.289093298583,47.7390028948673],[-122.289226216795,47.7384909006031],[-122.289235987517,47.7384549864766],[-122.289142372023,47.7384546924524],[-122.286229833206,47.7384455027931],[-122.286136241885,47.7384285347439],[-122.28612224206,47.7384485526623],[-122.286109656082,47.7384659590466],[-122.286093427903,47.7384875526405],[-122.286066996538,47.738521157994],[-122.286053105472,47.7385381069071],[-122.286037873704,47.7385561362111],[-122.286025405111,47.7385704482911],[-122.286008449417,47.7385893982382],[-122.285989993443,47.7386093496435],[-122.285971620926,47.7386285191364],[-122.285948339747,47.7386521312515],[-122.285116180217,47.7395329099715],[-122.284968361577,47.7397536169776],[-122.284857749943,47.7397505715353],[-122.284578737003,47.7401800118552],[-122.284564033423,47.7402113868752],[-122.284552326849,47.7402400555754],[-122.284542035651,47.7402664491915],[-122.284535549367,47.7402838299658],[-122.284527889319,47.7403052117647],[-122.284518919513,47.7403314068505],[-122.28451218563,47.7403520958746],[-122.284506231133,47.7403712303837],[-122.284501451164,47.7403872022779],[-122.284496405896,47.7404047995114],[-122.284491124735,47.740424024409],[-122.284484916377,47.7404481036058],[-122.284480556243,47.7404657838812],[-122.284474991366,47.7404899349552],[-122.28447046954,47.7405108954007],[-122.284466918551,47.7405286580402],[-122.284461053044,47.740560183296],[-122.28445712433,47.7405836595519],[-122.284454555484,47.7406006801279],[-122.284450805388,47.7406274448192],[-122.284448789436,47.7406436820137],[-122.284446608552,47.7406631787293],[-122.284444164398,47.7406883804088],[-122.284442580393,47.740707903716],[-122.284440609503,47.7407372015152],[-122.284439163494,47.740768959319],[-122.284438601547,47.7407868782463],[-122.284438242825,47.7408080592083],[-122.284472127641,47.7424095686919],[-122.284445613666,47.7429061883942],[-122.284174319226,47.7444192684677],[-122.284156310145,47.7445197165273],[-122.284146968342,47.7445664647734],[-122.283640627944,47.7443157257704],[-122.282875679937,47.7443687667538],[-122.282349831176,47.7444052252843],[-122.274107669415,47.7449763559968],[-122.275987796637,47.7395940002035],[-122.270075626888,47.733744884327],[-122.269806814873,47.7334789006548],[-122.281951815402,47.7336118747063],[-122.282605254456,47.7336079601764],[-122.283531815669,47.733613871001],[-122.283665604674,47.7336508622346],[-122.284000487893,47.7337425702149],[-122.284125659532,47.7337425416381],[-122.284214129107,47.7337425219026],[-122.284265636834,47.7337425197958],[-122.284372235422,47.7337425194062],[-122.284450517846,47.7337425184358],[-122.284494047518,47.7337425187711],[-122.28454870294,47.7337427328726],[-122.284665287574,47.7337425790647],[-122.284766711891,47.733742515504],[-122.284804144937,47.7337425150373],[-122.284952386212,47.7337417943565],[-122.28510554554,47.7337425123052],[-122.285708881032,47.7337455868503],[-122.28668644637,47.7337459549159],[-122.28672080237,47.733745927358],[-122.287914016113,47.7337449572813],[-122.288387422084,47.7337445684681],[-122.288413245658,47.7337434141065],[-122.288443410027,47.7337434143147],[-122.289754994984,47.7337434021743],[-122.291096888494,47.7337422409281],[-122.292307769182,47.7337518050177],[-122.292433451494,47.7337528088202],[-122.292935960779,47.7337568704404],[-122.29331769039,47.733759954357],[-122.293808550627,47.7337639174549],[-122.294531618084,47.7337697509156],[-122.294690814529,47.7337710344611],[-122.2951253884,47.7337745372674],[-122.295162051386,47.7337748410371],[-122.295185038648,47.7337750151096],[-122.295304814198,47.7337759826034],[-122.296052712845,47.733782006313],[-122.29628942305,47.733783915519],[-122.296518752328,47.7337857704858],[-122.297876401724,47.7337966761258],[-122.299229134395,47.7338075379459],[-122.299916539273,47.7338130516554],[-122.30055942819,47.7338182036921],[-122.30058479527,47.7338184072362],[-122.301814781699,47.7338282552942],[-122.301838657617,47.733828446272],[-122.301940127286,47.73382925836],[-122.302665804153,47.733837512962],[-122.302799282576,47.7338390310368],[-122.302939030355,47.7338406202095],[-122.303597810895,47.7338481079262],[-122.304522565539,47.7338586116011],[-122.304572783056,47.7338591819151],[-122.304842806763,47.7338622476492],[-122.304898646683,47.7338628811227],[-122.304972140864,47.7338637158953],[-122.305354479439,47.7338680552108],[-122.30599320942,47.7338753020864],[-122.306077508265,47.7338762584267],[-122.306134788837,47.7338769077779],[-122.306161664381,47.7338772129494],[-122.307321409205,47.7338903654624],[-122.307344395267,47.7338906324586],[-122.307367380844,47.7338908823642],[-122.30754688076,47.7338929201223],[-122.307581997191,47.7338933181565],[-122.30804379964,47.7338985464813],[-122.308695429132,47.7339059200152],[-122.3100466429,47.7339212063442],[-122.31228524982,47.7339464966198],[-122.312630070754,47.7339503885384],[-122.312748593943,47.7339517255026],[-122.313204023285,47.7339560404483],[-122.315441925062,47.7339772018798],[-122.316416321533,47.7339864279684],[-122.316758881632,47.7339896603119],[-122.31811605956,47.7340024831663],[-122.319725949138,47.7340176526723],[-122.320495038513,47.7340248908242],[-122.320799811344,47.7340277571984],[-122.320944828328,47.7340291224687],[-122.321104586952,47.7340306254214],[-122.321717418199,47.7340363903914],[-122.322217518187,47.7340410894999],[-122.3225323259,47.7340440514534],[-122.32299690314,47.7340484165917],[-122.323483502116,47.7340529815166],[-122.323587818184,47.7340537731554],[-122.323703227162,47.7340546446528],[-122.324144170888,47.7340579726235],[-122.324455826414,47.7340603245583],[-122.324521433527,47.7340608189437],[-122.324659570528,47.7340609479268],[-122.324687401951,47.7340616977338],[-122.324724106457,47.7340623567024],[-122.324868675472,47.7340634808517],[-122.32489865769,47.7340637157972],[-122.324928677,47.7340639421532],[-122.324980806306,47.7340643345511],[-122.325107928002,47.7340661552616],[-122.325247476183,47.7340663415423],[-122.325316920588,47.7340668644429],[-122.325545773934,47.7340685863454],[-122.325595633322,47.7340691988748],[-122.325626132442,47.7340692307532],[-122.325653843996,47.7340694745176],[-122.325698739276,47.7340698712752],[-122.325739552319,47.7340702530595],[-122.325913044352,47.7340718727519],[-122.325961583671,47.7340722559051],[-122.326005888042,47.7340726000014],[-122.32606185903,47.7340730342891],[-122.32617783575,47.7340739354362],[-122.326380821992,47.7340755111322],[-122.328200593665,47.7340896217269],[-122.328761280398,47.7340939640862],[-122.328879836528,47.7340948745486],[-122.329004108161,47.7340958367839],[-122.330228758351,47.7341053037632],[-122.331461838622,47.734114825896],[-122.33157783419,47.734115721308],[-122.331947304171,47.7341185698751],[-122.332921759358,47.7341260790727],[-122.333028459762,47.7341269000037],[-122.333747806778,47.7341324376694],[-122.334145764112,47.7341354999106],[-122.334275943268,47.734136501019],[-122.335332382758,47.734135757095],[-122.335544818543,47.734135607851],[-122.335924750946,47.7341353388509],[-122.336981269034,47.7341345786205],[-122.337926878844,47.734133892594],[-122.338037588842,47.7341338238147],[-122.338074769512,47.7341339225504],[-122.33814145789,47.7341337966036],[-122.338245810528,47.734133707142],[-122.33863002719,47.734133375303],[-122.339686686651,47.7341325935466],[-122.340194813004,47.7341322131221],[-122.340478802462,47.7341319990638],[-122.340742553974,47.7341318016755],[-122.340811428746,47.7341317478272],[-122.341032354632,47.7341315805067],[-122.341335136708,47.7341313533991],[-122.342391905286,47.7341305415421],[-122.343073359432,47.7341300149023],[-122.343423807459,47.7341297423521],[-122.344003970251,47.7341292899126],[-122.344914236358,47.7341285732644],[-122.345074114858,47.7341284469705],[-122.345097103788,47.734128428347],[-122.345279992661,47.7341284699703],[-122.345391671042,47.7341284954667],[-122.346298803715,47.7341286936221],[-122.346420395384,47.7341287206549],[-122.346501539159,47.7341287381078],[-122.347412218985,47.7341289289296],[-122.347635881108,47.7341289751825],[-122.34780152903,47.7341290068638],[-122.347965216763,47.7341290400453],[-122.349318514742,47.7341292987902],[-122.349500107413,47.734129331984],[-122.350505970089,47.7341295129587],[-122.35152385335,47.7341296995877],[-122.351671317695,47.7341297256879],[-122.351772301115,47.7341297343739],[-122.353038648384,47.7341299496117],[-122.353547595236,47.7341300286442],[-122.354258600075,47.7341301343429],[-122.354928484962,47.734130230017],[-122.355373583594,47.7341302917233],[-122.355571341066,47.7341303190471],[-122.355693247201,47.7341305551021],[-122.356170116511,47.7341314787872],[-122.358193852356,47.7341353752123],[-122.359168073536,47.7341372378432],[-122.360217592477,47.7341392347825],[-122.360929884797,47.7341405852011],[-122.361049555932,47.7341408121805],[-122.361133769933,47.7341409715185],[-122.361162028407,47.7341410248095],[-122.361954133921,47.7341425177707],[-122.361977123451,47.734142561409],[-122.362033981803,47.734142668388],[-122.362095196948,47.7341427835145],[-122.362156412094,47.7341428986081],[-122.364150443431,47.7341466341184],[-122.366288804065,47.7341506018183],[-122.366426828868,47.7341508436657],[-122.366693946227,47.734151312],[-122.367682406691,47.7341530409393],[-122.368450567562,47.7341543781902],[-122.368690582769,47.7341547954924],[-122.370335185508,47.7341576384407],[-122.370474305225,47.7341578777294],[-122.371668196275,47.7341599250631],[-122.37208412188,47.7341606352928],[-122.372158843338,47.7341607625204],[-122.372498045798,47.7341613404311],[-122.374202263726,47.7341642299491],[-122.374239877165,47.7341642930598],[-122.374318956763,47.7341644265663],[-122.374413368459,47.7341645858621],[-122.374468686906,47.7341653686655],[-122.374521786666,47.7341647681296],[-122.374587599876,47.7341648791949],[-122.374616738458,47.7341649280557],[-122.374655738117,47.7341639818232],[-122.37488452439,47.7341584285631],[-122.37504371971,47.7341545639929],[-122.37549725442,47.7341435532311],[-122.375848886544,47.734135015459],[-122.381217069271,47.7340045376751],[-122.432578779607,47.7329782212],[-122.424713655,47.7470417688552],[-122.383606810571,47.7490895917988],[-122.382953625183,47.7491220110225],[-122.382246483873,47.7488459140205]]],[[[-122.318469720681,47.5318233060608],[-122.318041679387,47.531817767794],[-122.318012485653,47.5318210739035],[-122.317026655103,47.5318106396058],[-122.316908770583,47.5318095323406],[-122.316871906759,47.5318091860581],[-122.316646797618,47.5318070712097],[-122.316607811943,47.531806705764],[-122.316525381627,47.5318059340851],[-122.316486366691,47.5318055671805],[-122.316424202388,47.5318049815745],[-122.316385166208,47.5318046149125],[-122.316323021901,47.531804031689],[-122.316283961822,47.5318036653041],[-122.316221846729,47.531803081644],[-122.31618276007,47.5318027146717],[-122.316120666276,47.5318021324776],[-122.316081557019,47.5318017648658],[-122.316019487128,47.5318011823044],[-122.315980356627,47.5318008149351],[-122.315918307984,47.5318002320412],[-122.315879150877,47.5317998631849],[-122.315817127439,47.5317992790073],[-122.315777950442,47.5317989112754],[-122.315715948327,47.5317983294632],[-122.315676746078,47.5317979611262],[-122.315614769194,47.5317973789297],[-122.315575545701,47.531797010835],[-122.31551359272,47.5317964282714],[-122.315474341319,47.5317960596063],[-122.315412413595,47.5317954775577],[-122.315373140899,47.5317951073362],[-122.315311233068,47.5317945240734],[-122.315271936498,47.531794155028],[-122.315210053975,47.5317935740788],[-122.315170734809,47.5317932043935],[-122.315108874861,47.5317926230948],[-122.315069530978,47.531792271689],[-122.315007695752,47.5317917188001],[-122.314968331212,47.5317913415401],[-122.314886267166,47.5317905549004],[-122.314846883988,47.5317901760422],[-122.314764842493,47.5317893881211],[-122.314725439629,47.5317890175739],[-122.314663596927,47.5317884349085],[-122.314628289029,47.5317881035965],[-122.31456235277,47.5317874842862],[-122.314531134474,47.5317871904873],[-122.314478312101,47.5317866934345],[-122.314433979897,47.5317862763957],[-122.314359864337,47.5317855782746],[-122.314336829282,47.5317853612698],[-122.314266180222,47.5317846961668],[-122.314239670728,47.5317844470641],[-122.314157375971,47.5317836737006],[-122.314056130428,47.5317827199467],[-122.313985531883,47.5317820558101],[-122.313948211022,47.5317817037406],[-122.313853642032,47.531780813033],[-122.313753548751,47.5317868006341],[-122.31365646225,47.5317845409822],[-122.313589279815,47.5317829774664],[-122.313561858674,47.5317823388595],[-122.313334516813,47.5317821321114],[-122.31328296204,47.5317758479302],[-122.313137044806,47.531774493769],[-122.311948212232,47.5317634557842],[-122.31138934702,47.5317582626448],[-122.309744041894,47.5317429573286],[-122.309396617458,47.5317401667056],[-122.309302686167,47.5317394114627],[-122.30898972586,47.5317368960534],[-122.308922032564,47.5317363736583],[-122.308583288439,47.5317337592853],[-122.30848954669,47.5317330350943],[-122.308427959642,47.5317325599671],[-122.307785979565,47.5317276014412],[-122.307134040465,47.5317225624673],[-122.305528875852,47.5317100912386],[-122.305099108339,47.5317039724603],[-122.30508893134,47.5316572844906],[-122.305076622391,47.5316108301458],[-122.305062193442,47.5315646560497],[-122.305045659047,47.5315188069932],[-122.305027033783,47.5314733286664],[-122.305006336111,47.5314282631104],[-122.304983589802,47.5313836522976],[-122.304958809358,47.5313395392199],[-122.304932023988,47.5312959702771],[-122.304903258612,47.531252981129],[-122.304872539758,47.5312106173103],[-122.304839900489,47.5311689206727],[-122.304824206734,47.5311502916595],[-122.304805367079,47.5311279277578],[-122.304768969859,47.5310876777537],[-122.304730755146,47.5310482114404],[-122.304690747959,47.5310095680747],[-122.304648997066,47.530971781208],[-122.304605534075,47.5309348882125],[-122.304560405223,47.5308989271702],[-122.304513651209,47.5308639281388],[-122.304465318245,47.5308299283011],[-122.304415452389,47.5307969594444],[-122.304364106315,47.5307650523708],[-122.304311320769,47.5307342389364],[-122.304257151002,47.5307045472111],[-122.304182290339,47.5306595934971],[-122.304106094944,47.5306156771628],[-122.304028598621,47.5305728193584],[-122.303949832389,47.5305310367721],[-122.30386982599,47.5304903479079],[-122.303788615704,47.5304507675868],[-122.303706235231,47.5304123133622],[-122.303622716967,47.5303750037039],[-122.303538098392,47.5303388489195],[-122.303452407918,47.5303038675305],[-122.303365689765,47.530270073356],[-122.303277972244,47.5302374813203],[-122.303189294134,47.5302061008152],[-122.303099695772,47.5301759493086],[-122.303009209324,47.5301470371772],[-122.302917874948,47.5301193755943],[-122.302825726214,47.5300929776176],[-122.302732808565,47.5300678534525],[-122.302647742754,47.5300401051844],[-122.302563418927,47.5300113460017],[-122.302479856004,47.5299815873564],[-122.302397075463,47.5299508370689],[-122.302315113384,47.5299191027708],[-122.302233985041,47.5298865021143],[-122.302164306364,47.5298589440764],[-122.302095678223,47.5298302011343],[-122.302028148827,47.5298002870603],[-122.301961764007,47.5297692255532],[-122.30189655744,47.5297370332722],[-122.301832580244,47.5297037329481],[-122.301769867523,47.5296693448203],[-122.3017084611,47.5296338917399],[-122.301648401467,47.5295973965754],[-122.301589729117,47.5295598821953],[-122.301532475298,47.5295213733867],[-122.301476684433,47.5294818911682],[-122.301422389252,47.5294414657054],[-122.301369622378,47.529400123567],[-122.301318417639,47.529357886808],[-122.301268811719,47.5293147846434],[-122.301220834612,47.5292708445754],[-122.301174517691,47.5292260958875],[-122.301129888294,47.5291805661162],[-122.301069774567,47.5291116029439],[-122.301011613272,47.5290418768463],[-122.300955432917,47.5289714099479],[-122.300901243528,47.5289002282107],[-122.300849075117,47.528828360037],[-122.300798945624,47.5287558294869],[-122.300750866423,47.5286826634043],[-122.300704859536,47.5286088893948],[-122.300660941648,47.5285345342333],[-122.300619126739,47.5284596229307],[-122.300579432997,47.5283841885392],[-122.300541871619,47.5283082516075],[-122.300506463374,47.5282318424556],[-122.300473211692,47.5281549889288],[-122.300442130679,47.5280777205335],[-122.300413238294,47.5280000622285],[-122.300386540751,47.5279220463205],[-122.300362045462,47.527843700603],[-122.300339767709,47.5277650491692],[-122.300319704408,47.5276861244457],[-122.300301877603,47.5276069549361],[-122.300286280155,47.5275275704204],[-122.300270768903,47.5274528510217],[-122.300253384871,47.5273783177314],[-122.300234131355,47.5273039929964],[-122.300213014407,47.5272299028261],[-122.300190047793,47.5271560641341],[-122.300165229548,47.5270825012341],[-122.300137978345,47.5270031880058],[-122.300108713594,47.526924201236],[-122.300077441348,47.5268455669334],[-122.300044177006,47.5267673127854],[-122.300008927644,47.5266894539923],[-122.299971701996,47.5266120174274],[-122.299730653591,47.526162629761],[-122.299709030213,47.5261149187542],[-122.299689325968,47.5260668267305],[-122.299671564409,47.526018388471],[-122.299655753156,47.5259696389628],[-122.299641901308,47.5259206185712],[-122.299630025754,47.5258713612637],[-122.299620128828,47.5258219029949],[-122.299612223535,47.5257722813805],[-122.299608839092,47.5257367215531],[-122.299605454679,47.5257011626249],[-122.299606481851,47.5256655377604],[-122.29960751035,47.5256299128789],[-122.299612945455,47.5255944704149],[-122.299618380578,47.5255590288499],[-122.299628185517,47.5255240202656],[-122.299637991769,47.5254890116632],[-122.29965398934,47.5254485102463],[-122.299667028376,47.5254205397742],[-122.299683477382,47.5253866913727],[-122.299703836434,47.5253538351356],[-122.299724195486,47.5253209797942],[-122.299748550776,47.5252893952776],[-122.299772906061,47.5252578116552],[-122.299801088552,47.525227722338],[-122.299829268431,47.5251976357459],[-122.299861075518,47.5251692520456],[-122.299892882596,47.5251408692358],[-122.299928090257,47.5251143955493],[-122.299963300487,47.525087920019],[-122.300025449388,47.5250444135771],[-122.300089151013,47.5250019539791],[-122.300154371476,47.5249605641497],[-122.300221068925,47.524920267117],[-122.300271017731,47.5248915482837],[-122.300289205619,47.5248810903536],[-122.300358738379,47.5248430569047],[-122.300429624003,47.524806188916],[-122.300501821916,47.5247705076],[-122.300575292901,47.524736035051],[-122.300649984486,47.5247027944345],[-122.300725859957,47.5246708024151],[-122.300802869322,47.5246400758291],[-122.300880962843,47.5246106405056],[-122.300960101101,47.5245825113453],[-122.301040235332,47.5245557015705],[-122.301121310311,47.5245302307845],[-122.301203285216,47.5245061112073],[-122.301286107453,47.524483361509],[-122.301369728235,47.5244619940129],[-122.301287109607,47.5244638658914],[-122.300973327827,47.52445332414],[-122.300756877587,47.5244539738753],[-122.299915121094,47.5244382653591],[-122.298897147107,47.5244192592091],[-122.297417415519,47.5243916162038],[-122.296890938869,47.5243817765124],[-122.296678052615,47.5243777971964],[-122.295529007134,47.5243563110627],[-122.295324834101,47.5243524923396],[-122.293973066635,47.5243271986044],[-122.293821126246,47.5243224446935],[-122.293720769657,47.5243242287518],[-122.293660703264,47.5243235219773],[-122.293592571168,47.5243225752037],[-122.293463970908,47.524321513214],[-122.293399394432,47.5243209074513],[-122.293324157048,47.5243202011721],[-122.293191533082,47.5243171637889],[-122.293033124908,47.5243157763798],[-122.292975888488,47.5243146334576],[-122.292822439002,47.5243115681593],[-122.292725332966,47.5243096284151],[-122.29253653335,47.5243058572757],[-122.292289575138,47.5243009238127],[-122.291642662635,47.5242879969608],[-122.29149266655,47.5242848405564],[-122.291275606614,47.5242806051342],[-122.291269548947,47.5242352567177],[-122.291275466516,47.5241229512757],[-122.291273600162,47.5237297154459],[-122.291273384133,47.523684104042],[-122.291272458843,47.5234891682767],[-122.291272189234,47.5232769832784],[-122.291272137179,47.5232358569708],[-122.291272085276,47.5231947360588],[-122.291271761366,47.5229399674314],[-122.291271713794,47.5229028946602],[-122.29127153141,47.5227592067231],[-122.291270982874,47.5223280457736],[-122.291270930821,47.5222869194662],[-122.291270878768,47.5222457931587],[-122.291270373449,47.521847798078],[-122.291270322336,47.5218074175263],[-122.291270007209,47.5215588497251],[-122.291269909282,47.5214818506904],[-122.291269805406,47.5213996061694],[-122.291269724611,47.5213360865089],[-122.291269425509,47.5211004835259],[-122.291269401789,47.5210816408261],[-122.291268383469,47.5209979920728],[-122.291269193317,47.5209171733841],[-122.291268844541,47.5206422855435],[-122.291268720156,47.5205446365499],[-122.291268262724,47.5201846741118],[-122.291268197669,47.5201332070794],[-122.291267975762,47.5199585257618],[-122.291267681622,47.5197262332418],[-122.291267597929,47.5196608055694],[-122.291267391398,47.5194980689325],[-122.291267235903,47.5193752828396],[-122.291267181715,47.5193329879809],[-122.291267089404,47.5192608898914],[-122.291267052059,47.5192311145381],[-122.291267001122,47.5191911199128],[-122.291270927395,47.5191539709487],[-122.29126482874,47.5191366203918],[-122.291267544601,47.5190476016824],[-122.291268518962,47.518890146729],[-122.291268994119,47.5188133634404],[-122.291269978796,47.5186542359999],[-122.291270344649,47.5185950529726],[-122.291270834552,47.5185159008502],[-122.291271023443,47.5184853831228],[-122.291272094724,47.5183121650487],[-122.291269779577,47.517937867058],[-122.291263893015,47.5169858635487],[-122.291264961518,47.5168890358731],[-122.291268906522,47.5165313648883],[-122.291286685491,47.5159537694475],[-122.291290019204,47.5154150062049],[-122.291292473219,47.5150184206067],[-122.291293256086,47.5148919170225],[-122.291298121198,47.5141055248584],[-122.291299472948,47.513886886924],[-122.291299756047,47.5138412223365],[-122.29130034559,47.5137458851477],[-122.291300630512,47.5136997635405],[-122.291300784593,47.5136748867469],[-122.291300885216,47.5136586386948],[-122.291301164859,47.5136134203529],[-122.291301285106,47.5135938858133],[-122.291301680315,47.5135300101011],[-122.291302381228,47.5134168153396],[-122.291304049062,47.5133062412925],[-122.291304658847,47.5132658009817],[-122.291309638977,47.5129355238965],[-122.291316490119,47.512481146482],[-122.291320614375,47.5122075830163],[-122.291321867811,47.5121244493634],[-122.291327461547,47.511753450343],[-122.291328283332,47.5116989420781],[-122.29132927707,47.5116330156928],[-122.291336664705,47.511215115532],[-122.291333366951,47.5108398712011],[-122.291332111614,47.5106970381729],[-122.291338071222,47.5101476547459],[-122.290255037374,47.5101228888137],[-122.290049661373,47.5101181915579],[-122.289844303907,47.5101131104645],[-122.287560852499,47.5100565831449],[-122.287502729886,47.5100555173844],[-122.286531151522,47.510037698276],[-122.286211913796,47.5100318412389],[-122.286135742093,47.5100297822249],[-122.286110351085,47.5100290958812],[-122.286049119802,47.5100275833609],[-122.285971923335,47.5100256758836],[-122.285925947708,47.5100245394089],[-122.285873075023,47.510023232944],[-122.285755783618,47.5100203348952],[-122.285538990252,47.5100149775652],[-122.285322791625,47.5100100440251],[-122.285174622102,47.5100066630436],[-122.285103043062,47.5100050295096],[-122.284883286578,47.5100000146708],[-122.284671032675,47.5099951707102],[-122.284422265236,47.5099894929792],[-122.283902604224,47.5099776304469],[-122.283616030668,47.5099710871295],[-122.2833633255,47.5099653161302],[-122.28320396159,47.5099616778865],[-122.282965702809,47.5099563045133],[-122.282781380259,47.5099521476292],[-122.282603016373,47.5099481240133],[-122.282520691224,47.5099462670467],[-122.282461768932,47.5099449381351],[-122.281275935386,47.5099181814003],[-122.28075902606,47.5099065141116],[-122.278643008529,47.5098587288383],[-122.278602596062,47.5098578154716],[-122.278562861177,47.5098569177571],[-122.278404792397,47.5098482401583],[-122.278395115142,47.5096370616248],[-122.278382815575,47.5084609744324],[-122.278343387915,47.5081312919101],[-122.278330841451,47.5079917073725],[-122.278243952824,47.5079928848755],[-122.278197047811,47.5079931595926],[-122.278148481061,47.507992926469],[-122.278112039064,47.5079927513783],[-122.278051399941,47.5079912360423],[-122.27798713166,47.5079878309095],[-122.277926780462,47.5079831938442],[-122.277866517039,47.5079771720517],[-122.27780280736,47.507969248235],[-122.27773564759,47.5079591399642],[-122.27767310972,47.5079480318943],[-122.277638203173,47.5079409291256],[-122.277611066271,47.5079354079803],[-122.27758416026,47.5079292109945],[-122.27754585368,47.5079203882289],[-122.277485356584,47.5079046796582],[-122.27742951636,47.5078886104741],[-122.277389303407,47.5078757178365],[-122.277324153275,47.5078536002524],[-122.277300806796,47.5078456747963],[-122.277273077085,47.5078345656218],[-122.277224287629,47.5078150188114],[-122.277196426389,47.5078038573152],[-122.27716563146,47.5077906037668],[-122.277135483014,47.5077767707478],[-122.27709590559,47.5077576717123],[-122.277057109108,47.5077378619503],[-122.277022183899,47.5077190968704],[-122.27698196267,47.5076961152284],[-122.27695183204,47.5076777911525],[-122.276930746563,47.5076649682673],[-122.276910138283,47.5076518775298],[-122.276868816291,47.5076256272159],[-122.276827498397,47.5075993795342],[-122.276795029853,47.5075787542821],[-122.276745073311,47.5075467213211],[-122.27670393108,47.5075203400223],[-122.276662787539,47.5074939578263],[-122.276621645392,47.5074675764977],[-122.276580503287,47.5074411951543],[-122.276539359871,47.5074148129134],[-122.276498215144,47.5073884297754],[-122.276457069107,47.50736204574],[-122.276415927168,47.5073356643369],[-122.276374783919,47.5073092820365],[-122.276333639359,47.5072828988388],[-122.276292497545,47.5072565173911],[-122.276257231449,47.507233904346],[-122.276213878589,47.5072066873521],[-122.276165414973,47.5071787769159],[-122.276140776413,47.5071645875655],[-122.276121539871,47.5071545621769],[-122.276070344889,47.5071278828649],[-122.275950911287,47.5070738329921],[-122.275900585045,47.5070544095039],[-122.275868935387,47.5070421938096],[-122.275829810704,47.5070280003875],[-122.275771578181,47.5070088122094],[-122.275708917733,47.5069900004977],[-122.275652521208,47.5069747867434],[-122.275622035905,47.5069673663314],[-122.275595384177,47.506960879583],[-122.275544971907,47.5069501444277],[-122.275502140851,47.5069419137052],[-122.275453495456,47.5070622082584],[-122.2754505608,47.5071447978146],[-122.275446417585,47.5075217593932],[-122.275441449112,47.5078442150589],[-122.275436475294,47.5081666716919],[-122.275431505445,47.5084891300736],[-122.275428972306,47.5086532970563],[-122.275426531578,47.5088115894059],[-122.275424675499,47.508931977967],[-122.275421561532,47.5091340450912],[-122.275416588845,47.5094565035087],[-122.275413830361,47.5096349436377],[-122.275411515032,47.5097846684455],[-122.275126561508,47.5097782738792],[-122.274883888006,47.5097727749946],[-122.27463848561,47.5097672112691],[-122.274398541081,47.5097617729719],[-122.274155871714,47.5097562724813],[-122.274064854796,47.5097542281948],[-122.273994082849,47.5097526044181],[-122.273694774085,47.5097458171216],[-122.273632853643,47.5097444146084],[-122.273452660187,47.5097403269771],[-122.273207703278,47.5097347743062],[-122.273142036164,47.5097332813895],[-122.272963596543,47.5097292346197],[-122.27279542544,47.5097254208553],[-122.2727384898,47.5097241300947],[-122.272253204909,47.5097131208289],[-122.271703088938,47.5097006375412],[-122.271557865012,47.5096962371467],[-122.271417098306,47.5096941469605],[-122.271197058928,47.5096891515385],[-122.270801512513,47.5096801745576],[-122.270656284632,47.5096768768647],[-122.270227693021,47.5096671457297],[-122.270187344608,47.5096662303614],[-122.270088845233,47.5096640499621],[-122.270065971147,47.5096634739294],[-122.270067682829,47.5095541623461],[-122.270067925953,47.5095386538607],[-122.270071733323,47.5093367124133],[-122.270084551335,47.508784631973],[-122.270093831309,47.5081646868074],[-122.270123310281,47.5070267775904],[-122.270124208718,47.5069854748391],[-122.270132963829,47.5065828720276],[-122.270137145967,47.5061640174267],[-122.270142434559,47.506147321511],[-122.270138436689,47.5060919049],[-122.270142075835,47.5058596447482],[-122.270153932441,47.5051029106344],[-122.270156315384,47.5050293881176],[-122.270155590038,47.5049377385193],[-122.270155276462,47.5048975495079],[-122.270164310744,47.5044767227769],[-122.270178409994,47.5038296739215],[-122.270181078882,47.5037071783639],[-122.270190013818,47.503297069756],[-122.270186628839,47.5032243839777],[-122.27019751592,47.502720987017],[-122.27019661622,47.5026474367675],[-122.27019921926,47.5026309502479],[-122.270200111605,47.5026131818624],[-122.270204107989,47.5025541835707],[-122.270205015784,47.5022150204943],[-122.270208909496,47.50193560578],[-122.270220557383,47.5019197118877],[-122.270215654445,47.5016714534886],[-122.270215594453,47.5015065415017],[-122.270215552084,47.5014588041614],[-122.270216494858,47.5014433003163],[-122.270216775307,47.5013961013465],[-122.270337468169,47.5014200433392],[-122.270593851362,47.5014822835587],[-122.270869339706,47.5015507881084],[-122.270696204587,47.5007947647056],[-122.270755339727,47.5008083484691],[-122.270680861444,47.500403861119],[-122.270496554958,47.5003584030461],[-122.270231909741,47.5002854181229],[-122.27023212789,47.5002696328783],[-122.270233384605,47.5002133500447],[-122.270234332684,47.5001978470318],[-122.270234985592,47.5001493758205],[-122.270247774387,47.4991999089074],[-122.270248076795,47.4991774988831],[-122.27024949397,47.4990722670885],[-122.27025161347,47.4989148670241],[-122.270259824629,47.4983052141517],[-122.270260345904,47.4982665160007],[-122.27026800928,47.4976974966436],[-122.270269079386,47.4976181145883],[-122.270269629627,47.4975819133447],[-122.270270066277,47.497553151385],[-122.270272455206,47.4973959953002],[-122.270273079654,47.4973548759346],[-122.270273473767,47.4973289059546],[-122.270276998517,47.4970969702074],[-122.270277448186,47.497059239127],[-122.270277804519,47.4970293932731],[-122.270278130802,47.4970020216838],[-122.270278409509,47.496978704269],[-122.270280896847,47.4967701081331],[-122.270281732082,47.496700075836],[-122.270283272031,47.4965708826922],[-122.270284226315,47.4964909119691],[-122.270285202273,47.4964090302333],[-122.270285418165,47.4963909483531],[-122.270285854686,47.4963543302375],[-122.270286699826,47.4962834054175],[-122.270287279491,47.4962428776525],[-122.270287644122,47.4962174280113],[-122.270288146961,47.4961823014835],[-122.270289048755,47.4961192617907],[-122.270290042876,47.4960497456492],[-122.270290298804,47.4960318161934],[-122.270290816807,47.4959956504422],[-122.270291721875,47.4959323444281],[-122.270292432831,47.4958826598297],[-122.270292941179,47.4958471554027],[-122.270293359983,47.4958178431172],[-122.270294400281,47.4957450896509],[-122.27029501093,47.4957023628852],[-122.270295273687,47.4956840069352],[-122.270295761683,47.4956498836431],[-122.27029608874,47.4956270208112],[-122.270296535539,47.4955958343165],[-122.270297676118,47.4955160744398],[-122.270149537481,47.4955173716826],[-122.270084628796,47.4955179402937],[-122.269620636226,47.4955220035934],[-122.269584886806,47.4955223163909],[-122.26948175243,47.4955232197713],[-122.269422453167,47.4955237386399],[-122.269238927537,47.4955254957761],[-122.269207316576,47.4955257983968],[-122.268872953764,47.4955289982337],[-122.268690453872,47.4955307442127],[-122.268485295093,47.4955327070463],[-122.268428924579,47.4955332468491],[-122.268397320244,47.4955335491604],[-122.268358426387,47.4955338176533],[-122.268150932707,47.4955352480471],[-122.2680618963,47.4955358613257],[-122.267847128677,47.4955373417001],[-122.267772480888,47.4955378557182],[-122.267040807654,47.4955520909596],[-122.266911980647,47.4955477308599],[-122.266855231401,47.495547289608],[-122.266268680868,47.4955533192487],[-122.265560294689,47.4955605958488],[-122.264969013099,47.4955666667572],[-122.26485840111,47.4955677942629],[-122.264329804229,47.4955731776271],[-122.264267766561,47.4955729222809],[-122.264204148346,47.4955744212351],[-122.264055012589,47.4955759542847],[-122.259640947727,47.495621232158],[-122.259640354062,47.4956633459208],[-122.259637411128,47.4958718831371],[-122.259635754347,47.4959893717791],[-122.259635416577,47.4960048795915],[-122.25963321445,47.4961063605467],[-122.259608234338,47.4972582916003],[-122.259606297661,47.4973476903984],[-122.259605017995,47.4974146649085],[-122.259601802113,47.4975745502182],[-122.259582334432,47.4985424742368],[-122.259574945206,47.4989099514542],[-122.259571616851,47.4990754867149],[-122.259557553484,47.4997813195685],[-122.259553589444,47.4999802574702],[-122.259550082648,47.500156309404],[-122.259538266444,47.5007395032305],[-122.259536988407,47.5008026121728],[-122.259534446663,47.5009313442372],[-122.259531475997,47.5010817672554],[-122.259530390641,47.5011367297705],[-122.259528842891,47.5012151198726],[-122.259527012786,47.5013077459672],[-122.259526492769,47.5013334835307],[-122.259524024029,47.5014556647482],[-122.259511944988,47.5020533929849],[-122.259505065954,47.5023938382466],[-122.25950399227,47.5024468997769],[-122.259503203827,47.5024858791087],[-122.259502319233,47.5025297399351],[-122.25938087442,47.5025349480807],[-122.25912219749,47.5025460416919],[-122.259034057545,47.5025498219392],[-122.258836744709,47.5025582831801],[-122.258633752597,47.5025669880843],[-122.258438455139,47.5025753621627],[-122.258236250523,47.5025840321826],[-122.258186737937,47.5025861548888],[-122.258033711684,47.5025927159304],[-122.257831106496,47.5026014028473],[-122.257626521513,47.5026101736074],[-122.257584369476,47.5026119806287],[-122.257423100691,47.5026188943141],[-122.257339698272,47.5026224698947],[-122.257218775484,47.5026276538833],[-122.257094100092,47.5026329981424],[-122.257017110148,47.5026362987726],[-122.256848219388,47.5026435383954],[-122.256825137796,47.5026445285268],[-122.256674116072,47.5026510005319],[-122.256534496591,47.5026569848852],[-122.256296645893,47.5026671795093],[-122.256058816311,47.5026773724699],[-122.25582209518,47.5026875177609],[-122.255576790758,47.5026980300438],[-122.255337131023,47.5027083001865],[-122.254947060342,47.5027250138862],[-122.254676074917,47.5027366247697],[-122.254280738272,47.5027535622162],[-122.254172125478,47.5027582155823],[-122.254035593684,47.5027640646642],[-122.253816577853,47.502773446293],[-122.25371151866,47.5027779468136],[-122.253649544785,47.5027828259232],[-122.253567219195,47.5027864734179],[-122.253320813872,47.502797391305],[-122.253109788818,47.5028067418109],[-122.253067452508,47.502808616925],[-122.252826490017,47.5028192929653],[-122.25259181247,47.5028296911313],[-122.252331712295,47.5028412134334],[-122.251988758473,47.5028564051759],[-122.251709199656,47.502868788066],[-122.251654473552,47.5028712123291],[-122.251554790949,47.502875627502],[-122.251518711761,47.5028772268794],[-122.251390065117,47.5028829787929],[-122.251005336424,47.5028999657505],[-122.25086268951,47.502905138894],[-122.250761147098,47.5027630045553],[-122.250734597533,47.5027167101951],[-122.250703192699,47.5026619492171],[-122.250622344534,47.5025209724145],[-122.25055644076,47.5023720284896],[-122.250503739245,47.5022208210206],[-122.250073890388,47.5008049738149],[-122.249642000349,47.4993415093734],[-122.249042038446,47.4993581392588],[-122.248890628971,47.4993580217568],[-122.248814077919,47.4993607482648],[-122.248702499809,47.4993572885622],[-122.248671556407,47.4993587456814],[-122.24845813728,47.4993557436924],[-122.248188092361,47.4993519472894],[-122.248092830703,47.4993506118132],[-122.247908164926,47.499348017879],[-122.247820229606,47.4993467825145],[-122.247674829158,47.4993447389794],[-122.247453285753,47.4993416248958],[-122.247223682931,47.4993383966346],[-122.246985793584,47.4993350497778],[-122.246763829305,47.4993319287949],[-122.246695865311,47.4993309729138],[-122.246533626321,47.4993286904178],[-122.246451455794,47.4993275360753],[-122.246309695378,47.4993255408488],[-122.246205832518,47.4993240805292],[-122.246086512081,47.4993224004277],[-122.245960209275,47.4993206244518],[-122.245849089026,47.4993190588838],[-122.245712560884,47.499317138159],[-122.245631637335,47.499316000098],[-122.245404345397,47.4993128005904],[-122.245176260725,47.499309590694],[-122.245132605184,47.499308975729],[-122.244736746733,47.4993034014999],[-122.244517575426,47.499300315179],[-122.244291963463,47.4992971357476],[-122.244071176068,47.4992940254675],[-122.243849198868,47.4992908989525],[-122.243650222014,47.4992880953498],[-122.243545080418,47.4992866124976],[-122.243440812659,47.4992851429849],[-122.243209052408,47.4992818767314],[-122.243139453899,47.4992808985372],[-122.242991948924,47.4992788166675],[-122.242764265598,47.4992756077428],[-122.242532566475,47.4992723393509],[-122.242316212015,47.4992692875915],[-122.242092235063,47.4992661275845],[-122.241877141263,47.499268070055],[-122.241734556975,47.4992637152237],[-122.241600107429,47.4992596083627],[-122.241578048246,47.4992553993026],[-122.241458695578,47.4992575235983],[-122.241357850004,47.4992563920601],[-122.241107946923,47.4992535857891],[-122.240876223597,47.4992509836137],[-122.240851328645,47.4995530032449],[-122.240853179176,47.4995706113319],[-122.240859916604,47.4996347125223],[-122.240858807247,47.4997169558173],[-122.240856738604,47.4998703306349],[-122.240854619864,47.5000274564561],[-122.24085248665,47.5001857186365],[-122.240850546673,47.5003295994063],[-122.240848516461,47.5004801211542],[-122.240846514189,47.5006286292777],[-122.240844423704,47.5007836074323],[-122.240842361879,47.500936549464],[-122.240840406679,47.5010815405146],[-122.240838376627,47.501232070357],[-122.240836359989,47.5013816221811],[-122.240835231491,47.5014653230465],[-122.240834501051,47.5015461151076],[-122.240834342818,47.5015635645792],[-122.240834047321,47.5015962403805],[-122.24083294021,47.5017185045216],[-122.240832405866,47.5017775942891],[-122.240832189602,47.5018014513462],[-122.240831587409,47.5018680112344],[-122.240830639785,47.5019727251346],[-122.240830201862,47.5020211248018],[-122.240829404845,47.5021091395814],[-122.240828848431,47.5021705595557],[-122.240828329035,47.5022279902977],[-122.24082749054,47.5023205179252],[-122.240826571802,47.5024220730139],[-122.240824740733,47.5026242898212],[-122.240822410467,47.5028817358286],[-122.240971047187,47.5028856840528],[-122.241116433104,47.502889546442],[-122.241240962874,47.5028928540049],[-122.241382276688,47.5028946309198],[-122.241796944773,47.502899844438],[-122.241864814885,47.5029006974211],[-122.242255193917,47.5029056033241],[-122.242379688669,47.5029071675714],[-122.242511694942,47.502909280773],[-122.242945785884,47.5029162299596],[-122.243130164171,47.5029191811285],[-122.243325458801,47.5029220783145],[-122.243489775894,47.5029245151444],[-122.243530221341,47.5029251148689],[-122.243573811708,47.5029257618827],[-122.243702220095,47.5029276655995],[-122.243830629843,47.5029295700539],[-122.244105969497,47.5029336531087],[-122.244146086919,47.5029342476935],[-122.244243395633,47.5029356906669],[-122.244448228664,47.5029387264908],[-122.244819537113,47.5029442303005],[-122.244956438709,47.5029462591231],[-122.245090177437,47.5029476263232],[-122.245637281531,47.5029532168225],[-122.246216704657,47.502959134834],[-122.246244892415,47.5029594228175],[-122.2480423215,47.5029777629611],[-122.248845719906,47.5029927821418],[-122.248838292018,47.5030385954848],[-122.248831849843,47.5034273390572],[-122.248828051268,47.5036564822394],[-122.248825713525,47.5037975220788],[-122.248825008268,47.5038401048563],[-122.248822826126,47.5039718149097],[-122.248820101048,47.5041362920921],[-122.248818922301,47.504207353688],[-122.248817374699,47.5043007719892],[-122.248815881965,47.5043909789704],[-122.24881464966,47.5044652518699],[-122.248812790028,47.5045773990219],[-122.248811924531,47.5046297290529],[-122.248809198058,47.5047942062527],[-122.248806033414,47.5049851386533],[-122.248805353557,47.5050262619794],[-122.248803747811,47.5051231642169],[-122.248801021359,47.5052876441152],[-122.248798296217,47.5054521239971],[-122.248797658407,47.5054906397879],[-122.248795316541,47.5056318272114],[-122.248793974566,47.5057129680467],[-122.248792273335,47.5058154507303],[-122.248789232811,47.505999076015],[-122.248786862556,47.5061419091419],[-122.248784880846,47.5062614965236],[-122.248783655564,47.5063355912166],[-122.248782945177,47.5063778897875],[-122.24867368506,47.5063666663046],[-122.248651646138,47.5063602066479],[-122.247990115008,47.5063509523394],[-122.247984950588,47.5063148441742],[-122.247976361663,47.5062547884119],[-122.247977740141,47.5061552748282],[-122.247980058454,47.505988034727],[-122.247982792122,47.5057906460025],[-122.247985524344,47.5055932536977],[-122.248000655368,47.5052895418666],[-122.248012965648,47.5040498520682],[-122.248014926238,47.5038524558826],[-122.248015787615,47.5037657912825],[-122.248016886911,47.5036550632946],[-122.248018222729,47.5035206119813],[-122.248018847521,47.5034576689083],[-122.248021465051,47.5031940637397],[-122.248022567688,47.503082970477],[-122.248022730506,47.5030666103112],[-122.245616523751,47.5030283486895],[-122.24559156349,47.5031789372743],[-122.245579471153,47.5032616402548],[-122.245567737131,47.5033418891964],[-122.245543325717,47.5035088317683],[-122.245539857867,47.5035325466824],[-122.245519065518,47.5036747460217],[-122.245498630186,47.5038144949334],[-122.245486854533,47.5038950295515],[-122.245513040611,47.5039402105199],[-122.245583328856,47.5040593541803],[-122.245648011289,47.5041689985916],[-122.245712151321,47.5042777231389],[-122.24580016212,47.5044268958349],[-122.245893520041,47.5045851489786],[-122.245988758173,47.5047465785019],[-122.246018811902,47.5047975225979],[-122.246039776322,47.5048330582489],[-122.246048828077,47.5048484014839],[-122.246195812338,47.5050975465475],[-122.246276168604,47.5052337494098],[-122.246263949944,47.5052798749462],[-122.246257924278,47.5053026204672],[-122.246211514096,47.5054777892795],[-122.246200820023,47.5055181555604],[-122.246147706736,47.5057186223254],[-122.24610530755,47.5058786379814],[-122.246080693501,47.5059715434096],[-122.246061194667,47.5060451411847],[-122.246037333183,47.5061669545347],[-122.246029431481,47.5062072950551],[-122.246034693333,47.5063217248148],[-122.246037177777,47.5063757871074],[-122.246043091028,47.5065044078801],[-122.246045615246,47.5065593494762],[-122.246047343169,47.5065969559986],[-122.24604813947,47.5066142910723],[-122.246064594429,47.5069721309781],[-122.246068524483,47.50705764022],[-122.246072736421,47.5071492892501],[-122.246076563527,47.5072325660928],[-122.246095553603,47.5072533118724],[-122.246107852008,47.5072667471721],[-122.24614216423,47.5073042334997],[-122.246182199611,47.5073479745277],[-122.246233399319,47.5074039118109],[-122.246334644598,47.5075145349502],[-122.246383446234,47.5075678527168],[-122.246436326536,47.5076256266548],[-122.246562105618,47.5077630489492],[-122.246691084185,47.5079039648811],[-122.246847549504,47.5080749140958],[-122.246971654633,47.5082105027454],[-122.246936057044,47.50832671671],[-122.246862297801,47.5085675256037],[-122.246754995686,47.5089266395007],[-122.246789343762,47.5089367902832],[-122.246819116124,47.5089489321231],[-122.246848892507,47.5089610748049],[-122.246875173946,47.5089764824093],[-122.2469014554,47.5089918900076],[-122.246923470213,47.5090101106478],[-122.246945485041,47.5090283312837],[-122.246962582718,47.5090488288105],[-122.246979684511,47.5090693307815],[-122.246991368141,47.5090915050614],[-122.247003051854,47.509113682038],[-122.247008977193,47.5091368833582],[-122.247014903937,47.5091600873593],[-122.247014897148,47.5091836341975],[-122.247014890335,47.5092071801364],[-122.247008951207,47.5092303798116],[-122.247003012075,47.5092535794864],[-122.24699154075,47.5092758143955],[-122.246983284782,47.5092918174059],[-122.247144521723,47.5097057102885],[-122.246780441876,47.5097006452748],[-122.246594352213,47.5096980556747],[-122.246289358547,47.5096938109907],[-122.24593408446,47.5096880129936],[-122.245095471492,47.5096743236771],[-122.244955639349,47.5096730850834],[-122.244910563097,47.509674063664],[-122.244866629721,47.5096740015911],[-122.244529926825,47.5096678082589],[-122.243953217549,47.5096607036318],[-122.243808450762,47.5096583509554],[-122.243549615149,47.509655645081],[-122.243396383388,47.5096535085401],[-122.243373039872,47.5096531830497],[-122.243300574678,47.5096521720053],[-122.242678852271,47.5096434994131],[-122.241113598616,47.5096216495424],[-122.238911743515,47.5095886522512],[-122.238873696946,47.5095880814022],[-122.238818654022,47.5095872557948],[-122.238795767226,47.5095869758882],[-122.238023588683,47.5095761365221],[-122.237900887854,47.5095744209747],[-122.237699515267,47.5095716028081],[-122.23748284296,47.5095685704338],[-122.237340496383,47.5095665754158],[-122.237288608236,47.5095658504019],[-122.237192327628,47.509567977064],[-122.234961742936,47.5084026722288],[-122.234896920474,47.5083687131066],[-122.234855071944,47.5083467893722],[-122.234406584623,47.5081023155079],[-122.234440539842,47.508068515629],[-122.234457194744,47.508038743432],[-122.234477022359,47.5080187870613],[-122.234508270053,47.507990805808],[-122.234548242964,47.5079627168913],[-122.234588005313,47.5079267456798],[-122.234621950341,47.5078908462341],[-122.234661340503,47.5078410808263],[-122.234686454308,47.5078013492419],[-122.234713631237,47.5077300526795],[-122.234734777658,47.5076509456485],[-122.234759318918,47.5075745575513],[-122.234757148215,47.5075583575916],[-122.234756980234,47.5075343757806],[-122.23475985071,47.5075104716212],[-122.234765741861,47.5074868234507],[-122.23477460789,47.5074636045544],[-122.234786381788,47.5074409893788],[-122.234800979005,47.5074191417915],[-122.23503242034,47.5070653268801],[-122.235126513818,47.5069802942763],[-122.23544082176,47.5066947813343],[-122.235902454834,47.5062346814226],[-122.235967039647,47.5060875955881],[-122.23598554384,47.5060066497877],[-122.235995022249,47.505924993244],[-122.235995428714,47.5058430799221],[-122.235986761354,47.5057613812294],[-122.235969066938,47.5056803508781],[-122.23594244423,47.5056004509321],[-122.235912760773,47.5055262013076],[-122.235891985951,47.5054503330407],[-122.235879985346,47.5053696272742],[-122.235878233751,47.5052885205509],[-122.235886740448,47.5052076064834],[-122.235905449906,47.5051274875784],[-122.235934209205,47.5050487486514],[-122.235972826772,47.5049719686958],[-122.236021005757,47.5048977118105],[-122.236078390417,47.5048265239286],[-122.236144569993,47.5047589291718],[-122.23621904928,47.5046954212184],[-122.236301316165,47.504636457072],[-122.236382979239,47.5045867840631],[-122.236470096487,47.5045415730228],[-122.236562144078,47.5045010912917],[-122.23665856457,47.5044655904344],[-122.236758763463,47.5044352765961],[-122.236862143195,47.5044103406685],[-122.236968074472,47.5043909289581],[-122.237110365127,47.5043640050272],[-122.237249348486,47.5043300744374],[-122.237384284792,47.5042893253647],[-122.237514441804,47.5042419782803],[-122.237226793497,47.50412005226],[-122.236955052061,47.5039823876427],[-122.236701088541,47.5038299356743],[-122.236466643642,47.5036637400774],[-122.236236766407,47.5035063521163],[-122.235989518425,47.5033615592911],[-122.235726400758,47.5032302362399],[-122.235686441695,47.5032103081979],[-122.235649003729,47.5031881603137],[-122.23561441315,47.5031639792729],[-122.235582916015,47.5031379302624],[-122.235554728219,47.5031101923354],[-122.235530039622,47.5030809637578],[-122.235509032117,47.5030504428935],[-122.235491848244,47.5030188456848],[-122.235478601274,47.5029863857357],[-122.235469387608,47.5029532912521],[-122.235464271872,47.5029197935301],[-122.235463311221,47.5028855005443],[-122.23546750911,47.5027829686679],[-122.235479700914,47.5020661280234],[-122.235492048091,47.501360360275],[-122.235503673661,47.5006495898386],[-122.235516179623,47.4999354845573],[-122.235524988485,47.4991698480168],[-122.236753300139,47.4991888275151],[-122.236820086854,47.4991898587687],[-122.236830235721,47.4983672065897],[-122.23684248161,47.4973744498455],[-122.238212746703,47.4973962632421],[-122.238223137748,47.4965990480167],[-122.238236470162,47.4955761294925],[-122.238472128566,47.4955838104019],[-122.238530790534,47.4955921549351],[-122.23858825298,47.4956037159167],[-122.238644131603,47.4956184180417],[-122.238698054669,47.4956361597626],[-122.238749658038,47.4956568259446],[-122.238798599498,47.4956802777926],[-122.238844557653,47.4957063609613],[-122.23888721711,47.4957348976421],[-122.238926300662,47.4957656987587],[-122.238961542608,47.4957985588999],[-122.238992711355,47.4958332578388],[-122.239166941513,47.4960262149298],[-122.239365091413,47.496208257727],[-122.239585679307,47.4963780379853],[-122.239827066081,47.4965342813722],[-122.240087386374,47.4966757928247],[-122.240234092444,47.4967487173251],[-122.240262480687,47.4967616803601],[-122.240292306494,47.4967730683878],[-122.240323372715,47.4967828064855],[-122.240355491901,47.4967908349036],[-122.240388448954,47.4967971023315],[-122.240422040986,47.4968015672028],[-122.240456052226,47.4968042025048],[-122.240490264567,47.4968049929481],[-122.240524460093,47.4968039304385],[-122.240558419976,47.4968010221858],[-122.240591933712,47.4967962887911],[-122.240625740765,47.4967895375735],[-122.240658616333,47.4967809303467],[-122.240690333536,47.4967705203006],[-122.240720686007,47.4967583828609],[-122.240749463519,47.4967445979989],[-122.240776477367,47.4967292562147],[-122.240801541845,47.4967124605655],[-122.240818624728,47.4966989609885],[-122.241164048072,47.4968300062357],[-122.241680566044,47.4969965086561],[-122.242115580494,47.4966726244597],[-122.242576718376,47.496365609926],[-122.242812581888,47.4964765313943],[-122.243059754812,47.4965756326106],[-122.243316858683,47.4966623539816],[-122.243582544536,47.4967362462063],[-122.243833755072,47.4967926362288],[-122.244089826688,47.4968375297317],[-122.2443497419,47.4968707594072],[-122.247144588024,47.497119503492],[-122.247337726421,47.4971423570601],[-122.247527233259,47.4971764212379],[-122.247711697339,47.4972214410487],[-122.247889745014,47.497277078294],[-122.248060041756,47.497342920529],[-122.248221319868,47.4974184753184],[-122.248372377452,47.4975031810432],[-122.248512083641,47.4975964041349],[-122.248639402726,47.4976974477695],[-122.24875338118,47.497805562822],[-122.2488531713,47.4979199385749],[-122.248922705585,47.4979991477689],[-122.248930363175,47.497545057239],[-122.24893119206,47.4974949568481],[-122.248936987344,47.4971452725337],[-122.248960475396,47.4957281402393],[-122.250357044363,47.4957142111206],[-122.25160336341,47.4957017684345],[-122.252146400622,47.49569634396],[-122.252482919331,47.4956929793403],[-122.252601573808,47.4956917939493],[-122.253068148599,47.4956871292297],[-122.253091030208,47.49568690068],[-122.253705818407,47.4956807505208],[-122.254302602562,47.4956737887287],[-122.256092300421,47.4956568527255],[-122.256131353216,47.4936412195324],[-122.256142496059,47.4934228723367],[-122.25613598347,47.4934080045452],[-122.255765104543,47.4929924122733],[-122.254959547139,47.4920697692806],[-122.255113974839,47.4920689500329],[-122.257932095225,47.4920539455143],[-122.259181740514,47.4920474067556],[-122.259322510131,47.4920466696534],[-122.258812271501,47.4914689660428],[-122.258527087525,47.4911460693275],[-122.258513097623,47.4911300181145],[-122.258478496798,47.4911049328518],[-122.258405600979,47.4910571718949],[-122.257850141046,47.4906939700308],[-122.259200409687,47.4907040006262],[-122.259261301297,47.4884686118132],[-122.259261804251,47.4884381723028],[-122.259265304696,47.4882277542785],[-122.259268079959,47.4880606193303],[-122.25926880123,47.4880173399018],[-122.259278323572,47.4874448018942],[-122.25927981241,47.4873553259791],[-122.259349987766,47.4873713136213],[-122.25941867471,47.4873900420837],[-122.259485637957,47.4874114486547],[-122.259788369161,47.48752953257],[-122.261006258542,47.4880079367516],[-122.261028989696,47.4880061647514],[-122.261255404565,47.4880937584521],[-122.261316774297,47.4881200678308],[-122.261475730479,47.4881882121378],[-122.262143445676,47.4884568369283],[-122.262387587364,47.488560159581],[-122.262488324064,47.4886027915561],[-122.262570126153,47.488637297417],[-122.262738192577,47.4887083389362],[-122.263147802829,47.4888820224051],[-122.26318753695,47.4888991755601],[-122.263290191241,47.4889379270334],[-122.263317433929,47.4889482098681],[-122.263361534004,47.4889622898348],[-122.263451940747,47.488991153289],[-122.263590446477,47.4890277985002],[-122.263732290832,47.4890579774859],[-122.264059749808,47.48911126576],[-122.264147687513,47.4891255755845],[-122.264355693527,47.4891594232667],[-122.264419789161,47.489169853011],[-122.264475025985,47.4891788417006],[-122.264552606607,47.4891914664016],[-122.26460481028,47.4891998554566],[-122.264659109064,47.4892087074511],[-122.264687894112,47.4892079055214],[-122.265189328922,47.4892951506322],[-122.265325862349,47.4893174089443],[-122.266399319976,47.4909300979749],[-122.267563566817,47.4926938780801],[-122.267782618065,47.4929567066948],[-122.26847056143,47.4937089071838],[-122.270641919531,47.4955122379533],[-122.277375091242,47.5007316328304],[-122.28162279985,47.5050688981828],[-122.282607088235,47.5060995539557],[-122.282873130769,47.5063711301681],[-122.283076098726,47.5065759431759],[-122.28312278095,47.5066240415167],[-122.283177648254,47.5066817833771],[-122.28328847044,47.5068029430902],[-122.283412204524,47.5069412820675],[-122.283604700331,47.507160371375],[-122.283632760101,47.5071935707122],[-122.283670975176,47.5072406074974],[-122.283736183502,47.5073208697995],[-122.284007774726,47.5076515220794],[-122.284696029079,47.5076055990991],[-122.285341993334,47.5075725596341],[-122.286817695003,47.5074852045657],[-122.288091776287,47.5074113640257],[-122.288872651896,47.5073648894295],[-122.290503605212,47.507266929472],[-122.291180332789,47.5072554967404],[-122.291427229952,47.5080531995865],[-122.291495313641,47.5082731635135],[-122.291564257013,47.5085246976967],[-122.291686040807,47.5088488787441],[-122.291725446943,47.5089583613038],[-122.291874468163,47.5092519208859],[-122.292057639246,47.5095364702804],[-122.292347930578,47.5099808595831],[-122.292454115674,47.5101519287871],[-122.292462989508,47.5101662254595],[-122.292776196712,47.5102371367034],[-122.293020862146,47.5103402962029],[-122.293381962013,47.510468098039],[-122.29408418435,47.5106583087967],[-122.294308841104,47.5107191610666],[-122.294365982388,47.5107346385725],[-122.294465707102,47.5107616498307],[-122.294640302242,47.5108259000823],[-122.294794830068,47.510893376984],[-122.295766640166,47.5113516757282],[-122.295903779394,47.5114163479122],[-122.296031036556,47.5113050297827],[-122.296207059458,47.5113830699486],[-122.296317243223,47.5114194680586],[-122.296342420023,47.5114474082796],[-122.296499134654,47.5115215018917],[-122.296588417711,47.5115440209954],[-122.296680322024,47.5115836211519],[-122.296718453814,47.511613009154],[-122.296905614302,47.5116836935592],[-122.296959699587,47.5117329882602],[-122.297028894985,47.5117732874122],[-122.297134155629,47.511814612335],[-122.297303507108,47.5119149227772],[-122.297432633391,47.5119599574128],[-122.297573150058,47.5120331311939],[-122.29782218382,47.5122101300504],[-122.297855748047,47.5122477530515],[-122.298051157734,47.5123391244142],[-122.298490976382,47.512462133888],[-122.298715215698,47.5125500870669],[-122.298863955622,47.5125825686046],[-122.299003598908,47.5126293144645],[-122.299277314743,47.5126828588361],[-122.299554328735,47.5127006386221],[-122.299694566045,47.5127008693034],[-122.299872728071,47.512682865483],[-122.300014603612,47.5126820013907],[-122.300211369327,47.5126993360148],[-122.300316044509,47.512722763545],[-122.300415234547,47.5127318466244],[-122.300598950554,47.5127235081033],[-122.300737393657,47.5127372151131],[-122.300785017238,47.5127534430334],[-122.300990398486,47.5127622906087],[-122.301619355618,47.5128976233878],[-122.301825394561,47.5129188565686],[-122.301964666724,47.5129520160516],[-122.302206587297,47.5129931632323],[-122.302304229051,47.5130009881624],[-122.30261151136,47.5131014121648],[-122.302811413499,47.5131871515353],[-122.302913662762,47.5132606664242],[-122.30308620965,47.5134256129685],[-122.303431943252,47.5138583134254],[-122.303556803297,47.5140708843257],[-122.303935647823,47.5146247566417],[-122.304024790343,47.5148071463945],[-122.30424313282,47.5150321557652],[-122.304509501452,47.5152634228374],[-122.304819167118,47.515494129293],[-122.305083057905,47.5156374092057],[-122.305109566155,47.5156660814867],[-122.305351095048,47.515927332031],[-122.305527577577,47.5160424032024],[-122.305704887979,47.5161868039089],[-122.305839735137,47.5163610935937],[-122.305885513333,47.5164485190055],[-122.30624511206,47.5169132905606],[-122.306360043718,47.5171327793728],[-122.306382449275,47.5171755662689],[-122.306604717223,47.5173780618779],[-122.306788671317,47.5177570910346],[-122.307054235981,47.5179590232584],[-122.307189922824,47.5181626402083],[-122.307368905073,47.5183656951676],[-122.307414684939,47.5184531199986],[-122.307557839742,47.5189206955371],[-122.307604448618,47.5190374500883],[-122.307790899386,47.519504464333],[-122.307927424132,47.5197374083656],[-122.308024801926,47.5201175596273],[-122.307986481924,47.5202940950016],[-122.307701654445,47.5209432618322],[-122.307620868318,47.5211496878847],[-122.307494453566,47.521385726313],[-122.307415164994,47.5215337710361],[-122.307336859686,47.5218281827005],[-122.307136959349,47.5224175683871],[-122.307046216323,47.5222720465498],[-122.306930416965,47.5227723226961],[-122.307151882865,47.5229454865399],[-122.307243454075,47.5231203372103],[-122.307386616176,47.5235879130271],[-122.307481508664,47.5238800781163],[-122.30748814215,47.5241147082995],[-122.307317433923,47.5242049414456],[-122.306971868203,47.5242387634612],[-122.306714554754,47.5243301191092],[-122.306759512322,47.5243882161851],[-122.306848599839,47.5244750786827],[-122.306893558983,47.524533174789],[-122.307023460056,47.5245314897121],[-122.307326555028,47.5245275582853],[-122.307544712817,47.5245834076169],[-122.307723717167,47.5247864620407],[-122.307817781346,47.5250492980055],[-122.307908531336,47.5251948183289],[-122.308129180949,47.525338654089],[-122.308926849601,47.5259737692023],[-122.309103374039,47.5260888348241],[-122.309431139671,47.5262939258798],[-122.310205838415,47.5267786625834],[-122.310318061427,47.5270154276113],[-122.310344052731,47.5270702623756],[-122.310478942204,47.5272445456802],[-122.31106099186,47.5279117895471],[-122.311541478453,47.5280522397832],[-122.312070259015,47.5283680939109],[-122.31251077682,47.5286264181972],[-122.313219442687,47.5291746442212],[-122.313972641968,47.5296949790612],[-122.312679835131,47.5284086061717],[-122.310510664585,47.5262500569713],[-122.308848042924,47.5248142355199],[-122.308603301051,47.524602870471],[-122.308538355819,47.5240295116409],[-122.308310948991,47.5220217628181],[-122.309191411521,47.5220710996994],[-122.309736565375,47.5221764048397],[-122.309773974046,47.5223435408144],[-122.3096363214,47.5232484037888],[-122.309865910887,47.5238903031773],[-122.309864253835,47.5239631251144],[-122.309709847841,47.5243476342604],[-122.309765119466,47.5245054719041],[-122.309790585822,47.5245659855921],[-122.30981074221,47.5246138811839],[-122.309840783713,47.5246144200179],[-122.310091542436,47.5248316650231],[-122.310469395972,47.5251590156247],[-122.310733255656,47.5253876056578],[-122.310792396476,47.5254647664704],[-122.310816937191,47.5254967853515],[-122.310880131556,47.5255792325495],[-122.310952646546,47.5256738407707],[-122.31132627128,47.5261612885655],[-122.311702281357,47.5265483317939],[-122.311780826507,47.5265743490281],[-122.312088330715,47.5266762022503],[-122.312302083948,47.5267287264485],[-122.312893641557,47.5268740832398],[-122.313166119603,47.5269412530235],[-122.314295694713,47.5272070769043],[-122.314558567718,47.5272695080426],[-122.31471680279,47.5273137843499],[-122.314895985705,47.5273639216605],[-122.314917696442,47.5273699969292],[-122.315553576307,47.527571110566],[-122.315638980917,47.5275956709831],[-122.317406599667,47.5281497508276],[-122.317481326841,47.5281724306497],[-122.317529162021,47.5281993678331],[-122.317551699417,47.5282120600976],[-122.317551361933,47.5282324837424],[-122.31755092861,47.5282587299837],[-122.317538668899,47.5289989772442],[-122.317537621061,47.529060079515],[-122.317565355506,47.5293870879728],[-122.317566669146,47.5294025719062],[-122.317563608849,47.5294376901871],[-122.317586507233,47.5294377607746],[-122.318502601261,47.5294406009057],[-122.318497009409,47.529698118547],[-122.318495087217,47.5297867152124],[-122.318493437398,47.5298625905973],[-122.318487485689,47.53013670796],[-122.318481533867,47.530410823524],[-122.318479697547,47.5304954904898],[-122.318477963137,47.5305752973553],[-122.31847201124,47.5308494138183],[-122.31847049654,47.5309191728188],[-122.318469616414,47.5309596953487],[-122.318468549639,47.5310191174268],[-122.318469844152,47.531107236634],[-122.318473499451,47.5313559405089],[-122.31847978286,47.5317835559155],[-122.318480163692,47.5318095036503],[-122.318469720681,47.5318233060608]]],[[[-122.31535243447,47.5191187472685],[-122.314559570993,47.5182768562073],[-122.314575711392,47.5178777728498],[-122.316295323087,47.5190941814222],[-122.31607090465,47.5188893465067],[-122.315975109342,47.5187296693627],[-122.31594166677,47.5186277884418],[-122.31592159176,47.5185337539098],[-122.315920139555,47.5184826960106],[-122.315930060767,47.5184236316135],[-122.315991154202,47.5183285367115],[-122.316069976465,47.5182449987664],[-122.31617845809,47.5181846468129],[-122.316293295211,47.5181438573452],[-122.316408689562,47.5181227060523],[-122.316506916146,47.5181096359619],[-122.316605811937,47.5181201320908],[-122.316722102912,47.5181304009618],[-122.317003800544,47.5181722903484],[-122.315873024874,47.5174617532066],[-122.315704634779,47.5173332393035],[-122.315384323734,47.5170561362224],[-122.315619549019,47.51705699082],[-122.320334553626,47.517073280806],[-122.320455358462,47.5170736945325],[-122.321829763421,47.5170773801224],[-122.323310398308,47.5170813306941],[-122.323310775183,47.5170282660698],[-122.323321897187,47.5154644127683],[-122.32332251598,47.5153775359659],[-122.323286256789,47.5138940102674],[-122.323284911724,47.5138390043929],[-122.323283899389,47.5137844898366],[-122.323253436014,47.5121443125654],[-122.323245968345,47.5113399870965],[-122.323236698117,47.5103417922449],[-122.323233525838,47.5099998782282],[-122.323224230549,47.5094105304741],[-122.323223547836,47.5093672197911],[-122.323212173273,47.5086460044503],[-122.323208878094,47.5084408843797],[-122.323194838799,47.506919809232],[-122.323192796409,47.5066986813302],[-122.323177592748,47.5050223872455],[-122.323177197884,47.5049787858143],[-122.323173132824,47.5047050323034],[-122.323167113428,47.5042993196102],[-122.323146094401,47.5030506478135],[-122.323200212166,47.5030305404703],[-122.323252660151,47.5030115606257],[-122.323298100714,47.5029923335516],[-122.323343152343,47.5029726446666],[-122.323386997795,47.5029519091559],[-122.324170515129,47.5026445219582],[-122.324190734688,47.5026372557555],[-122.32423887028,47.5026199576529],[-122.324260519217,47.5026128633867],[-122.324286441365,47.5026051111721],[-122.324316461279,47.5025968796326],[-122.324347091093,47.5025893174802],[-122.324377855058,47.5025824543515],[-122.324408530665,47.5025763084612],[-122.32443988164,47.502570846391],[-122.324467538208,47.5025666454955],[-122.324495423784,47.5025629786509],[-122.324523383949,47.5025598775721],[-122.324555491393,47.5025570071976],[-122.324587832459,47.50255487862],[-122.324620152651,47.5025534591973],[-122.324648464486,47.5025528138927],[-122.324680613862,47.5025527560017],[-122.324839390528,47.5025484251669],[-122.325039236146,47.5025532595612],[-122.325442505047,47.5025630116274],[-122.32560887719,47.5025659332949],[-122.325641012752,47.5025668765759],[-122.325669956559,47.5025671142215],[-122.325696484879,47.5025666801129],[-122.325730192839,47.5025652772199],[-122.325767800482,47.5025627363378],[-122.325802791445,47.502559173697],[-122.32583785833,47.5025543676906],[-122.325884976965,47.5025467359293],[-122.325909018164,47.5025420613297],[-122.325947865381,47.5027520047176],[-122.325941278378,47.5029303834763],[-122.325886344364,47.5030539288647],[-122.325703041088,47.5035951755316],[-122.32565957082,47.5037106454982],[-122.325639705322,47.5038337307768],[-122.325655703313,47.5041016672211],[-122.325656177838,47.504216676609],[-122.325660815539,47.5053376822256],[-122.325667403552,47.5054925250281],[-122.325693255572,47.5056464336681],[-122.325738194507,47.5057983174398],[-122.325801897244,47.5059470866473],[-122.325883906053,47.5060916803433],[-122.326316230878,47.5067132311909],[-122.326709969938,47.5072792919115],[-122.326833197209,47.5073935596542],[-122.32695746332,47.5074891980377],[-122.327092511676,47.5075778700474],[-122.327237496573,47.5076590209171],[-122.327391509817,47.507732139885],[-122.32755357968,47.5077967701044],[-122.327688524769,47.5078412432847],[-122.32772269334,47.5078525038519],[-122.327897790501,47.5078989916079],[-122.327937272307,47.5079121397319],[-122.328352635981,47.5079784115993],[-122.328306040109,47.5080399949953],[-122.328247023153,47.5081371783119],[-122.328200159358,47.508237353846],[-122.328165771458,47.5083398282663],[-122.328144100512,47.5084438841237],[-122.328135294602,47.5085488024903],[-122.328139415235,47.5086538547782],[-122.328156436115,47.5087583063538],[-122.328204729607,47.5089459890853],[-122.328483343415,47.5103629760324],[-122.328522298292,47.5105090704098],[-122.328558335291,47.5106328164608],[-122.32861105025,47.5107848793688],[-122.328671432889,47.5109326635223],[-122.3287643681,47.5111256336197],[-122.329123304667,47.51181044793],[-122.32956364879,47.5120164242298],[-122.329805721903,47.5121496450762],[-122.330320276867,47.5123956672894],[-122.330348253858,47.5123988978589],[-122.330374277458,47.5124017988246],[-122.330402358992,47.5124048318883],[-122.330430491247,47.5124077815126],[-122.330462696177,47.5124110633757],[-122.330503012271,47.5124150677442],[-122.330543377813,47.5124189904819],[-122.330579730231,47.5124224812219],[-122.330622148615,47.5124265432965],[-122.330656477371,47.5124298465841],[-122.33068069673,47.5124322009151],[-122.330708929172,47.5124349854214],[-122.330734109681,47.512437517786],[-122.330767309979,47.5124409195819],[-122.330797431684,47.5124441118683],[-122.33082949719,47.5124476230672],[-122.330863473563,47.5124515084872],[-122.330904304755,47.5124564316189],[-122.330930111415,47.5124596825673],[-122.330966710035,47.5124645310446],[-122.331002134729,47.5124695596189],[-122.331031537383,47.5124739281172],[-122.331066634756,47.5124794872586],[-122.331108277406,47.5124865865637],[-122.331141947155,47.5124927384591],[-122.331170369364,47.5124984746616],[-122.331197862703,47.512505895479],[-122.331225949902,47.5125159614018],[-122.331252939201,47.5125278365161],[-122.331279109512,47.5125410610429],[-122.331304739721,47.5125551743033],[-122.331325361381,47.5125669768543],[-122.331345958969,47.5125788193019],[-122.331371501764,47.512593077638],[-122.331396076247,47.5126058454956],[-122.331422400494,47.5126183248836],[-122.332181445241,47.5129739209409],[-122.332410932652,47.5130814288394],[-122.332929379003,47.5135428434892],[-122.332683075934,47.5121561804636],[-122.333928419033,47.5121614864999],[-122.333951305849,47.5121611841031],[-122.335478069006,47.5121408030935],[-122.336815440749,47.512122935864],[-122.338152931034,47.5121050513056],[-122.339490419047,47.5120871501166],[-122.339693681895,47.5138250854953],[-122.339946923658,47.5138247293764],[-122.340114579412,47.5138128371574],[-122.34024255,47.5138044579373],[-122.340379680363,47.5137988888614],[-122.340561574326,47.5137818897829],[-122.340664134663,47.5137597719906],[-122.340801335323,47.5137087909425],[-122.341068175875,47.513609795767],[-122.341541780824,47.5136001232829],[-122.341821112509,47.5135964136124],[-122.342110429896,47.5135970254734],[-122.342305219951,47.5136256190608],[-122.342530618745,47.5136894418706],[-122.343017695062,47.5139346481806],[-122.34322628185,47.5140420876348],[-122.343443496568,47.5141071680734],[-122.343674501697,47.5141375052666],[-122.343875416134,47.5141504244994],[-122.344051773845,47.5141277224587],[-122.344392472235,47.5139521462685],[-122.344415806621,47.5139412374997],[-122.344436925899,47.5139319244203],[-122.344459710728,47.5139223966601],[-122.344486986267,47.5139117197167],[-122.344513291287,47.5139020560473],[-122.344538608691,47.5138934112778],[-122.344567109446,47.5138843247179],[-122.344596014098,47.5138758418133],[-122.344622322742,47.5138686861858],[-122.34465565489,47.5138605383816],[-122.344687078251,47.5138535593733],[-122.344724875986,47.5138460988023],[-122.344752310099,47.5138412608592],[-122.344794606838,47.5138349530702],[-122.34483024974,47.5138305717217],[-122.345174154298,47.5138256849859],[-122.34581426849,47.5138060018981],[-122.345877149015,47.5138040678828],[-122.346323314512,47.5137994512598],[-122.346444323315,47.5137981981396],[-122.346845673716,47.513793727594],[-122.34708553034,47.5137912030324],[-122.347711649805,47.5137846078882],[-122.348362013191,47.5137777803555],[-122.348982262645,47.5137712052272],[-122.349140377201,47.5137694054801],[-122.349651478907,47.5137639675833],[-122.350421944394,47.5137557667376],[-122.35143083209,47.5137448562717],[-122.352663079987,47.5137318757261],[-122.353899124355,47.5137185880816],[-122.354506546427,47.5137117496773],[-122.355126645223,47.513704764258],[-122.356243595769,47.5137028381473],[-122.356469654131,47.5137024444317],[-122.357360439862,47.5137008961836],[-122.357813085093,47.5137001057588],[-122.358477285277,47.5136989459189],[-122.359098290907,47.5136978568904],[-122.359156369641,47.5136962463082],[-122.359594130609,47.5136969846731],[-122.360573032003,47.5136958706704],[-122.361430495785,47.5136937364017],[-122.361842672406,47.5136930029942],[-122.362514983845,47.5136918030406],[-122.363064564618,47.5136908209225],[-122.363185962181,47.5136906026702],[-122.364529251833,47.5136881864608],[-122.365873566408,47.5136857522295],[-122.365858623881,47.5122756716273],[-122.365856087438,47.5120362217606],[-122.365854196148,47.5118577886443],[-122.365847063974,47.5111847984496],[-122.365834630653,47.5100154131868],[-122.365819277496,47.5085866387717],[-122.365815313127,47.5082108776742],[-122.365796132546,47.5064031413227],[-122.365784865085,47.5056042670395],[-122.365784013547,47.5055010341014],[-122.365776557101,47.5045979607565],[-122.365757226281,47.5027958176384],[-122.365783892756,47.5009792860739],[-122.36709250315,47.5009886104349],[-122.368389428935,47.5009901619618],[-122.368397951806,47.5009504357239],[-122.368417903,47.5008929269967],[-122.368445114037,47.5008368017844],[-122.368479382283,47.500782482942],[-122.368520447413,47.5007303725128],[-122.368568007595,47.5006808605055],[-122.368621704794,47.5006343214955],[-122.368683108886,47.5005897887494],[-122.368733962419,47.500553397127],[-122.36877905352,47.5005160740339],[-122.368820144983,47.5004766864119],[-122.368857031589,47.5004354331567],[-122.36889064203,47.500390716589],[-122.368922451873,47.5003392241592],[-122.368948610973,47.5002842357632],[-122.368967816599,47.5002279451964],[-122.368979933288,47.5001707555239],[-122.368984876295,47.500113079019],[-122.368998859834,47.4991863791705],[-122.369017858689,47.4979269053557],[-122.369035093666,47.4967843075103],[-122.369053290388,47.4955781135533],[-122.368167655666,47.4951503964834],[-122.365942895952,47.4936958032862],[-122.366978964234,47.4929638025826],[-122.368813758934,47.494146273183],[-122.368875207544,47.4942633710442],[-122.36887771437,47.4943485074412],[-122.3689088245,47.4944201540584],[-122.369448028343,47.4938924622002],[-122.370322710274,47.4941718923074],[-122.372662240894,47.4951161856916],[-122.373647930019,47.4955565664562],[-122.374354187337,47.4956543637385],[-122.375746206924,47.4963613075729],[-122.375714438998,47.4963860387241],[-122.375649902705,47.4964362819631],[-122.375590223248,47.4965124194727],[-122.375468183916,47.4966681124624],[-122.375309239428,47.4968708869557],[-122.375232804425,47.4969898676302],[-122.37520476896,47.4970335100929],[-122.375075283662,47.4972350691164],[-122.375066149103,47.4972492892688],[-122.375019913827,47.4973212576913],[-122.375009552044,47.4973373872988],[-122.374917458959,47.4974990468213],[-122.374847576061,47.4976605612548],[-122.374540548555,47.4984997654701],[-122.374303759708,47.499146967245],[-122.374283180961,47.4992032135592],[-122.374275999136,47.4992228426309],[-122.374129185578,47.49962506599],[-122.374122378575,47.4996473204469],[-122.374085505755,47.4997678649096],[-122.374064542772,47.4998795940269],[-122.374061485218,47.4998958934098],[-122.374057076455,47.4999193882789],[-122.373977036768,47.5005432626751],[-122.373969742013,47.500582533713],[-122.373957742616,47.5006224839222],[-122.373941392814,47.5006611743167],[-122.373920772411,47.5006987900323],[-122.373895814068,47.5007354336372],[-122.37386685238,47.500770568015],[-122.373833991801,47.5008040891892],[-122.373797847776,47.5008354400397],[-122.373118326155,47.501380120093],[-122.373099510523,47.5013943193157],[-122.372733932588,47.5016701932419],[-122.372715686809,47.5016839609529],[-122.372697442374,47.5016977295422],[-122.372681225091,47.5017099682857],[-122.372651486378,47.5017324084702],[-122.372629187554,47.5017492358337],[-122.372609597655,47.5017640185242],[-122.372251074393,47.5020190590115],[-122.372147851344,47.5020976747856],[-122.372055692703,47.5021785640979],[-122.371415363624,47.5027820339454],[-122.371393711604,47.5028024543615],[-122.370956750863,47.5032053570206],[-122.370916358976,47.5032426002458],[-122.370828856732,47.5033352095445],[-122.370753516528,47.503432461662],[-122.370691300184,47.5035127635861],[-122.370652141004,47.5035685059418],[-122.370619629745,47.5036260267885],[-122.37059387122,47.5036850980097],[-122.370575022058,47.5037453576432],[-122.370563202605,47.503806428923],[-122.370558439425,47.5038708780997],[-122.370557291568,47.5039572199952],[-122.370549782595,47.5045222245049],[-122.370548735659,47.5046009578721],[-122.370543104157,47.5050436700073],[-122.370537563514,47.5051339900997],[-122.370523848756,47.5052286868267],[-122.370502191248,47.505320208366],[-122.370486574003,47.5053756868439],[-122.370478764704,47.505403426091],[-122.370451042254,47.5055018811986],[-122.370423254742,47.505600564782],[-122.37041722987,47.5056220932039],[-122.370406401384,47.5056691071248],[-122.370401731349,47.5056903869052],[-122.370393446304,47.5057554487009],[-122.37039172742,47.5058230170155],[-122.370396921077,47.5058908795012],[-122.370462725743,47.5064075079129],[-122.37047760896,47.5064870332206],[-122.370487405178,47.5065393806819],[-122.370528741432,47.506670021304],[-122.37056505037,47.5067663187128],[-122.370677379675,47.5070648959783],[-122.370696639132,47.507126938236],[-122.370708681793,47.5071936365512],[-122.370712267168,47.5072607903141],[-122.370710472235,47.5072995620242],[-122.370705020352,47.5073435866268],[-122.370709445786,47.5075274804327],[-122.370737792311,47.5077014559821],[-122.3708061134,47.5078957173758],[-122.370820155636,47.5079295840719],[-122.370837228855,47.5079602916577],[-122.370846287145,47.5079768344278],[-122.370853697051,47.5079989816393],[-122.370859642674,47.5080190642622],[-122.3708646712,47.5080386186316],[-122.370868536855,47.5080557040021],[-122.370871582583,47.5080714141635],[-122.370875228305,47.5081013463464],[-122.370875132599,47.5082007949262],[-122.370862701346,47.5091001135346],[-122.370861590616,47.509180452694],[-122.370857727892,47.5094598037467],[-122.370850267384,47.5099993098316],[-122.370851483701,47.5100157905451],[-122.370945641725,47.511291559315],[-122.37094915157,47.5113391150421],[-122.37098712235,47.5118531145526],[-122.37099238122,47.5119353862194],[-122.370999546897,47.512031929687],[-122.371009587127,47.5121671807509],[-122.371018810531,47.5122914387557],[-122.37111020139,47.5135224584397],[-122.371123870992,47.5137065860491],[-122.371134526459,47.5138501124584],[-122.371297371573,47.516043414587],[-122.37129893424,47.5160648735909],[-122.371397995681,47.517425567296],[-122.371278011351,47.5174242070391],[-122.370839452478,47.5174192293041],[-122.370026714881,47.5174100008842],[-122.368824405012,47.5173964609648],[-122.368659462436,47.5173947278234],[-122.368576625791,47.5173936524423],[-122.368152791575,47.5173887900785],[-122.367692836685,47.5173835117654],[-122.367307693866,47.5173790906643],[-122.367283817032,47.5173788157787],[-122.367108366703,47.5173768192654],[-122.366809365491,47.5173734157013],[-122.365912538744,47.5173632015021],[-122.365424857836,47.5173633349603],[-122.365231815378,47.5173633873686],[-122.365078673765,47.5173634285436],[-122.364567320874,47.5173635653822],[-122.363628785719,47.5173638100926],[-122.363224150678,47.5173639127401],[-122.36267807842,47.5173631844798],[-122.362617336596,47.5173631036041],[-122.361881793832,47.517363451505],[-122.361848403002,47.5173632927158],[-122.361821052598,47.5173634808483],[-122.361418665658,47.5173634820398],[-122.361210876229,47.517363482215],[-122.361124434204,47.5173634826584],[-122.360658265399,47.5173621637858],[-122.360568401744,47.5173619093442],[-122.36053992656,47.5173618253147],[-122.360533560326,47.5168215815393],[-122.360533376861,47.5168060728468],[-122.36051832972,47.5155291216552],[-122.360492844888,47.5155291359599],[-122.359305369384,47.5155298153294],[-122.359178414026,47.5155298872339],[-122.358561845213,47.5155302340195],[-122.358529325247,47.5155302523946],[-122.358506432449,47.5155302647325],[-122.358510999231,47.5156125082286],[-122.358530593115,47.5172804081707],[-122.358531441009,47.5173526394193],[-122.358225862017,47.5173587988265],[-122.357856715587,47.5173622067766],[-122.357826805464,47.5173621872071],[-122.357560711093,47.5173620087541],[-122.357176095708,47.5173617510352],[-122.356751435014,47.5173614641622],[-122.356510806033,47.5173613006443],[-122.355164901915,47.5173603811924],[-122.3545905737,47.5173570697915],[-122.354035334144,47.5173538660664],[-122.353887971455,47.5173530150289],[-122.353149650575,47.5173487474583],[-122.352907247481,47.5173473450865],[-122.352875906459,47.5173471634341],[-122.351775854832,47.5173407788377],[-122.351733328666,47.5173405124985],[-122.351297464173,47.5173380142205],[-122.351187414115,47.5173373780108],[-122.350652791228,47.5173342870757],[-122.349482962202,47.5173274917571],[-122.34945376489,47.5173273219282],[-122.349243931551,47.5173261013267],[-122.348004612711,47.5173188867648],[-122.347969757365,47.5173186831528],[-122.347438515212,47.5173154645428],[-122.347323922071,47.5173147700018],[-122.346697305726,47.5173109704523],[-122.346362625973,47.5173089924266],[-122.345423270504,47.517303436411],[-122.344829482509,47.517300078345],[-122.344636876945,47.5172989888206],[-122.344470444241,47.517298046451],[-122.344234787455,47.5172967121494],[-122.344149431448,47.5172962291282],[-122.343976670287,47.5172952127801],[-122.343893080193,47.5172947204738],[-122.343870187758,47.5172945859091],[-122.343408019764,47.5172918656081],[-122.34287559667,47.5172887304289],[-122.341601285293,47.5172812093852],[-122.341538863716,47.517280840875],[-122.341424871773,47.5172801683869],[-122.341387202076,47.5172799461463],[-122.340182855524,47.5172728269694],[-122.340130764503,47.5172725185503],[-122.340001161096,47.5172717935454],[-122.339920318508,47.5172713410373],[-122.338870655859,47.5172654567784],[-122.338115508043,47.5172612174073],[-122.33792798885,47.5172601642765],[-122.337698400168,47.5172588754778],[-122.337527117783,47.5172579134026],[-122.337363818165,47.5163699392323],[-122.337044117464,47.5140196487045],[-122.337042000652,47.5139929880173],[-122.337040134476,47.5139107524385],[-122.336505337255,47.5139163266158],[-122.335920040546,47.5139224224404],[-122.335704313277,47.5139246681065],[-122.334249564147,47.513898811721],[-122.3342567925,47.513939609715],[-122.334271320181,47.5140215942948],[-122.334316709971,47.5142777598988],[-122.334355624848,47.5144973789911],[-122.334357398452,47.5145252182359],[-122.334033463234,47.5145238357947],[-122.333972870255,47.5145235811484],[-122.333590325181,47.5145301758713],[-122.33350813767,47.5145263927768],[-122.333549902801,47.5147432387462],[-122.33349508784,47.5147268567049],[-122.333463235958,47.5147325320184],[-122.332715790176,47.5148657092452],[-122.332027711199,47.5149839905082],[-122.331405972541,47.5151067299513],[-122.331382529048,47.5151342837928],[-122.331328610597,47.5151389694025],[-122.33127695318,47.5151434578397],[-122.331175079493,47.5151523103838],[-122.331147230256,47.5151245100161],[-122.330981014569,47.5149585875859],[-122.330964359278,47.51494196114],[-122.330816784584,47.514794541417],[-122.33079732825,47.5147752575525],[-122.330776532955,47.5147549864758],[-122.330759266517,47.51473815935],[-122.330744269599,47.5147234181786],[-122.330721701382,47.5147006884481],[-122.33069327992,47.514670562836],[-122.330674882612,47.5146501908582],[-122.330659130979,47.5146318252096],[-122.330638734278,47.5146073512836],[-122.330618949099,47.5145832246378],[-122.330596647556,47.5145560446062],[-122.330583774407,47.5145409011811],[-122.330572228742,47.514524680517],[-122.330557654704,47.5145045936751],[-122.330542899395,47.5144842978131],[-122.330525287954,47.5144596135281],[-122.330511611152,47.5144397424542],[-122.330498412254,47.514419681559],[-122.330486623923,47.5144007427717],[-122.330477470244,47.5143855080248],[-122.330466237454,47.5143664008828],[-122.330452486964,47.5143428063969],[-122.330439807969,47.5143212425946],[-122.330378904303,47.5142053806175],[-122.330290119786,47.5140364799645],[-122.330269970552,47.5139980435006],[-122.330077132336,47.5139987965089],[-122.329445338141,47.5139984475571],[-122.329035950688,47.5139997868077],[-122.329003504805,47.5139998929246],[-122.328804637823,47.5140005423424],[-122.328676452868,47.5140009607371],[-122.328563020403,47.5140013314092],[-122.328477831267,47.5140098413588],[-122.328376107392,47.5140070935034],[-122.328184044787,47.5140008116516],[-122.327330203375,47.5140102354071],[-122.327531604643,47.5143954714537],[-122.327693689585,47.5147054991321],[-122.327844877046,47.5149946794601],[-122.327961884031,47.5152184806355],[-122.328062603034,47.5154111258476],[-122.328108136054,47.5154982149502],[-122.328263111651,47.5157946299511],[-122.32863683861,47.5165094315249],[-122.328711066145,47.5165947644494],[-122.328850716843,47.5167553076539],[-122.328927410019,47.5168434741318],[-122.329174946389,47.5171280403271],[-122.329200985783,47.517178659273],[-122.329214899164,47.5172057026631],[-122.32924769228,47.5172213287758],[-122.329309111145,47.5172242505394],[-122.329335989532,47.5172307110589],[-122.329368916258,47.5172271152591],[-122.329406169469,47.5172272228238],[-122.329422899358,47.5172714718732],[-122.329484759261,47.5173229305665],[-122.329489932249,47.5173578841558],[-122.329495266925,47.5173939367349],[-122.329499892753,47.5175502447184],[-122.329502751877,47.5176468501167],[-122.329503825539,47.5176831000614],[-122.329512791603,47.5179860391129],[-122.329516934529,47.5181260282769],[-122.329520395002,47.5182429343996],[-122.329718633853,47.5186080493524],[-122.330964512983,47.5209025687392],[-122.331013223859,47.520992274151],[-122.330963778308,47.5209896397966],[-122.330831783003,47.5209826079026],[-122.330601082892,47.5209703160928],[-122.330070701528,47.5209060775971],[-122.329641609088,47.5208989139766],[-122.329479709667,47.5209049346092],[-122.329418371622,47.5209050264016],[-122.329358299131,47.520905115887],[-122.326084091665,47.5209099886543],[-122.325874070573,47.5209102583013],[-122.325876203114,47.5205124591838],[-122.325877225311,47.5203217371813],[-122.325877696331,47.5202338348979],[-122.325878698227,47.5200470885253],[-122.325878919098,47.5200059654904],[-122.325879294751,47.5199360206144],[-122.325881165697,47.5195870151163],[-122.325882383929,47.5193598231727],[-122.325882960948,47.5192522486918],[-122.325883181813,47.519211125657],[-122.325883913271,47.5190747176447],[-122.325885088788,47.5188554032209],[-122.325885529286,47.518773160766],[-122.325881362385,47.5186853770006],[-122.325600116411,47.5186868151361],[-122.325036015175,47.5186896987569],[-122.324975316844,47.5186900091831],[-122.324914611801,47.5186899922081],[-122.324790022518,47.5186899576238],[-122.324486499983,47.5186898727939],[-122.324132412927,47.5186897725046],[-122.324071119579,47.5186897547038],[-122.324007176906,47.5186897365539],[-122.323365217665,47.5186895512123],[-122.323287866283,47.51868952863],[-122.323227623383,47.5186895109887],[-122.323149812513,47.5186894880422],[-122.323106214323,47.518690951379],[-122.323080340912,47.5186918196912],[-122.322984810147,47.5186950256226],[-122.322256480246,47.5187194662071],[-122.321604850866,47.5187181742061],[-122.321327096436,47.5187176218585],[-122.321290408967,47.5187175492],[-122.320340846768,47.5187156561456],[-122.31843862022,47.5187118391083],[-122.318093188219,47.5187153833746],[-122.317822680086,47.5187209125243],[-122.317730672966,47.518722793241],[-122.317639213962,47.5187246622226],[-122.317624703953,47.5191731457184],[-122.31763543912,47.5198695516406],[-122.317636438908,47.5200782874317],[-122.3176364583,47.520108302501],[-122.317636570794,47.5202859721305],[-122.317636623878,47.5203688430549],[-122.317636742008,47.5205540324097],[-122.317633620084,47.5206455882273],[-122.317620560678,47.5210286280872],[-122.31762474841,47.521184595471],[-122.317652701888,47.5221997421914],[-122.317652942453,47.5222238592592],[-122.317653115764,47.5222411842879],[-122.317615257047,47.5222405481681],[-122.317555631625,47.5222395496229],[-122.314981667627,47.5222329437346],[-122.31499875214,47.5217566996878],[-122.315001347001,47.5217348297424],[-122.315003738895,47.5217143226462],[-122.315006667149,47.5216910998449],[-122.315009855756,47.5216692806289],[-122.315014208263,47.5216458449354],[-122.315019679978,47.5216190337207],[-122.315023661155,47.521601409817],[-122.315031617524,47.5215701563312],[-122.315039560852,47.521541340943],[-122.315045969842,47.5215204989712],[-122.31505330406,47.5214977269735],[-122.315059234001,47.5214803556264],[-122.315065461438,47.5214630316757],[-122.315072457273,47.5214444274601],[-122.31508030228,47.5214245815081],[-122.315090275788,47.521400892568],[-122.315098025691,47.5213838681153],[-122.315106696299,47.5213655955953],[-122.315117440053,47.5213434484227],[-122.315130043237,47.5213173835049],[-122.315206683607,47.521186321602],[-122.315292174769,47.5210699201777],[-122.31539894345,47.5209746354693],[-122.315311926814,47.5209580575469],[-122.315166040709,47.5209140413362],[-122.315089731792,47.5208454082859],[-122.315057569143,47.5207910149266],[-122.31503385499,47.5207261398168],[-122.315049362371,47.5202998434745],[-122.314997911191,47.5193816325212],[-122.315133464108,47.5193730614685],[-122.315259788724,47.5193281946589],[-122.315344187516,47.5192367264524],[-122.31535243447,47.5191187472685]]],[[[-122.311123625975,47.5210761032594],[-122.311919388929,47.5210548645559],[-122.313445782462,47.5210417059593],[-122.313468910483,47.5221497744572],[-122.313470553908,47.5222285052886],[-122.312974125654,47.5222270453108],[-122.312908105516,47.5222256166473],[-122.312898790126,47.5221856966054],[-122.312852910259,47.5221856293691],[-122.311875635014,47.5221841840131],[-122.311406606789,47.5221813224105],[-122.311113611962,47.5221795343764],[-122.310946840411,47.5221744260212],[-122.310948798038,47.5221478190709],[-122.310973680788,47.521080104974],[-122.311123625975,47.5210761032594]]]]},"properties":{"beat":"99","first_precinct":null,"sector":"99"}},{"type":"Feature","geometry":{"type":"Polygon","coordinates":[[[-122.40538795359,47.6758227280443],[-122.405348625116,47.6750976438728],[-122.405244556276,47.6751036498859],[-122.405050556822,47.6751646507601],[-122.40487755641,47.6752346511404],[-122.404739040695,47.6752599663498],[-122.4046664297,47.6748695006019],[-122.404390840577,47.6748679890324],[-122.403505967385,47.6748631329372],[-122.403495492053,47.6758092915074],[-122.403411614669,47.6758088479352],[-122.401060058719,47.6757963792139],[-122.400952815582,47.6757957731569],[-122.400697550626,47.6757943309849],[-122.398695554778,47.6757830026171],[-122.398484393936,47.6757818059408],[-122.39836597971,47.6758246478869],[-122.39826270357,47.6758634161005],[-122.398232183766,47.6758636625865],[-122.398138572237,47.6758644193857],[-122.396931568526,47.6758741700468],[-122.396256174897,47.6758796211066],[-122.395683761219,47.6758842380708],[-122.394031006573,47.675897405145],[-122.392956454438,47.6759059523039],[-122.392895426553,47.6759064368658],[-122.391836277641,47.675914844469],[-122.391480197844,47.6759176682638],[-122.390764892683,47.6759233384208],[-122.390134094445,47.6759283315652],[-122.39009691066,47.6759286264483],[-122.390001571382,47.675929380376],[-122.38969351262,47.6759318195283],[-122.389412391487,47.6759340437661],[-122.388622128268,47.6759402924151],[-122.388590308559,47.675940544167],[-122.387584728989,47.6759484985115],[-122.387543753861,47.6759487795105],[-122.38655086964,47.6759555727542],[-122.386448483519,47.6759562668423],[-122.386425408314,47.6759564230722],[-122.385478724242,47.6759628299544],[-122.385353871473,47.6759636743998],[-122.385239892485,47.6759644470586],[-122.385038576049,47.6759658091087],[-122.384935571948,47.6759665057556],[-122.384738960567,47.6759678355847],[-122.384358570514,47.6759704076861],[-122.3842823452,47.6759709226997],[-122.383968451974,47.6759730434546],[-122.383335349034,47.6759773160157],[-122.383210813195,47.6759781573987],[-122.383084714598,47.6759788993543],[-122.382900433041,47.675979983623],[-122.382268584265,47.6759836997235],[-122.382214704294,47.6759840166105],[-122.382127505581,47.6759854620319],[-122.381992381074,47.6759858855652],[-122.381481007454,47.6759874846126],[-122.381163095279,47.6759884782477],[-122.381043757641,47.6759888499085],[-122.380918714996,47.6759891774908],[-122.380218690776,47.675991005962],[-122.380096746131,47.675991323865],[-122.37997218294,47.6759916483972],[-122.379851804646,47.6759919627666],[-122.379018720863,47.6759941298912],[-122.378880879812,47.6759944876313],[-122.378776888013,47.6759947575929],[-122.378523558086,47.6759954147656],[-122.377944571286,47.6759969136549],[-122.377829025125,47.675997212553],[-122.377701153007,47.6759977081047],[-122.37716757825,47.6759997749532],[-122.376837602615,47.6760010513292],[-122.376759829822,47.6760013519721],[-122.376735962429,47.6760003987481],[-122.376703942338,47.675998702225],[-122.376493177839,47.6759749384328],[-122.376396562444,47.675973535581],[-122.376380784462,47.6759622665764],[-122.376364715294,47.6759496691822],[-122.376210649173,47.6759431175804],[-122.37611604614,47.6759435413482],[-122.375739003151,47.6759452305923],[-122.373606713408,47.6759547613256],[-122.373573064535,47.6759549112642],[-122.373571596309,47.6752737063588],[-122.373576290704,47.6745446665325],[-122.373577482276,47.6738154590315],[-122.373578677071,47.6730865861217],[-122.373579872175,47.6723575449576],[-122.373580916091,47.671628886353],[-122.373581966435,47.6708996815732],[-122.373585075864,47.6701703436764],[-122.3735867087,47.6694410680039],[-122.373588470822,47.6686808770695],[-122.373588504001,47.6686653681469],[-122.373588521205,47.6686498594402],[-122.373589329762,47.6678896705795],[-122.373590116833,47.6671595426449],[-122.373590896787,47.6664310628815],[-122.373591680018,47.6657013910622],[-122.373592381991,47.6650463227579],[-122.373592399192,47.665030814049],[-122.373593085539,47.6643910834886],[-122.373593868024,47.6636617480779],[-122.373594653314,47.6629315192904],[-122.373595431154,47.6622023431338],[-122.373596870553,47.6617318884393],[-122.373597663168,47.6614726291134],[-122.373597812508,47.6614546140849],[-122.373598318599,47.6613936753569],[-122.373603451215,47.660753453663],[-122.373791248011,47.6608117090127],[-122.37400311528,47.6608226830062],[-122.376108493461,47.6609317132837],[-122.376221896667,47.6609734936817],[-122.376220843421,47.6600699528909],[-122.376221712014,47.6599247816961],[-122.376222487527,47.6597952282053],[-122.376224017955,47.6595395103561],[-122.376223912204,47.6593549608464],[-122.380399489176,47.6600767057188],[-122.38601788385,47.6625870340251],[-122.387438502749,47.6632216915085],[-122.390113505629,47.6636596859933],[-122.390663505123,47.663748685014],[-122.391045506062,47.6638116841843],[-122.391218506484,47.6638406833962],[-122.392221494864,47.6639778352691],[-122.392509507056,47.6640166809056],[-122.392598923414,47.6639911014722],[-122.393680505652,47.6636816797731],[-122.397339109015,47.6647280884356],[-122.402001775583,47.6660614409548],[-122.40204451601,47.6660736620778],[-122.402730516211,47.6662746613276],[-122.403512517975,47.6666616589787],[-122.403621519263,47.6667156586325],[-122.403640846448,47.6667278348811],[-122.40434852112,47.6671736577566],[-122.4053335249,47.6680276544637],[-122.405714527123,47.6685816539556],[-122.406025529628,47.6690336532166],[-122.406714535535,47.6703676508318],[-122.406671536342,47.6707456502209],[-122.408038541263,47.6719206473764],[-122.408383542998,47.672129646562],[-122.411086549435,47.6737686402651],[-122.41349955612,47.6752326341333],[-122.414257559285,47.6756926329022],[-122.414043559464,47.6758566333177],[-122.412895559984,47.6758536354066],[-122.411998559329,47.675851636465],[-122.411076885975,47.6758518343658],[-122.406369425862,47.6758224324331],[-122.406364243306,47.6758223996328],[-122.406363961463,47.6756933049054],[-122.406363361375,47.6754174545497],[-122.406362761736,47.675142278902],[-122.406362299791,47.6749299157385],[-122.405999554744,47.6749416492638],[-122.405871026082,47.6749625988775],[-122.405962110742,47.6758213659487],[-122.405973983959,47.6760773967037],[-122.405965587215,47.6763237709167],[-122.405933257434,47.6765651209213],[-122.405887747049,47.6767638262856],[-122.405881488685,47.6767884192969],[-122.405847886172,47.6769204691454],[-122.405343841351,47.6769011370929],[-122.405357224425,47.6765739647155],[-122.405366447851,47.6763484810215],[-122.40538795359,47.6758227280443]]]},"properties":{"beat":"B1","first_precinct":"N","sector":"B"}},{"type":"Feature","geometry":{"type":"Polygon","coordinates":[[[-122.366195571922,47.6759828218213],[-122.366044809228,47.6759797403294],[-122.366023398661,47.6759853468799],[-122.365729736,47.6759875347528],[-122.365536398362,47.6759889745275],[-122.365235621612,47.675989361315],[-122.365063744058,47.6759895824344],[-122.364521673567,47.6759902873891],[-122.364181653409,47.6759907274077],[-122.364008427986,47.6759909515517],[-122.36369578385,47.6759913632697],[-122.363527526739,47.6759915838187],[-122.363504563716,47.6759916124512],[-122.362940875144,47.675992326747],[-122.362626240801,47.6759927298642],[-122.362512784428,47.6759928754259],[-122.361946837155,47.6759935989271],[-122.361861244241,47.6759937145432],[-122.361838281005,47.6759937356458],[-122.361498099665,47.6759941689187],[-122.361278182862,47.675994556376],[-122.360769964684,47.6759954488933],[-122.360695015376,47.6759964536921],[-122.360483349609,47.6759954542503],[-122.359491566117,47.6759967341643],[-122.35946860272,47.6759967493938],[-122.358453861514,47.6759980039372],[-122.357439127023,47.6759992529519],[-122.357016562509,47.6759997745242],[-122.356503439316,47.6760004059417],[-122.356424390109,47.6760005028573],[-122.356399561085,47.6760005352122],[-122.355835526305,47.6760012702613],[-122.355327693475,47.6760019300414],[-122.354513797404,47.6759989557959],[-122.354353218355,47.6760225698125],[-122.354231408295,47.6760404834108],[-122.35418495859,47.6760473143853],[-122.353406345141,47.6760454598401],[-122.353358746462,47.6760453455182],[-122.35265297368,47.6760436582942],[-122.352474866666,47.6760643394621],[-122.352384730761,47.6760750870526],[-122.35148364894,47.6760711979608],[-122.351369970287,47.6760707065592],[-122.351086804735,47.6760695492867],[-122.349956559237,47.6760649241716],[-122.349900207241,47.6760646937268],[-122.349691567249,47.676064114352],[-122.348305018501,47.6760602533602],[-122.347820464651,47.6760578227172],[-122.347665026048,47.6760592843191],[-122.347586560345,47.6760457589559],[-122.347501559392,47.6759997590348],[-122.347488559218,47.6759747589412],[-122.347465559395,47.6759357588788],[-122.347429558621,47.6758297595624],[-122.347423558907,47.6757217593337],[-122.346835042616,47.6759848520593],[-122.346875201629,47.6758906971373],[-122.346913197054,47.6757961211377],[-122.34694912767,47.6757011767271],[-122.34698298349,47.6756058865306],[-122.347014761082,47.6755102694874],[-122.34704444777,47.6754143473585],[-122.347072045473,47.6753181399115],[-122.347093180261,47.6752381654146],[-122.347097540159,47.6752216680257],[-122.347120932518,47.6751249550832],[-122.347142212436,47.675028019212],[-122.347161379221,47.6749308820134],[-122.347178425525,47.6748335651767],[-122.347186165007,47.6747830167455],[-122.34719335063,47.6747360894037],[-122.347206148493,47.6746384754666],[-122.347216818424,47.6745407449661],[-122.347225357042,47.6744429186388],[-122.347229603052,47.6743780255741],[-122.347231763657,47.6743450180854],[-122.347236082576,47.6742448602651],[-122.347236500896,47.6742257047226],[-122.347237035646,47.6742012183473],[-122.347238171457,47.6741490807893],[-122.347241264861,47.6738650636021],[-122.347248328982,47.6731504729912],[-122.347254247763,47.6724373558438],[-122.347258364424,47.671722687406],[-122.347258697905,47.6716820566127],[-122.347283188855,47.6686963617772],[-122.347285948642,47.6683599430983],[-122.347299975258,47.666649427036],[-122.347310489258,47.6651078097715],[-122.34731116336,47.6650091046347],[-122.347311339972,47.6649927644761],[-122.347318860934,47.6642964475791],[-122.347324396821,47.6635836483077],[-122.347329881279,47.6628709630494],[-122.347335054985,47.662182315875],[-122.347335439012,47.662131125673],[-122.347335848267,47.6620736234734],[-122.347338702981,47.6613935102133],[-122.347374991363,47.6609988584045],[-122.347371342632,47.6609797443179],[-122.347363881319,47.6609538582707],[-122.347358561195,47.660930621899],[-122.347353424162,47.6609109284556],[-122.34735002085,47.6608950281109],[-122.347345264897,47.6608728736668],[-122.347342638828,47.6608521122942],[-122.347341491111,47.6608330513242],[-122.347340066168,47.6608132959421],[-122.347338816518,47.6607930668342],[-122.347338186377,47.6607743570289],[-122.347337286268,47.6607588597204],[-122.347336906595,47.660566870938],[-122.347336819884,47.6605246192161],[-122.347335871229,47.6600459908138],[-122.347334940584,47.6595788618766],[-122.347334453139,47.6593325128936],[-122.34733314333,47.6586750567219],[-122.347331288502,47.6577416110564],[-122.347327663625,47.6566571290865],[-122.347327493324,47.6566061999328],[-122.347323442362,47.6553951547567],[-122.347321053416,47.6541325874606],[-122.34732507998,47.6527682204057],[-122.347315880321,47.6526221524754],[-122.347314112268,47.6513513606678],[-122.347304507011,47.6509525013836],[-122.347311448502,47.6503237705282],[-122.347311101904,47.6501408672999],[-122.347310901796,47.6501066532882],[-122.347309724415,47.6496387637045],[-122.347308751525,47.6492520117351],[-122.347308834111,47.6492236198394],[-122.347308625475,47.6492016406385],[-122.347308461958,47.6491362204612],[-122.347311109158,47.6490451609078],[-122.34730790146,47.6489145594652],[-122.347300244931,47.648539494124],[-122.347300058839,47.648514311111],[-122.347299196946,47.6483979292032],[-122.347294363858,47.6477452245966],[-122.347293321009,47.6476043379103],[-122.347294116201,47.6472585531492],[-122.347294878551,47.646927323615],[-122.347293979768,47.6468228872169],[-122.34736343004,47.6468507720136],[-122.348403431933,47.6472687699382],[-122.34974765695,47.6478116766902],[-122.350097373833,47.6479734793102],[-122.351223451654,47.6484795226181],[-122.351387640756,47.6485515113022],[-122.354461444458,47.6499337577125],[-122.355446446702,47.6504177555538],[-122.360537457164,47.6529217456646],[-122.362435462442,47.6539087419653],[-122.364395093266,47.6549131448555],[-122.366105469696,47.6557897340593],[-122.367337472739,47.6564217313654],[-122.369141919437,47.6570232248414],[-122.370499478296,47.6574757253435],[-122.371711478923,47.6578797230543],[-122.372088682983,47.6580057283404],[-122.376025486507,47.6593207140367],[-122.376223912204,47.6593549608464],[-122.376224017955,47.6595395103561],[-122.376222487527,47.6597952282053],[-122.376221712014,47.6599247816961],[-122.376220843421,47.6600699528909],[-122.376221896667,47.6609734936817],[-122.376108493461,47.6609317132837],[-122.37400311528,47.6608226830062],[-122.373791248011,47.6608117090127],[-122.373603451215,47.660753453663],[-122.373598318599,47.6613936753569],[-122.373597812508,47.6614546140849],[-122.373597663168,47.6614726291134],[-122.373596870553,47.6617318884393],[-122.373595431154,47.6622023431338],[-122.373594653314,47.6629315192904],[-122.373593868024,47.6636617480779],[-122.373593085539,47.6643910834886],[-122.373592399192,47.665030814049],[-122.373592381991,47.6650463227579],[-122.373591680018,47.6657013910622],[-122.373590896787,47.6664310628815],[-122.373590116833,47.6671595426449],[-122.373589329762,47.6678896705795],[-122.373588521205,47.6686498594402],[-122.373588504001,47.6686653681469],[-122.373588470822,47.6686808770695],[-122.3735867087,47.6694410680039],[-122.373585075864,47.6701703436764],[-122.373581966435,47.6708996815732],[-122.373580916091,47.671628886353],[-122.373579872175,47.6723575449576],[-122.373578677071,47.6730865861217],[-122.373577482276,47.6738154590315],[-122.373576290704,47.6745446665325],[-122.373571596309,47.6752737063588],[-122.373573064535,47.6759549112642],[-122.373545045346,47.6759550363641],[-122.371952743034,47.6759621251435],[-122.371397711653,47.6759645914841],[-122.370850257038,47.6759670212414],[-122.369778641514,47.6759717701405],[-122.368737900475,47.6759763726578],[-122.367622906551,47.6759812918347],[-122.367452917317,47.6759820407927],[-122.366864034161,47.6759846340978],[-122.366559073667,47.6759838077397],[-122.366536110633,47.6759837461224],[-122.366195571922,47.6759828218213]]]},"properties":{"beat":"B2","first_precinct":"N","sector":"B"}},{"type":"Feature","geometry":{"type":"Polygon","coordinates":[[[-122.337996463785,47.6686870602975],[-122.336379246704,47.668686235615],[-122.336831738334,47.6701771566127],[-122.336926676036,47.6704899564239],[-122.33696760813,47.6706145776003],[-122.337004614558,47.6707272462231],[-122.33658550425,47.6709070250366],[-122.336274744293,47.6710403241485],[-122.336178358591,47.6710927203763],[-122.336095020734,47.6711377799333],[-122.336013078654,47.6711839950032],[-122.335932567647,47.6712313426333],[-122.335853523165,47.6712798052665],[-122.335775977841,47.6713293599852],[-122.335699964413,47.671379987469],[-122.335625516847,47.671431664783],[-122.335552666498,47.6714843708257],[-122.335481444644,47.671538081798],[-122.335414339989,47.6715908415298],[-122.335392790843,47.6716084277937],[-122.335344003728,47.6716484297351],[-122.335117256965,47.6718383159495],[-122.335094355158,47.6718574951969],[-122.335079939922,47.6718695672268],[-122.334521779314,47.6723369797105],[-122.333928922,47.6728317616662],[-122.333680260501,47.6730392842362],[-122.33355093011,47.6731473766279],[-122.333553192443,47.6729226018084],[-122.333558059797,47.6723190026716],[-122.332432387438,47.6723111147301],[-122.331802680911,47.6723066760778],[-122.330902565362,47.6723003247036],[-122.328212231984,47.6722813214419],[-122.326757307976,47.6722711032507],[-122.3254933287,47.6722622114749],[-122.325224535057,47.6722602703022],[-122.324546817367,47.6722553740487],[-122.324460075257,47.6722547471133],[-122.323446788312,47.6722475870727],[-122.322939453204,47.6722439402999],[-122.322820449572,47.6722446974239],[-122.322718980724,47.6722439315522],[-122.322370567892,47.6722412972903],[-122.322292672131,47.6722407087101],[-122.322157006411,47.6722453703863],[-122.321976543866,47.6722638081605],[-122.321930186645,47.6722610970652],[-122.321805543721,47.6722538087921],[-122.3217729842,47.6722521390192],[-122.321597157722,47.6722356415876],[-122.321647290934,47.6720598032482],[-122.32169466977,47.6718469084111],[-122.321732104564,47.6716782492329],[-122.321795229814,47.6713600290283],[-122.32188182983,47.6707703713938],[-122.321911451176,47.6705803892654],[-122.321940693766,47.6701559384659],[-122.321942044615,47.6701363274453],[-122.321943072872,47.6701187060653],[-122.321966257845,47.6697216004913],[-122.321962719693,47.6694600545559],[-122.321961363207,47.6693598222407],[-122.321960958189,47.6693299175082],[-122.321965990099,47.6689088668854],[-122.321969360243,47.6686268195557],[-122.321969583119,47.6686081426682],[-122.321976148476,47.6677266268836],[-122.321979093506,47.6672783374101],[-122.321982360985,47.666631826804],[-122.321985712473,47.6659688154482],[-122.321990713829,47.6649653328165],[-122.321993402365,47.6643680407484],[-122.321991478282,47.6638246088639],[-122.321991365437,47.6637927688573],[-122.321993060261,47.6637583449527],[-122.321997910451,47.6636598199122],[-122.322024196727,47.66312583939],[-122.322027870011,47.6630512286054],[-122.3221279826,47.6617936950656],[-122.322152734453,47.6614294385117],[-122.322159598214,47.6613291239048],[-122.322223478704,47.6605328031677],[-122.322254607824,47.6601389390849],[-122.322265408509,47.6599914751216],[-122.322305072116,47.6594499499642],[-122.322338292051,47.6589964012415],[-122.322351583323,47.6587933739295],[-122.322371799512,47.6584762528351],[-122.322380676316,47.658337001294],[-122.322389491699,47.6581086762422],[-122.322397039251,47.6577827705999],[-122.32240109895,47.6576075573804],[-122.322424899048,47.6568399485458],[-122.322450869328,47.6560023526722],[-122.322445627421,47.6559112930953],[-122.32244303621,47.655866290086],[-122.322456466539,47.6555327490097],[-122.322457201281,47.6555145188168],[-122.322457497807,47.6553901113571],[-122.32247398538,47.6545153202251],[-122.322488855675,47.6537230250348],[-122.322489887481,47.6536810018172],[-122.322498906463,47.653313452164],[-122.322505181223,47.6530577394254],[-122.322507803391,47.6528471914074],[-122.322626338124,47.6527738870629],[-122.323205454898,47.652412812468],[-122.326535445499,47.650321807692],[-122.326968443567,47.6499038066346],[-122.32765944168,47.6492388061442],[-122.32976343242,47.6472108022496],[-122.331387424722,47.6456468003893],[-122.332619420363,47.644459798791],[-122.337536398592,47.6397217921878],[-122.338336398377,47.6395217901697],[-122.338392397974,47.6395677908495],[-122.340427405624,47.6412497867053],[-122.340921647445,47.6416580971317],[-122.343055415314,47.6434207811486],[-122.345336488568,47.6453050279304],[-122.347038429246,47.6467107720482],[-122.347231430249,47.6467977722914],[-122.347293979768,47.6468228872169],[-122.347294878551,47.646927323615],[-122.347294116201,47.6472585531492],[-122.347293321009,47.6476043379103],[-122.347294363858,47.6477452245966],[-122.347299196946,47.6483979292032],[-122.347300058839,47.648514311111],[-122.347300244931,47.648539494124],[-122.34730790146,47.6489145594652],[-122.347311109158,47.6490451609078],[-122.347308461958,47.6491362204612],[-122.347308625475,47.6492016406385],[-122.347308834111,47.6492236198394],[-122.347308751525,47.6492520117351],[-122.347309724415,47.6496387637045],[-122.347310901796,47.6501066532882],[-122.347311101904,47.6501408672999],[-122.347311448502,47.6503237705282],[-122.347304507011,47.6509525013836],[-122.347314112268,47.6513513606678],[-122.347315880321,47.6526221524754],[-122.34732507998,47.6527682204057],[-122.347321053416,47.6541325874606],[-122.347323442362,47.6553951547567],[-122.347327493324,47.6566061999328],[-122.347327663625,47.6566571290865],[-122.347331288502,47.6577416110564],[-122.34733314333,47.6586750567219],[-122.347334453139,47.6593325128936],[-122.347334940584,47.6595788618766],[-122.347335871229,47.6600459908138],[-122.347336819884,47.6605246192161],[-122.347336906595,47.660566870938],[-122.347337286268,47.6607588597204],[-122.347338186377,47.6607743570289],[-122.347338816518,47.6607930668342],[-122.347340066168,47.6608132959421],[-122.347341491111,47.6608330513242],[-122.347342638828,47.6608521122942],[-122.347345264897,47.6608728736668],[-122.34735002085,47.6608950281109],[-122.347353424162,47.6609109284556],[-122.347358561195,47.660930621899],[-122.347363881319,47.6609538582707],[-122.347371342632,47.6609797443179],[-122.347374991363,47.6609988584045],[-122.347338702981,47.6613935102133],[-122.347335848267,47.6620736234734],[-122.347335439012,47.662131125673],[-122.347335054985,47.662182315875],[-122.347329881279,47.6628709630494],[-122.347324396821,47.6635836483077],[-122.347318860934,47.6642964475791],[-122.347311339972,47.6649927644761],[-122.34731116336,47.6650091046347],[-122.347310489258,47.6651078097715],[-122.347299975258,47.666649427036],[-122.347285948642,47.6683599430983],[-122.347283188855,47.6686963617772],[-122.347258697905,47.6716820566127],[-122.347258364424,47.671722687406],[-122.347254247763,47.6724373558438],[-122.347248328982,47.6731504729912],[-122.347241264861,47.6738650636021],[-122.347238171457,47.6741490807893],[-122.347237035646,47.6742012183473],[-122.347236500896,47.6742257047226],[-122.347236082576,47.6742448602651],[-122.347231763657,47.6743450180854],[-122.347229603052,47.6743780255741],[-122.347225357042,47.6744429186388],[-122.347216818424,47.6745407449661],[-122.347206148493,47.6746384754666],[-122.34719335063,47.6747360894037],[-122.347186165007,47.6747830167455],[-122.347178425525,47.6748335651767],[-122.347161379221,47.6749308820134],[-122.347142212436,47.675028019212],[-122.347120932518,47.6751249550832],[-122.347097540159,47.6752216680257],[-122.347093180261,47.6752381654146],[-122.347072045473,47.6753181399115],[-122.34704444777,47.6754143473585],[-122.347014761082,47.6755102694874],[-122.34698298349,47.6756058865306],[-122.34694912767,47.6757011767271],[-122.346913197054,47.6757961211377],[-122.346875201629,47.6758906971373],[-122.346835042616,47.6759848520593],[-122.346838394465,47.675936115286],[-122.346835375683,47.6758873902743],[-122.346830185807,47.6758387588759],[-122.346827100616,47.6758169330605],[-122.346824345507,47.6757997178552],[-122.346821864033,47.6757842145694],[-122.34681386032,47.6757434723391],[-122.34680825514,47.6757190900246],[-122.346794475616,47.675667818128],[-122.346778414258,47.6756140711302],[-122.346762414396,47.6755659107861],[-122.34674639479,47.6755205475873],[-122.346726326595,47.6754674763383],[-122.346707948939,47.6754225537801],[-122.346683592705,47.6753673174494],[-122.346661555468,47.6753202673409],[-122.346637147367,47.675270885447],[-122.346618211661,47.6752346964972],[-122.346582793398,47.6751705372204],[-122.346558830657,47.6751297667519],[-122.346532967531,47.6750877719626],[-122.34650659231,47.6750464865641],[-122.34647813172,47.6750040278786],[-122.346443563029,47.6749558154448],[-122.346416193053,47.6749176441912],[-122.346380872802,47.6748713380972],[-122.346332476233,47.6748110646952],[-122.346310494832,47.6747850835281],[-122.346280163672,47.6747492320778],[-122.346238219808,47.6747022870185],[-122.34620338615,47.6746651360302],[-122.346172659142,47.674632931427],[-122.346127144882,47.6745871447573],[-122.346078171374,47.6745399781222],[-122.346044917374,47.6745089036635],[-122.346003880365,47.6744715471094],[-122.345954139532,47.6744282130506],[-122.345890249596,47.6743749570162],[-122.345829833939,47.6743268860497],[-122.345764800045,47.6742777014721],[-122.345717876477,47.6742434681426],[-122.345670346284,47.6742097619216],[-122.345625057063,47.6741785007586],[-122.345590992791,47.6741559076472],[-122.345563981479,47.6741381741543],[-122.345484191839,47.6740876334596],[-122.345335373249,47.6739982047681],[-122.345287652149,47.67396845021],[-122.345188267785,47.673903821499],[-122.345125393814,47.6738609906324],[-122.345036181973,47.6737973243276],[-122.344975397616,47.6737521419645],[-122.344949150838,47.6737320583042],[-122.344918486461,47.673708097463],[-122.344867917378,47.6736674619708],[-122.344782770231,47.6735962028248],[-122.344703912879,47.6735264596804],[-122.344663194736,47.6734888321507],[-122.34459566967,47.6734237551064],[-122.344559363644,47.6733873842411],[-122.34448702626,47.6733113948451],[-122.344469378067,47.6732919706872],[-122.344456358848,47.6732776938619],[-122.344443557629,47.6732635391891],[-122.344424921512,47.6732426149867],[-122.344410930223,47.6732265590293],[-122.344394336574,47.6732072126333],[-122.344372462579,47.6731812953594],[-122.344356303648,47.6731617821624],[-122.344343771561,47.6731463914455],[-122.344329874277,47.6731290774787],[-122.344309101387,47.6731027776492],[-122.344291235579,47.6730796661568],[-122.344278688053,47.6730631016487],[-122.344263743218,47.67304315222],[-122.344246543018,47.6730197979951],[-122.344231672578,47.6729997036384],[-122.344214994863,47.6729761778514],[-122.344198643564,47.6729525631699],[-122.3441826439,47.6729288565608],[-122.344167911481,47.6729067731304],[-122.344151370305,47.6728812070108],[-122.344138285635,47.672860685936],[-122.344128585385,47.6728452504458],[-122.344116876926,47.672826343908],[-122.344104199466,47.672805992853],[-122.344091628972,47.6727849224907],[-122.344079531173,47.6727641220385],[-122.344067702302,47.6727432712393],[-122.344057917776,47.6727258514249],[-122.344048744926,47.6727092673314],[-122.344036999999,47.672687408754],[-122.344025852939,47.6726663689878],[-122.344014909251,47.6726452689489],[-122.344002106278,47.6726205969285],[-122.343994612091,47.672605768198],[-122.343986298494,47.6725887759786],[-122.343976142136,47.6725674972693],[-122.343964554528,47.6725426175125],[-122.343954845588,47.6725212429079],[-122.343943771632,47.6724962546824],[-122.343931474391,47.6724676257673],[-122.343919679542,47.6724389137228],[-122.343908455169,47.6724101239435],[-122.343900070802,47.6723884951743],[-122.343893264742,47.6723704403132],[-122.343885064354,47.6723487713201],[-122.343878583034,47.6723306617742],[-122.343872262111,47.6723125258119],[-122.343861499765,47.6722800172175],[-122.343852081622,47.6722506808115],[-122.343843160811,47.6722214997402],[-122.343834597969,47.6721922617447],[-122.343826398502,47.6721629694522],[-122.343819513667,47.6721372986456],[-122.343814805906,47.6721189397794],[-122.343810711798,47.6721024016811],[-122.343805696614,47.6720821721063],[-122.343800639212,47.6720600773029],[-122.34379539306,47.6720361165147],[-122.343791368648,47.6720157892399],[-122.343786979326,47.6719936298023],[-122.343782457148,47.6719696027394],[-122.343777638006,47.6719418651297],[-122.343774089975,47.6719196432597],[-122.343770681692,47.6718975094977],[-122.343766482078,47.6718714738296],[-122.343762277617,47.6718455461786],[-122.34375723579,47.6718177989261],[-122.343752196883,47.671793818296],[-122.343746022489,47.6717680714953],[-122.343739449627,47.6717423623633],[-122.343731211439,47.6717130624819],[-122.343724048747,47.6716893304125],[-122.343715153825,47.6716620426656],[-122.343707401964,47.671639714599],[-122.343700294268,47.6716201199988],[-122.343695721682,47.6715963265999],[-122.34368322705,47.6715193238258],[-122.343674762577,47.6714980010718],[-122.343667304525,47.6714800987804],[-122.343659860915,47.6714630599214],[-122.34364950737,47.6714408500072],[-122.343637555479,47.6714160245294],[-122.343625305847,47.6713913568308],[-122.34361345442,47.6713687502529],[-122.343598638213,47.6713423389508],[-122.343586630514,47.6713215039722],[-122.343574400516,47.6713008104791],[-122.343557296529,47.6712733571676],[-122.343543728637,47.6712528685263],[-122.343529982617,47.671232528881],[-122.343513626384,47.6712089438635],[-122.343499562005,47.6711894729589],[-122.34348672501,47.6711722267074],[-122.343472347709,47.6711540409905],[-122.343460696365,47.6711392331512],[-122.343446517853,47.6711212418105],[-122.34342904568,47.6711001356022],[-122.343412367921,47.6710807919895],[-122.343395283329,47.6710616102992],[-122.343376529234,47.6710409843743],[-122.343360411441,47.671023676343],[-122.34334233049,47.6710049477606],[-122.343322307998,47.6709848091351],[-122.343303513315,47.6709664057699],[-122.343285823635,47.670949682618],[-122.343266180906,47.6709316116476],[-122.343244823838,47.670912203188],[-122.343226650661,47.67089593624],[-122.343209603313,47.6708812871571],[-122.343184896226,47.6708609937918],[-122.343157201987,47.6708385071829],[-122.343127997635,47.6708155233065],[-122.343104234561,47.6707974187554],[-122.343082098559,47.6707809020359],[-122.343061359611,47.6707659411126],[-122.343038172417,47.6707497783679],[-122.343007170921,47.6707286552788],[-122.342975391448,47.6707078465588],[-122.342949423462,47.6706911826814],[-122.342923233552,47.6706747646334],[-122.342894477182,47.6706573847215],[-122.342865437467,47.6706402910343],[-122.34284013941,47.6706258717749],[-122.342816713791,47.6706128220925],[-122.342784395364,47.6705953715039],[-122.342749285023,47.6705771752396],[-122.342713929534,47.6705593420563],[-122.342678039391,47.6705418550985],[-122.342651005082,47.6705291005877],[-122.342627966169,47.6705186321183],[-122.342595394178,47.6705040491902],[-122.342558972893,47.6704882200141],[-122.342521380279,47.670472597961],[-122.342483396848,47.6704574137846],[-122.342454440905,47.6704463156754],[-122.342430098399,47.6704372768212],[-122.34240585223,47.6704283905188],[-122.34238409267,47.6704206056781],[-122.342347110398,47.6704077903582],[-122.342310015844,47.6703954650011],[-122.34228758059,47.6703883062239],[-122.342265118271,47.6703812242676],[-122.342227418695,47.6703682429872],[-122.342101596062,47.6703233997338],[-122.341840788997,47.6702675568536],[-122.341796860647,47.6702578839093],[-122.341744021168,47.6702462481484],[-122.341374237671,47.6701805516516],[-122.341158590165,47.6701416562573],[-122.34111621966,47.6701336590948],[-122.34097476729,47.6701031633241],[-122.34094501275,47.670096747971],[-122.340771234615,47.6700392300113],[-122.340724131245,47.6700181124777],[-122.340666467583,47.6699922614802],[-122.340581744158,47.669953850115],[-122.340513492932,47.6699067509468],[-122.340432294081,47.6698457045866],[-122.340342575299,47.6697733935397],[-122.340318266503,47.6697550203652],[-122.340284537409,47.6697275913035],[-122.340250404123,47.6696979338525],[-122.340210714124,47.6696608237757],[-122.34017830358,47.669627741199],[-122.340151800168,47.6695984388965],[-122.340118901464,47.6695593110989],[-122.340093648354,47.6695262291861],[-122.340066977402,47.6694881579045],[-122.340037207585,47.6694586414924],[-122.340005427728,47.6694137683639],[-122.339963791199,47.6693443205589],[-122.339973238691,47.6692689991884],[-122.339999461146,47.669060875344],[-122.340005826107,47.6690159942873],[-122.340024244928,47.6688861027883],[-122.34002571164,47.6687850412325],[-122.339534937259,47.6687827628864],[-122.339051379698,47.6687805165794],[-122.338882369058,47.668686388945],[-122.338693466354,47.6686867785223],[-122.338472091925,47.6686872342917],[-122.337996463785,47.6686870602975]]]},"properties":{"beat":"B3","first_precinct":"N","sector":"B"}},{"type":"Feature","geometry":{"type":"Polygon","coordinates":[[[-122.312773281438,47.6141537506683],[-122.312773494472,47.6141126288348],[-122.312907284808,47.614112921577],[-122.313416108062,47.614114044913],[-122.313439295925,47.6141140968628],[-122.313693011681,47.6141146549837],[-122.313887860648,47.6141174052178],[-122.314224029368,47.6141221493443],[-122.315530032442,47.6141129069807],[-122.315538610447,47.6146492623036],[-122.31554858452,47.6152728655064],[-122.315565195175,47.6163126235447],[-122.315567268912,47.6164413622241],[-122.315585824687,47.6176101718556],[-122.315588591587,47.6177829910848],[-122.315599435995,47.6184619445324],[-122.315604486402,47.6187780939726],[-122.315609890725,47.619212578076],[-122.315619017602,47.6199462974614],[-122.315628719503,47.6204447917608],[-122.315641730438,47.6211133049436],[-122.315708246541,47.6211128353259],[-122.315721316716,47.6213558351725],[-122.315731263812,47.621449865335],[-122.315725429667,47.6218024393472],[-122.315722820223,47.6219601279861],[-122.31570439581,47.6231105688565],[-122.315685911728,47.6242606254262],[-122.316049982999,47.6242611818938],[-122.316736741232,47.624262227975],[-122.317786924165,47.6242639165185],[-122.31812208543,47.624264470074],[-122.318837614353,47.6242656490272],[-122.319889020804,47.6242673354956],[-122.320627020244,47.6242685281768],[-122.320942389415,47.6242690360864],[-122.320940893934,47.6243716933473],[-122.32093196594,47.6249843716518],[-122.320892987627,47.6250492028271],[-122.321026334088,47.6251128252743],[-122.321063271125,47.6251142550395],[-122.321330323334,47.6251172061817],[-122.321451988536,47.6251172474397],[-122.321648166749,47.6251173164164],[-122.321921058916,47.6251174118293],[-122.321976200771,47.6251174310211],[-122.322263174214,47.6251176140252],[-122.322384828527,47.6251176922122],[-122.322506495584,47.6251176576517],[-122.322879748109,47.6251178221407],[-122.323026203526,47.625117886334],[-122.323441673242,47.6251179876119],[-122.323487826045,47.6251179987089],[-122.323583068499,47.6251180210776],[-122.324041407083,47.6251180923401],[-122.324646333318,47.6251182410257],[-122.324987322312,47.6251183229476],[-122.325322172795,47.6251184033494],[-122.326603626062,47.62511882407],[-122.3272753342,47.6251190370957],[-122.3278866056,47.6251192283161],[-122.328095813519,47.625119037723],[-122.328137310724,47.6251202685678],[-122.328496273434,47.6251193671496],[-122.328494562017,47.625505667178],[-122.328489936507,47.626650836158],[-122.328488055537,47.6271167985503],[-122.328423786836,47.6275523757652],[-122.328342096621,47.6279150968171],[-122.32825208774,47.6281547799238],[-122.32823990117,47.6281871701715],[-122.328205417142,47.6282790536475],[-122.32814752916,47.6283932317416],[-122.328095091638,47.6284966599007],[-122.32808045111,47.6285255370051],[-122.328063212942,47.6285514525293],[-122.328021954984,47.6286134760989],[-122.327943209786,47.6287318574356],[-122.32792508609,47.628759101588],[-122.32785605283,47.6288401602157],[-122.327765562281,47.6289449568438],[-122.327735041913,47.6289803018424],[-122.327675756556,47.629048959948],[-122.327654951253,47.6290704206048],[-122.327585016667,47.6291425542007],[-122.327496222923,47.6292341391991],[-122.327447750453,47.6292838732648],[-122.327415778016,47.6293166787518],[-122.327267490848,47.6294482339803],[-122.327241787813,47.6294710371768],[-122.327174604976,47.6295306388619],[-122.326884377906,47.6297840088007],[-122.326697365513,47.6299512648375],[-122.326545308127,47.6300872568153],[-122.326510451796,47.6301184301951],[-122.326381372466,47.6302328043618],[-122.325749349218,47.6307928098709],[-122.325561847566,47.6309589431508],[-122.325360536136,47.6311393764242],[-122.325268262456,47.6312222223457],[-122.325076649107,47.6314135427539],[-122.324863452213,47.6316427023564],[-122.32456356613,47.6320211496181],[-122.324546600171,47.6320470052277],[-122.3244085628,47.6322574705839],[-122.324302276628,47.6324269440974],[-122.324148830313,47.6327346639517],[-122.324059926416,47.6329523353271],[-122.323993628619,47.6331146592588],[-122.323470874109,47.6344001220719],[-122.323362806461,47.6347383289655],[-122.323333956297,47.6348286185058],[-122.323321207065,47.6348684750502],[-122.323225852891,47.6351665684228],[-122.323125245232,47.6355847566534],[-122.323037368111,47.6360628430116],[-122.3229935743,47.6363999439044],[-122.322962648485,47.6366319500701],[-122.322935336623,47.6369869362126],[-122.322934249984,47.637034223772],[-122.322898853531,47.6385747961659],[-122.32287665571,47.6395408511341],[-122.322872580155,47.6397181940875],[-122.322856124281,47.640431087151],[-122.322829961465,47.6415015435678],[-122.322822622797,47.6417343214602],[-122.322818256344,47.6418727998753],[-122.32281754064,47.6419087394542],[-122.322807637348,47.6422836551641],[-122.32279459365,47.6427774956197],[-122.322792218511,47.6428848387448],[-122.322789965208,47.6429674357468],[-122.322783279699,47.6431894296108],[-122.322710739475,47.6455734655869],[-122.322709377933,47.645617815015],[-122.322686782184,47.6463539898805],[-122.322655644187,47.6469218092845],[-122.32264379527,47.6471378639717],[-122.322599326599,47.6479487869083],[-122.322595819676,47.6480127325871],[-122.322581728158,47.6487313797727],[-122.322562537801,47.6497574740891],[-122.322560293143,47.6499167190503],[-122.32253552204,47.6511528152937],[-122.322525579665,47.6516636696567],[-122.322522159374,47.6520142443572],[-122.322513171649,47.6524161072368],[-122.322512349676,47.6524820958737],[-122.322507803391,47.6528471914074],[-122.322474456565,47.6528678136895],[-122.322342048903,47.652950720818],[-122.322225457863,47.6530258139457],[-122.320290088751,47.6528527920005],[-122.319937456819,47.6528278186431],[-122.315873442685,47.6495268261688],[-122.313495433893,47.6475948310683],[-122.313426433855,47.6475388317021],[-122.31338043318,47.6475018316304],[-122.313273432795,47.6474148319054],[-122.313035431667,47.6472218322843],[-122.312410432196,47.6471978329276],[-122.312321431802,47.6471938333288],[-122.310435430998,47.6471218372375],[-122.310805418125,47.6440838374219],[-122.310824417075,47.6439308366633],[-122.310846414367,47.6433178367544],[-122.310850006523,47.6432154469108],[-122.310850551046,47.6431999423999],[-122.31085012462,47.6431564962537],[-122.312411765382,47.6431298002137],[-122.313115452465,47.6431173643348],[-122.313342593006,47.6431132758647],[-122.313412217841,47.643112022675],[-122.313812318129,47.6431053357573],[-122.314016890708,47.6430983179051],[-122.314091367756,47.643095762446],[-122.314247425025,47.643092246649],[-122.314487996737,47.6430817082673],[-122.314688463956,47.6430708140452],[-122.315079217737,47.6430449216978],[-122.315339786947,47.6430230786378],[-122.316117319839,47.6429456319088],[-122.316156128403,47.6429417664811],[-122.31819235635,47.6427154503265],[-122.318158831393,47.6426956329512],[-122.318118511981,47.6426717480012],[-122.317949359636,47.6425715437431],[-122.31794941796,47.6422566223165],[-122.317949585917,47.6413545551012],[-122.317950367889,47.6408752603272],[-122.316976144883,47.6408789716915],[-122.315996475379,47.6408826916694],[-122.315996657458,47.6407572324218],[-122.315998385878,47.6395589284014],[-122.315712110932,47.6395597855019],[-122.315684054158,47.6395583614941],[-122.315653129647,47.6395532261699],[-122.315629918549,47.6395486012431],[-122.315604471708,47.6395427306817],[-122.315576348816,47.6395352037003],[-122.315547536077,47.6395264496383],[-122.315523030533,47.6395179246697],[-122.315491062965,47.6395053793554],[-122.315466431032,47.6394945206503],[-122.31544131909,47.6394821379636],[-122.315408895291,47.6394640911951],[-122.315379742384,47.6394455934194],[-122.315351783451,47.6394253672499],[-122.315331573707,47.6394089156938],[-122.315315872818,47.63939472552],[-122.315302489085,47.639381648578],[-122.315287816108,47.6393658815101],[-122.315273222113,47.6393484950264],[-122.315262480651,47.639334347344],[-122.315252444015,47.6393197100985],[-122.315241542719,47.6393018680254],[-122.315233259592,47.6392865008661],[-122.315223149024,47.6392643636893],[-122.315213404199,47.6392374511557],[-122.315207111748,47.6392154765875],[-122.315206502736,47.6388495529335],[-122.315211997659,47.6382643084329],[-122.31516836989,47.6382644255908],[-122.314990381152,47.6382649051294],[-122.314964404137,47.638264975116],[-122.314906417024,47.6382651315104],[-122.314814693571,47.6382653778352],[-122.314695767024,47.6382660608101],[-122.313830356214,47.637645037455],[-122.31369693613,47.6375492923322],[-122.313640319169,47.6375086629734],[-122.313588591105,47.6374715414448],[-122.313589303474,47.6374166042318],[-122.313607817972,47.6359891282531],[-122.313608435927,47.635945792644],[-122.313608257453,47.6358885973131],[-122.313606228061,47.6358314179527],[-122.313602353847,47.6357742814715],[-122.313596634305,47.6357172166632],[-122.313589071514,47.6356602495892],[-122.31357967157,47.635603407158],[-122.313568452083,47.6355467934941],[-122.313555411626,47.6354903582379],[-122.313540551023,47.6354341301654],[-122.313523880258,47.6353781325359],[-122.313505405504,47.6353223949552],[-122.313485138126,47.6352669424636],[-122.313463086881,47.6352118019346],[-122.313439261829,47.6351569993249],[-122.313413673055,47.6351025614903],[-122.313386334561,47.6350485125369],[-122.313355237479,47.6349912810685],[-122.313322179716,47.6349345545704],[-122.313287174123,47.6348783634605],[-122.313250245521,47.6348227380007],[-122.313211412083,47.6347677085397],[-122.313170691978,47.6347133054257],[-122.313128109978,47.6346595571222],[-122.313083688244,47.6346064939254],[-122.313037451521,47.6345541433995],[-122.313022684315,47.6345379859617],[-122.312976185355,47.634488764041],[-122.31293099025,47.6344431253663],[-122.312884388336,47.634398138279],[-122.312836401389,47.6343538195866],[-122.312787051336,47.6343101914927],[-122.312748791109,47.6342753298257],[-122.312720472209,47.6342476014491],[-122.312691613896,47.6342169572664],[-122.312663407903,47.6341843056827],[-122.312637077039,47.6341509460278],[-122.312623822868,47.634132479391],[-122.312591322622,47.6340861826427],[-122.312580054075,47.634064716113],[-122.312550341314,47.6340278415559],[-122.312535380312,47.6339810398115],[-122.31252318593,47.6339435840734],[-122.312508986251,47.6339045503986],[-122.312499337177,47.6338701094397],[-122.312491508135,47.6338354577145],[-122.312485508333,47.6338006382844],[-122.312481354396,47.6337657678821],[-122.312479025623,47.6337306803501],[-122.31247855051,47.6336956290064],[-122.312494949965,47.6324690514105],[-122.312496761262,47.6323335701932],[-122.311924437373,47.6323305916278],[-122.311356241268,47.6323276339577],[-122.31121543648,47.6323269008837],[-122.311125900578,47.632326434074],[-122.310554545851,47.6323234531352],[-122.310084298052,47.6323209965393],[-122.309893661935,47.6323200005647],[-122.309909948641,47.6307613634812],[-122.309911348488,47.6306285928261],[-122.309912699134,47.6305356248084],[-122.309939876981,47.628683094728],[-122.309964992054,47.6268652709514],[-122.309987339442,47.6252473997957],[-122.309990027225,47.6250469910967],[-122.30999827828,47.6244320841021],[-122.3100007468,47.6242831130078],[-122.310014704768,47.6234455415355],[-122.310018499493,47.6233914360933],[-122.310030363941,47.6233539495601],[-122.310043997754,47.6233244186424],[-122.310061093462,47.6233008728409],[-122.30996232572,47.6232468440238],[-122.309937852519,47.6232261225311],[-122.309962392435,47.6232135668659],[-122.3099844299,47.6231969972505],[-122.310002947972,47.6231706361398],[-122.310015214985,47.6231469577793],[-122.310018260599,47.6231259962115],[-122.31003508917,47.6220762072305],[-122.310045260313,47.621471649475],[-122.310046364863,47.6214059821568],[-122.310061691796,47.6204953783999],[-122.310067683604,47.6200924496679],[-122.310073926213,47.6196727661781],[-122.310131432305,47.6186337221457],[-122.310138100068,47.6185132301199],[-122.310139011208,47.6177646635195],[-122.310139193824,47.6176112141433],[-122.310141687275,47.6173573085473],[-122.310150662768,47.6164432039574],[-122.310151091383,47.6158060755535],[-122.310151198582,47.6156458459439],[-122.310151236677,47.6155898631799],[-122.311106248612,47.6151917977811],[-122.311166347373,47.6151667478442],[-122.311225638735,47.6151420340168],[-122.311459488829,47.6150445591634],[-122.312096825226,47.6147795295881],[-122.312771455442,47.6144989854461],[-122.312773281438,47.6141537506683]]]},"properties":{"beat":"C1","first_precinct":"E","sector":"C"}},{"type":"Feature","geometry":{"type":"Polygon","coordinates":[[[-122.323401200596,47.6140487539699],[-122.323440089365,47.6129867433784],[-122.323382331437,47.6129867683158],[-122.323223143635,47.6129868384474],[-122.322093464518,47.6129869088183],[-122.321753901138,47.6129809037083],[-122.320762378326,47.6129633629287],[-122.320760061573,47.6112593523129],[-122.320760198814,47.6111690760491],[-122.320760044974,47.6110831369876],[-122.320759183935,47.6106023875911],[-122.320758798577,47.6104118292822],[-122.320758338444,47.610183798],[-122.320757341902,47.6095771218436],[-122.320756772839,47.6092414992099],[-122.320756522713,47.6090936928609],[-122.320754835804,47.6080993066989],[-122.320754791592,47.6080734670189],[-122.320754314225,47.6079014219773],[-122.320752445274,47.6072467695598],[-122.320752363896,47.6072184195673],[-122.32142077484,47.6069473331844],[-122.322529695608,47.6064834860369],[-122.322837395538,47.6063547747518],[-122.323641157895,47.606018396255],[-122.3247492525,47.6055546979019],[-122.325049807973,47.6054289159951],[-122.325859621621,47.6050900041754],[-122.326192408904,47.6049507349672],[-122.326742601654,47.6047204948555],[-122.326970314629,47.6046251790481],[-122.327134862136,47.6045565009353],[-122.327155451104,47.6045475781947],[-122.327275300424,47.6044974320895],[-122.327444484676,47.6044266892101],[-122.327582462684,47.6043688208739],[-122.328196127114,47.6051010372015],[-122.328314848044,47.6052444129749],[-122.329278982625,47.6064393487836],[-122.329388487215,47.6065750909727],[-122.329266800451,47.6066255521974],[-122.329307238383,47.6066770690933],[-122.329727777965,47.6072128264026],[-122.329851758636,47.6073670788315],[-122.330216735584,47.6078002759369],[-122.330441331722,47.6081067823133],[-122.330566658372,47.60830655623],[-122.330595741931,47.6083601832523],[-122.330614092916,47.608394022497],[-122.330659638216,47.6084780069382],[-122.330736215412,47.6086913531492],[-122.330754357165,47.6087496725449],[-122.330839122368,47.6089317008602],[-122.330954751962,47.6092481794412],[-122.331034927782,47.6095865181506],[-122.331047054841,47.6098003724389],[-122.331052810865,47.6099018605554],[-122.331042059585,47.6101401731367],[-122.331030280292,47.6103427731359],[-122.330964550407,47.61068267781],[-122.330882601195,47.6109563787793],[-122.330807641744,47.6111733493117],[-122.330759008074,47.6112926016525],[-122.330533461453,47.6118456506032],[-122.330525108268,47.6118700669989],[-122.330158803179,47.6129453673069],[-122.330271448559,47.6128996437403],[-122.330364374084,47.6128596751913],[-122.330310815617,47.613029754227],[-122.330187455019,47.6133142863616],[-122.329733808175,47.61436059255],[-122.329689544524,47.6145125397816],[-122.329492373369,47.6145946827397],[-122.32931231396,47.614669851546],[-122.329257359164,47.6146928932189],[-122.328711698852,47.6149210911126],[-122.328573747674,47.6149787873766],[-122.327996560913,47.6152024571556],[-122.327903755204,47.6152384206665],[-122.327316114645,47.6152275906495],[-122.326804188639,47.6152181533141],[-122.326597846542,47.6152168174011],[-122.32623559154,47.6152144715581],[-122.32618642936,47.6152147611548],[-122.325528840912,47.6152187483125],[-122.325216524793,47.615220599558],[-122.324472635913,47.6152250048782],[-122.323415470928,47.6152311418625],[-122.323401952613,47.6141059059633],[-122.323401479412,47.6140700106985],[-122.323401200596,47.6140487539699]]]},"properties":{"beat":"E3","first_precinct":"E","sector":"E"}},{"type":"Feature","geometry":{"type":"Polygon","coordinates":[[[-122.299359131976,47.6463680696027],[-122.298838427701,47.6461128576913],[-122.295147430936,47.6469968642182],[-122.292951429993,47.6466868677703],[-122.290456430876,47.6469778725336],[-122.287164427437,47.6460628783695],[-122.285515668309,47.6446433947752],[-122.285474420301,47.644607881203],[-122.285073420381,47.6445818820586],[-122.284589420825,47.6445498829857],[-122.281596418976,47.6443578882135],[-122.281364418744,47.6443398881932],[-122.280750418396,47.64427088933],[-122.28045041898,47.6442298900734],[-122.280145418719,47.6441798910544],[-122.27980841882,47.644112891478],[-122.279549418116,47.644054892041],[-122.279152417468,47.6439538922737],[-122.278807417027,47.6438558932625],[-122.278512416332,47.6437648934773],[-122.278144900026,47.6436399961121],[-122.27768141577,47.6434858951989],[-122.277316415586,47.6433588960231],[-122.277046306178,47.6432735546383],[-122.277023657701,47.6432604027678],[-122.276814414856,47.6431968967824],[-122.276823851349,47.6431563763595],[-122.276839359918,47.6431254262064],[-122.276493413594,47.6430208976447],[-122.275982413339,47.6428918980455],[-122.275735412075,47.642836898299],[-122.27537241287,47.642768899031],[-122.275028411729,47.6427158998881],[-122.275112308577,47.6416219070899],[-122.275281398007,47.6394168996209],[-122.275450388365,47.6372528999364],[-122.275603387589,47.6372558996498],[-122.276270530829,47.6369013099193],[-122.276926900177,47.6365038998273],[-122.277120313441,47.6363867928785],[-122.277452552537,47.6361620900416],[-122.278042927978,47.6357627954145],[-122.278182679415,47.6356682754001],[-122.278472191642,47.6354724633681],[-122.279055061173,47.6350793488271],[-122.279578631218,47.6347262221929],[-122.27985980306,47.6345293663655],[-122.280048168367,47.6344064476411],[-122.281063016095,47.6337276807824],[-122.281294323679,47.6335679951768],[-122.281578493486,47.6333718128822],[-122.282684370828,47.6326222747674],[-122.283345857537,47.6321739159782],[-122.28351091574,47.6320651572569],[-122.283914483015,47.6317929684318],[-122.284049861863,47.6317016605332],[-122.284079245259,47.6316818430892],[-122.284739326816,47.6312366324864],[-122.284785910432,47.6312052138494],[-122.28482197604,47.6311808885868],[-122.284956386384,47.631090230631],[-122.285119448671,47.6309802471993],[-122.285279366415,47.6308716305387],[-122.285306437222,47.6308532429347],[-122.285400352411,47.6307894564386],[-122.285445723706,47.6307586404222],[-122.285463580185,47.6307465127684],[-122.286501181861,47.63004176407],[-122.286813269745,47.6298297854971],[-122.288167958884,47.628911596813],[-122.289516314498,47.6279976510303],[-122.290929390186,47.6270397826343],[-122.290973029153,47.6270111077639],[-122.292026409263,47.6262978706415],[-122.292061925007,47.6262738226203],[-122.292440033232,47.6260178002742],[-122.292498216875,47.6259783707626],[-122.292902120255,47.6257046511844],[-122.294001326772,47.6249597415769],[-122.294980380871,47.6242996146799],[-122.29511736285,47.6242072523708],[-122.295133327885,47.6241961154011],[-122.295306031927,47.6240756655758],[-122.295477862039,47.623955823139],[-122.296188786174,47.6234760483674],[-122.296209941125,47.6234617715046],[-122.296306959924,47.6233962957959],[-122.296424105624,47.6233172373091],[-122.296714993879,47.6231209230681],[-122.297273880527,47.6227437359469],[-122.297502336582,47.6225886074508],[-122.298359079646,47.6220068153719],[-122.299309823441,47.6213611855775],[-122.299873383302,47.6209777789274],[-122.301053713027,47.6202073425262],[-122.301117717193,47.6201655636802],[-122.301173674465,47.6201266296634],[-122.302547411389,47.6191707766764],[-122.302893574086,47.6189351593505],[-122.303650196994,47.6184201491808],[-122.30366643504,47.6184091945561],[-122.30412157322,47.6181021593064],[-122.304159292931,47.6180864325749],[-122.304961569246,47.6177519337624],[-122.306136440851,47.6172633161765],[-122.30740915774,47.616732758615],[-122.307760628165,47.6165862392753],[-122.308842457721,47.6161352296946],[-122.310151236677,47.6155898631799],[-122.310151198582,47.6156458459439],[-122.310151091383,47.6158060755535],[-122.310150662768,47.6164432039574],[-122.310141687275,47.6173573085473],[-122.310139193824,47.6176112141433],[-122.310139011208,47.6177646635195],[-122.310138100068,47.6185132301199],[-122.310131432305,47.6186337221457],[-122.310073926213,47.6196727661781],[-122.310067683604,47.6200924496679],[-122.310061691796,47.6204953783999],[-122.310046364863,47.6214059821568],[-122.310045260313,47.621471649475],[-122.31003508917,47.6220762072305],[-122.310018260599,47.6231259962115],[-122.310015214985,47.6231469577793],[-122.310002947972,47.6231706361398],[-122.3099844299,47.6231969972505],[-122.309962392435,47.6232135668659],[-122.309937852519,47.6232261225311],[-122.30996232572,47.6232468440238],[-122.310061093462,47.6233008728409],[-122.310043997754,47.6233244186424],[-122.310030363941,47.6233539495601],[-122.310018499493,47.6233914360933],[-122.310014704768,47.6234455415355],[-122.3100007468,47.6242831130078],[-122.30999827828,47.6244320841021],[-122.309990027225,47.6250469910967],[-122.309987339442,47.6252473997957],[-122.309964992054,47.6268652709514],[-122.309939876981,47.628683094728],[-122.309912699134,47.6305356248084],[-122.309911348488,47.6306285928261],[-122.309909948641,47.6307613634812],[-122.309893661935,47.6323200005647],[-122.310084298052,47.6323209965393],[-122.310554545851,47.6323234531352],[-122.311125900578,47.632326434074],[-122.31121543648,47.6323269008837],[-122.311356241268,47.6323276339577],[-122.311924437373,47.6323305916278],[-122.312496761262,47.6323335701932],[-122.312494949965,47.6324690514105],[-122.31247855051,47.6336956290064],[-122.312479025623,47.6337306803501],[-122.312481354396,47.6337657678821],[-122.312485508333,47.6338006382844],[-122.312491508135,47.6338354577145],[-122.312499337177,47.6338701094397],[-122.312508986251,47.6339045503986],[-122.31252318593,47.6339435840734],[-122.312535380312,47.6339810398115],[-122.312550341314,47.6340278415559],[-122.312580054075,47.634064716113],[-122.312591322622,47.6340861826427],[-122.312623822868,47.634132479391],[-122.312637077039,47.6341509460278],[-122.312663407903,47.6341843056827],[-122.312691613896,47.6342169572664],[-122.312720472209,47.6342476014491],[-122.312748791109,47.6342753298257],[-122.312787051336,47.6343101914927],[-122.312836401389,47.6343538195866],[-122.312884388336,47.634398138279],[-122.31293099025,47.6344431253663],[-122.312976185355,47.634488764041],[-122.313022684315,47.6345379859617],[-122.313037451521,47.6345541433995],[-122.313083688244,47.6346064939254],[-122.313128109978,47.6346595571222],[-122.313170691978,47.6347133054257],[-122.313211412083,47.6347677085397],[-122.313250245521,47.6348227380007],[-122.313287174123,47.6348783634605],[-122.313322179716,47.6349345545704],[-122.313355237479,47.6349912810685],[-122.313386334561,47.6350485125369],[-122.313413673055,47.6351025614903],[-122.313439261829,47.6351569993249],[-122.313463086881,47.6352118019346],[-122.313485138126,47.6352669424636],[-122.313505405504,47.6353223949552],[-122.313523880258,47.6353781325359],[-122.313540551023,47.6354341301654],[-122.313555411626,47.6354903582379],[-122.313568452083,47.6355467934941],[-122.31357967157,47.635603407158],[-122.313589071514,47.6356602495892],[-122.313596634305,47.6357172166632],[-122.313602353847,47.6357742814715],[-122.313606228061,47.6358314179527],[-122.313608257453,47.6358885973131],[-122.313608435927,47.635945792644],[-122.313607817972,47.6359891282531],[-122.313589303474,47.6374166042318],[-122.313588591105,47.6374715414448],[-122.313640319169,47.6375086629734],[-122.31369693613,47.6375492923322],[-122.313830356214,47.637645037455],[-122.314695767024,47.6382660608101],[-122.314814693571,47.6382653778352],[-122.314906417024,47.6382651315104],[-122.314964404137,47.638264975116],[-122.314990381152,47.6382649051294],[-122.31516836989,47.6382644255908],[-122.315211997659,47.6382643084329],[-122.315206502736,47.6388495529335],[-122.315207111748,47.6392154765875],[-122.315213404199,47.6392374511557],[-122.315223149024,47.6392643636893],[-122.315233259592,47.6392865008661],[-122.315241542719,47.6393018680254],[-122.315252444015,47.6393197100985],[-122.315262480651,47.639334347344],[-122.315273222113,47.6393484950264],[-122.315287816108,47.6393658815101],[-122.315302489085,47.639381648578],[-122.315315872818,47.63939472552],[-122.315331573707,47.6394089156938],[-122.315351783451,47.6394253672499],[-122.315379742384,47.6394455934194],[-122.315408895291,47.6394640911951],[-122.31544131909,47.6394821379636],[-122.315466431032,47.6394945206503],[-122.315491062965,47.6395053793554],[-122.315523030533,47.6395179246697],[-122.315547536077,47.6395264496383],[-122.315576348816,47.6395352037003],[-122.315604471708,47.6395427306817],[-122.315629918549,47.6395486012431],[-122.315653129647,47.6395532261699],[-122.315684054158,47.6395583614941],[-122.315712110932,47.6395597855019],[-122.315998385878,47.6395589284014],[-122.315996657458,47.6407572324218],[-122.315996475379,47.6408826916694],[-122.316976144883,47.6408789716915],[-122.317950367889,47.6408752603272],[-122.317949585917,47.6413545551012],[-122.31794941796,47.6422566223165],[-122.317949359636,47.6425715437431],[-122.318118511981,47.6426717480012],[-122.318158831393,47.6426956329512],[-122.31819235635,47.6427154503265],[-122.316156128403,47.6429417664811],[-122.316117319839,47.6429456319088],[-122.315339786947,47.6430230786378],[-122.315079217737,47.6430449216978],[-122.314688463956,47.6430708140452],[-122.314487996737,47.6430817082673],[-122.314247425025,47.643092246649],[-122.314091367756,47.643095762446],[-122.314016890708,47.6430983179051],[-122.313812318129,47.6431053357573],[-122.313412217841,47.643112022675],[-122.313342593006,47.6431132758647],[-122.313115452465,47.6431173643348],[-122.312411765382,47.6431298002137],[-122.31085012462,47.6431564962537],[-122.310850551046,47.6431999423999],[-122.310850006523,47.6432154469108],[-122.310846414367,47.6433178367544],[-122.310824417075,47.6439308366633],[-122.310805418125,47.6440838374219],[-122.310435430998,47.6471218372375],[-122.308977432524,47.6472428395507],[-122.307154606714,47.647394641332],[-122.305170434026,47.6475598460909],[-122.304597951743,47.6474111465723],[-122.304519843041,47.6473786897224],[-122.304450432631,47.6473498474888],[-122.300811432077,47.6473648536658],[-122.300813219759,47.6471663060637],[-122.300815430288,47.6469208541784],[-122.300535431119,47.6469218544005],[-122.30031210398,47.6468098753936],[-122.299977879445,47.6466649704946],[-122.299359131976,47.6463680696027]]]},"properties":{"beat":"C2","first_precinct":"E","sector":"C"}},{"type":"Feature","geometry":{"type":"Polygon","coordinates":[[[-122.280838217516,47.612017670011],[-122.28128827373,47.611525893164],[-122.282302273271,47.6115458912475],[-122.282507359355,47.6114910238137],[-122.282932059595,47.6114942998898],[-122.283503910404,47.6114987092143],[-122.284032688665,47.611504006646],[-122.284640271431,47.6115100912598],[-122.284723600216,47.6115109256903],[-122.285192413666,47.6115036694279],[-122.285221992243,47.6114991853695],[-122.285251704678,47.6114933484005],[-122.285285926881,47.6114848396504],[-122.285322539248,47.611473073536],[-122.285351616478,47.6114651647772],[-122.285377537216,47.6114508344833],[-122.28540859591,47.611425262023],[-122.285426589278,47.611400781968],[-122.285436644877,47.6113743116422],[-122.285439032131,47.6113517867503],[-122.285435840045,47.6113310755773],[-122.285427923184,47.6113101935013],[-122.285417160859,47.6112932241002],[-122.285402402383,47.6112772133865],[-122.285383835392,47.6112622111407],[-122.285362617972,47.6112494818104],[-122.285336352186,47.6112366171848],[-122.285310687433,47.6112243620076],[-122.285291640324,47.6112152744278],[-122.285263475166,47.611201848384],[-122.2852328174,47.6111872450791],[-122.285207124142,47.6111750154316],[-122.285183914457,47.6111639721451],[-122.285162361801,47.6111537191488],[-122.285137489922,47.611141890122],[-122.285105984912,47.6111269089676],[-122.285081943562,47.6111154750512],[-122.285057902147,47.6111040384318],[-122.285032205082,47.6110918123928],[-122.285011485523,47.6110819499606],[-122.284987454552,47.6110705050971],[-122.284961771797,47.6110582662657],[-122.284938579077,47.6110472074208],[-122.284909599232,47.6110333742715],[-122.284882503869,47.6110202826329],[-122.284851335441,47.6110038658573],[-122.284821072848,47.6109855366701],[-122.284798781961,47.6109697973851],[-122.28477995174,47.6109552679917],[-122.284760251708,47.6109378844734],[-122.284739117744,47.6109168812715],[-122.284724834493,47.610900297666],[-122.284712795294,47.6108845175633],[-122.284701959287,47.6108686150609],[-122.284691804826,47.6108518213598],[-122.284683455667,47.6108356496429],[-122.284676249904,47.6108192150531],[-122.28466841908,47.6107965389347],[-122.284662669895,47.6107735654868],[-122.284659261885,47.6107558796961],[-122.284657673206,47.610740273059],[-122.284657150261,47.6107216670664],[-122.284657589702,47.61069974278],[-122.284658058273,47.610677813624],[-122.28465852335,47.6106565700055],[-122.284658873931,47.6106408081924],[-122.284659229831,47.6106250463115],[-122.28465966977,47.6106058585928],[-122.284660115028,47.6105866708062],[-122.284660485556,47.6105709087387],[-122.284660857438,47.6105551475535],[-122.284661231954,47.6105393854351],[-122.284661609155,47.610523624182],[-122.284662151749,47.610501010388],[-122.284662830065,47.6104729127186],[-122.284663454012,47.6104468722214],[-122.284663911236,47.6104276842821],[-122.28466436846,47.6104084963428],[-122.284664742974,47.6103927342244],[-122.284665113524,47.610376973056],[-122.284665588553,47.6103611898644],[-122.284695595403,47.6096162700278],[-122.28471406502,47.6091577401164],[-122.28494175677,47.6091601989892],[-122.285403153696,47.6091651816651],[-122.285677101284,47.6091682398335],[-122.285893512575,47.6091706554677],[-122.286094838692,47.6092207710293],[-122.286378924574,47.6092238249144],[-122.286480904977,47.6092249245032],[-122.286642419874,47.6092266660948],[-122.287205490525,47.6092327348474],[-122.287594669731,47.609236928433],[-122.287974260138,47.6092410174733],[-122.288088859416,47.6092422511685],[-122.28830880579,47.6092446188179],[-122.289397887458,47.6092553941114],[-122.290451973509,47.6092658109959],[-122.29150542421,47.6092727088337],[-122.29179535788,47.609275486249],[-122.292617205634,47.609283356746],[-122.293744379171,47.609292346096],[-122.293719269893,47.6090017776098],[-122.293968015854,47.6090022839369],[-122.294934409233,47.6090042464537],[-122.296246491262,47.6090068989497],[-122.296345110032,47.6090070973321],[-122.297550694975,47.6090095162539],[-122.298856020506,47.6090117974005],[-122.299188770456,47.6090123762182],[-122.300159943942,47.6090140600601],[-122.301463882195,47.6090163102883],[-122.302172847192,47.6090178594934],[-122.302727261724,47.6090190621535],[-122.302763009756,47.609019139367],[-122.302760989676,47.6100229862052],[-122.30371365025,47.6100232939379],[-122.305017629032,47.6100273069525],[-122.306166637596,47.6100306679999],[-122.306305720326,47.6100310743856],[-122.306300780942,47.6103189659362],[-122.306300221492,47.6103515549578],[-122.307505744231,47.6103564739782],[-122.30760463474,47.6103568651251],[-122.307691802639,47.6103572596432],[-122.30889045657,47.6103625156819],[-122.308913831741,47.61036261828],[-122.309488261619,47.6103651344224],[-122.310196525679,47.6103682325728],[-122.310219459124,47.6103683325395],[-122.311524884609,47.6103740326472],[-122.312831127279,47.6103788318446],[-122.312828502899,47.6105081641512],[-122.312818957089,47.6109786350557],[-122.312807415371,47.6115474936255],[-122.312797719956,47.6120268464414],[-122.31278892195,47.6124618290446],[-122.312782304879,47.6127889838292],[-122.3127798218,47.6129117372882],[-122.312775468058,47.6137379148359],[-122.312773494472,47.6141126288348],[-122.312773281438,47.6141537506683],[-122.312771455442,47.6144989854461],[-122.312096825226,47.6147795295881],[-122.311459488829,47.6150445591634],[-122.311225638735,47.6151420340168],[-122.311166347373,47.6151667478442],[-122.311106248612,47.6151917977811],[-122.310151236677,47.6155898631799],[-122.308842457721,47.6161352296946],[-122.307760628165,47.6165862392753],[-122.30740915774,47.616732758615],[-122.306136440851,47.6172633161765],[-122.304961569246,47.6177519337624],[-122.304159292931,47.6180864325749],[-122.30412157322,47.6181021593064],[-122.30366643504,47.6184091945561],[-122.303650196994,47.6184201491808],[-122.302893574086,47.6189351593505],[-122.302547411389,47.6191707766764],[-122.301173674465,47.6201266296634],[-122.301117717193,47.6201655636802],[-122.301053713027,47.6202073425262],[-122.299873383302,47.6209777789274],[-122.299309823441,47.6213611855775],[-122.298359079646,47.6220068153719],[-122.297502336582,47.6225886074508],[-122.297273880527,47.6227437359469],[-122.296714993879,47.6231209230681],[-122.296424105624,47.6233172373091],[-122.296306959924,47.6233962957959],[-122.296209941125,47.6234617715046],[-122.296188786174,47.6234760483674],[-122.295477862039,47.623955823139],[-122.295306031927,47.6240756655758],[-122.295133327885,47.6241961154011],[-122.29511736285,47.6242072523708],[-122.294980380871,47.6242996146799],[-122.294001326772,47.6249597415769],[-122.292902120255,47.6257046511844],[-122.292498216875,47.6259783707626],[-122.292440033232,47.6260178002742],[-122.292061925007,47.6262738226203],[-122.292026409263,47.6262978706415],[-122.290973029153,47.6270111077639],[-122.290929390186,47.6270397826343],[-122.289516314498,47.6279976510303],[-122.288167958884,47.628911596813],[-122.286813269745,47.6298297854971],[-122.286501181861,47.63004176407],[-122.285463580185,47.6307465127684],[-122.285445723706,47.6307586404222],[-122.285400352411,47.6307894564386],[-122.285306437222,47.6308532429347],[-122.285279366415,47.6308716305387],[-122.285119448671,47.6309802471993],[-122.284956386384,47.631090230631],[-122.28482197604,47.6311808885868],[-122.284785910432,47.6312052138494],[-122.284739326816,47.6312366324864],[-122.284079245259,47.6316818430892],[-122.284049861863,47.6317016605332],[-122.283914483015,47.6317929684318],[-122.28351091574,47.6320651572569],[-122.283345857537,47.6321739159782],[-122.282684370828,47.6326222747674],[-122.281578493486,47.6333718128822],[-122.281294323679,47.6335679951768],[-122.281063016095,47.6337276807824],[-122.280048168367,47.6344064476411],[-122.27985980306,47.6345293663655],[-122.279578631218,47.6347262221929],[-122.279055061173,47.6350793488271],[-122.278472191642,47.6354724633681],[-122.278182679415,47.6356682754001],[-122.278042927978,47.6357627954145],[-122.277452552537,47.6361620900416],[-122.277120313441,47.6363867928785],[-122.276926900177,47.6365038998273],[-122.276270530829,47.6369013099193],[-122.275603387589,47.6372558996498],[-122.275450388365,47.6372528999364],[-122.275757369383,47.6332328999259],[-122.275927359357,47.6309368992417],[-122.275935359562,47.6308088997847],[-122.280227338651,47.6262448932278],[-122.280955335852,47.6254698917534],[-122.281055334529,47.6253648919836],[-122.281651331831,47.6247048912311],[-122.28165932452,47.6230748914451],[-122.279567316991,47.6212218942869],[-122.279556296286,47.6167578957582],[-122.279697294533,47.6163538954479],[-122.280875278749,47.6128028941555],[-122.280838949412,47.6120331715378],[-122.280838217516,47.612017670011]]]},"properties":{"beat":"C3","first_precinct":"E","sector":"C"}},{"type":"Feature","geometry":{"type":"Polygon","coordinates":[[[-122.362749752386,47.6185758480181],[-122.360964935203,47.618571735918],[-122.360508470918,47.6185806672364],[-122.36046366809,47.6185815437295],[-122.359866648687,47.6185899511056],[-122.359645549449,47.6185855721802],[-122.359530574689,47.6185828004761],[-122.359499805414,47.6185904019216],[-122.359438304941,47.6185867645651],[-122.359322304487,47.6185867646209],[-122.358478025297,47.6186177685154],[-122.35774436708,47.6186122849686],[-122.357361098254,47.6186094179252],[-122.357032157981,47.6186081369217],[-122.35675629499,47.6186070611798],[-122.355453142457,47.6186020662035],[-122.354992299552,47.6186002871728],[-122.354147466461,47.6185970216619],[-122.354099855851,47.6185968410401],[-122.353443586893,47.6185943492627],[-122.35335479421,47.6185940113015],[-122.352839350011,47.6185920361124],[-122.352679638425,47.6185913814444],[-122.352441330057,47.6185904325948],[-122.351534358126,47.6185868148266],[-122.351360069594,47.6185863995481],[-122.350627374029,47.6185831333197],[-122.350355314392,47.6185819193905],[-122.350229985466,47.6185814506802],[-122.349368863737,47.6185780303617],[-122.348925203609,47.618576265957],[-122.348972869162,47.6183472819125],[-122.348734519007,47.6182063967324],[-122.348101587927,47.6178322768338],[-122.348039097727,47.6177953573027],[-122.347750157662,47.6176245908691],[-122.347104986678,47.6172432813702],[-122.346170624979,47.6166906355046],[-122.345911482,47.6165375056375],[-122.345293719622,47.6161724566122],[-122.345234884278,47.6161376892807],[-122.345181060066,47.6161055946602],[-122.345142789703,47.6160828148638],[-122.344017819643,47.615418177934],[-122.343934412176,47.6153689168675],[-122.343722521116,47.6152436878719],[-122.342634087401,47.6146003980199],[-122.342152846062,47.614315857641],[-122.341333145455,47.613831186588],[-122.34136802319,47.61380422998],[-122.341401084331,47.6137786774367],[-122.341442925023,47.6137463388226],[-122.341537733307,47.6136730622398],[-122.342192705944,47.6131668322522],[-122.343052604452,47.6125019016836],[-122.34391211388,47.6118372879435],[-122.34443251397,47.611435119242],[-122.34477198482,47.611172770562],[-122.344819405061,47.6111360896839],[-122.345144435197,47.6108845461649],[-122.345207078353,47.6108360659816],[-122.345244503859,47.6108071005332],[-122.345325638185,47.6107437766043],[-122.345430641211,47.6106642033267],[-122.345467102087,47.6106356077658],[-122.345543105032,47.6105759997873],[-122.345624619194,47.6105045767893],[-122.345674476204,47.6104669167618],[-122.346100344638,47.6101452323701],[-122.346167710547,47.6100943462588],[-122.346300565706,47.6099939743692],[-122.346425266783,47.609887789509],[-122.346979764503,47.6094647889014],[-122.347453148168,47.6091057054183],[-122.347584266761,47.6091003873019],[-122.349880262549,47.609080784097],[-122.351353131492,47.6090618904476],[-122.35452584682,47.6107211836262],[-122.358227852142,47.6126581790663],[-122.361608856878,47.6144271748797],[-122.362289428878,47.6147825862613],[-122.369574870159,47.6185941643058],[-122.362749752386,47.6185758480181]]]},"properties":{"beat":"D1","first_precinct":"W","sector":"D"}},{"type":"Feature","geometry":{"type":"Polygon","coordinates":[[[-122.338475408892,47.6197054764832],[-122.338484567783,47.6185342687241],[-122.338295635476,47.6185335035447],[-122.337281731715,47.6185293915302],[-122.337210632097,47.6185291139268],[-122.335876248076,47.6185239009418],[-122.335678086104,47.6185230904461],[-122.335384863836,47.6185218907087],[-122.33532065969,47.6185216342659],[-122.33526757733,47.6185214199264],[-122.334302490344,47.6185174827453],[-122.334254881051,47.6185172884092],[-122.334254367889,47.618426816204],[-122.334252902995,47.6181690996331],[-122.334251784456,47.617971998578],[-122.334251098755,47.6178515168247],[-122.334184147709,47.6178119561224],[-122.334035163487,47.6177238475926],[-122.334017899631,47.6177136361953],[-122.332718153041,47.6169449355658],[-122.331416599105,47.6161711238125],[-122.330729695138,47.6154497182547],[-122.331428171787,47.6151576815738],[-122.331800232048,47.6150021176063],[-122.331840399899,47.6149853228724],[-122.332721383094,47.614616820739],[-122.332913510405,47.6145364550391],[-122.332950313353,47.6145210608541],[-122.333166747221,47.6148212413648],[-122.333183372992,47.6148319254846],[-122.334033887521,47.615378408292],[-122.334436320026,47.6156164796297],[-122.335735807526,47.6163853969784],[-122.335788476102,47.6163446816535],[-122.336595221613,47.6157212017441],[-122.337274584656,47.6151957142113],[-122.337454228884,47.6150567568052],[-122.337525593553,47.6150014789466],[-122.337744567772,47.6148318633893],[-122.33799521313,47.6146381050412],[-122.338314342937,47.6143914034307],[-122.339056282251,47.6148301518079],[-122.339614348628,47.6151601575658],[-122.340458583887,47.6145072523066],[-122.340473669149,47.6144955698999],[-122.340503147209,47.6144730562861],[-122.340523303317,47.6144572152878],[-122.341191970447,47.6139403205],[-122.341333145455,47.613831186588],[-122.342152846062,47.614315857641],[-122.342634087401,47.6146003980199],[-122.343722521116,47.6152436878719],[-122.343934412176,47.6153689168675],[-122.344017819643,47.615418177934],[-122.345142789703,47.6160828148638],[-122.345181060066,47.6161055946602],[-122.345234884278,47.6161376892807],[-122.345293719622,47.6161724566122],[-122.345911482,47.6165375056375],[-122.346170624979,47.6166906355046],[-122.347104986678,47.6172432813702],[-122.347750157662,47.6176245908691],[-122.348039097727,47.6177953573027],[-122.348101587927,47.6178322768338],[-122.348734519007,47.6182063967324],[-122.348972869162,47.6183472819125],[-122.348925203609,47.618576265957],[-122.348798167246,47.6185757824247],[-122.348678481556,47.6185753259205],[-122.348605491956,47.6185750383175],[-122.347672351953,47.6185713567621],[-122.347621139088,47.6185711547927],[-122.347575128957,47.6185709645401],[-122.347551640859,47.6185708677372],[-122.3472731134,47.6185716504698],[-122.347039055684,47.6185687490808],[-122.346316318209,47.6185658615228],[-122.346151490222,47.6185652666162],[-122.345365732287,47.6185624262804],[-122.345005818662,47.6185605459638],[-122.343784821187,47.618555838375],[-122.343761882872,47.6185557496864],[-122.34366629041,47.6185553279877],[-122.343581663563,47.618554929817],[-122.343574293513,47.6185748145454],[-122.343577551603,47.6186060606487],[-122.343579286532,47.618622695706],[-122.343694237867,47.6197251168723],[-122.343684649382,47.6208931701387],[-122.34367501583,47.6220608317327],[-122.343665753639,47.6232295202104],[-122.343663709084,47.6234577883025],[-122.343661338337,47.6237223959703],[-122.343660962829,47.62376436956],[-122.343660769326,47.623787587464],[-122.343660342338,47.6238384210962],[-122.34365712447,47.6242208376357],[-122.343655807275,47.6243774997071],[-122.343654759995,47.624502071806],[-122.343654339861,47.624552225241],[-122.343649954782,47.6250810283038],[-122.3436472489,47.6254079806781],[-122.343646313155,47.6254248841717],[-122.343599693083,47.6262676402542],[-122.343551284267,47.6271442219549],[-122.343544141227,47.6280195220153],[-122.343535784289,47.6288960148464],[-122.343528397625,47.6297244385209],[-122.3435276265,47.6298109120531],[-122.343523717432,47.6302495533989],[-122.34352071673,47.630586372944],[-122.343513391703,47.6314083644441],[-122.343508914748,47.6322995772959],[-122.343508672964,47.6323150852781],[-122.343495444104,47.633163450645],[-122.343491474705,47.6334179651174],[-122.343462590192,47.6353447968242],[-122.343460274753,47.6354992878231],[-122.343466230122,47.6355671959268],[-122.343477888253,47.6357001322354],[-122.343482216279,47.6357494894836],[-122.343524967992,47.6359247060985],[-122.34355530825,47.6360472460744],[-122.343636439652,47.6363031369899],[-122.34381697546,47.6366156582682],[-122.344355021981,47.6374237986538],[-122.344969450127,47.6382517404309],[-122.345057098945,47.6383728084344],[-122.345526881374,47.6390847417308],[-122.345538494091,47.6391023385921],[-122.345619068104,47.6392395537085],[-122.345748550473,47.6394620552301],[-122.345828383673,47.6396073531539],[-122.346059768338,47.6400373666374],[-122.346314762408,47.6405893067892],[-122.346419920387,47.6408377193749],[-122.346510507026,47.6410517076341],[-122.346943257506,47.6422551242834],[-122.346969109279,47.6423355107373],[-122.34701829665,47.6424885363519],[-122.347051773457,47.6426140574231],[-122.347085030537,47.6427320246807],[-122.34710600802,47.6428123634609],[-122.347130492826,47.6428850997795],[-122.347140974191,47.6429277117066],[-122.347158115433,47.6429973961208],[-122.347178522706,47.6431263178306],[-122.347196433167,47.6432293711544],[-122.347211399855,47.6433492296543],[-122.34727555843,47.6438984622146],[-122.347282523831,47.6441377064289],[-122.347293751136,47.6445252064294],[-122.347296150765,47.6450274035686],[-122.347299102143,47.6451044942144],[-122.347304984006,47.6452977809434],[-122.347304181593,47.6453384387046],[-122.347287181865,47.6460323704179],[-122.347287983507,47.6461256070625],[-122.347293979768,47.6468228872169],[-122.347231430249,47.6467977722914],[-122.347038429246,47.6467107720482],[-122.345336488568,47.6453050279304],[-122.343055415314,47.6434207811486],[-122.340921647445,47.6416580971317],[-122.340427405624,47.6412497867053],[-122.338392397974,47.6395677908495],[-122.338336398377,47.6395217901697],[-122.338436391315,47.6380217908136],[-122.338384384824,47.6367267911527],[-122.338066430243,47.6289146051731],[-122.338049801816,47.6282622731847],[-122.338036346188,47.6279217953593],[-122.338135339422,47.6264217962114],[-122.338305033777,47.6262579810947],[-122.338337338512,47.6262267954299],[-122.33842820979,47.6260161937208],[-122.338483382421,47.6258883251335],[-122.338562412742,47.6258701676661],[-122.338634549879,47.6257957696015],[-122.338589214497,47.6257326579641],[-122.338578359035,47.6257175459584],[-122.338513575759,47.6256273586691],[-122.338428343719,47.6255087037474],[-122.338429900593,47.6252973236746],[-122.338430404474,47.6252288261961],[-122.338431552308,47.6250730788402],[-122.338434335309,47.6246957811938],[-122.338435393966,47.6245523596553],[-122.338442347517,47.6236950592482],[-122.33844630595,47.6232091515602],[-122.33844703139,47.6231169932341],[-122.338455706372,47.6220412350961],[-122.338465374629,47.6208740824154],[-122.338475408892,47.6197054764832]]]},"properties":{"beat":"D2","first_precinct":"W","sector":"D"}},{"type":"Feature","geometry":{"type":"Polygon","coordinates":[[[-122.329832050827,47.6158251140706],[-122.330729695138,47.6154497182547],[-122.331416599105,47.6161711238125],[-122.332718153041,47.6169449355658],[-122.334017899631,47.6177136361953],[-122.334035163487,47.6177238475926],[-122.334184147709,47.6178119561224],[-122.334251098755,47.6178515168247],[-122.334251784456,47.617971998578],[-122.334252902995,47.6181690996331],[-122.334254367889,47.618426816204],[-122.334254881051,47.6185172884092],[-122.334302490344,47.6185174827453],[-122.33526757733,47.6185214199264],[-122.33532065969,47.6185216342659],[-122.335384863836,47.6185218907087],[-122.335678086104,47.6185230904461],[-122.335876248076,47.6185239009418],[-122.337210632097,47.6185291139268],[-122.337281731715,47.6185293915302],[-122.338295635476,47.6185335035447],[-122.338484567783,47.6185342687241],[-122.338475408892,47.6197054764832],[-122.338465374629,47.6208740824154],[-122.338455706372,47.6220412350961],[-122.33844703139,47.6231169932341],[-122.33844630595,47.6232091515602],[-122.338442347517,47.6236950592482],[-122.338435393966,47.6245523596553],[-122.338434335309,47.6246957811938],[-122.338431552308,47.6250730788402],[-122.338430404474,47.6252288261961],[-122.338429900593,47.6252973236746],[-122.338428343719,47.6255087037474],[-122.338513575759,47.6256273586691],[-122.338578359035,47.6257175459584],[-122.338589214497,47.6257326579641],[-122.338634549879,47.6257957696015],[-122.338562412742,47.6258701676661],[-122.338483382421,47.6258883251335],[-122.33842820979,47.6260161937208],[-122.338337338512,47.6262267954299],[-122.338305033777,47.6262579810947],[-122.338135339422,47.6264217962114],[-122.338036346188,47.6279217953593],[-122.338049801816,47.6282622731847],[-122.338066430243,47.6289146051731],[-122.338384384824,47.6367267911527],[-122.338436391315,47.6380217908136],[-122.338336398377,47.6395217901697],[-122.337536398592,47.6397217921878],[-122.332619420363,47.644459798791],[-122.331387424722,47.6456468003893],[-122.32976343242,47.6472108022496],[-122.32765944168,47.6492388061442],[-122.326968443567,47.6499038066346],[-122.326535445499,47.650321807692],[-122.323205454898,47.652412812468],[-122.322626338124,47.6527738870629],[-122.322507803391,47.6528471914074],[-122.322512349676,47.6524820958737],[-122.322513171649,47.6524161072368],[-122.322522159374,47.6520142443572],[-122.322525579665,47.6516636696567],[-122.32253552204,47.6511528152937],[-122.322560293143,47.6499167190503],[-122.322562537801,47.6497574740891],[-122.322581728158,47.6487313797727],[-122.322595819676,47.6480127325871],[-122.322599326599,47.6479487869083],[-122.32264379527,47.6471378639717],[-122.322655644187,47.6469218092845],[-122.322686782184,47.6463539898805],[-122.322709377933,47.645617815015],[-122.322710739475,47.6455734655869],[-122.322783279699,47.6431894296108],[-122.322789965208,47.6429674357468],[-122.322792218511,47.6428848387448],[-122.32279459365,47.6427774956197],[-122.322807637348,47.6422836551641],[-122.32281754064,47.6419087394542],[-122.322818256344,47.6418727998753],[-122.322822622797,47.6417343214602],[-122.322829961465,47.6415015435678],[-122.322856124281,47.640431087151],[-122.322872580155,47.6397181940875],[-122.32287665571,47.6395408511341],[-122.322898853531,47.6385747961659],[-122.322934249984,47.637034223772],[-122.322935336623,47.6369869362126],[-122.322962648485,47.6366319500701],[-122.3229935743,47.6363999439044],[-122.323037368111,47.6360628430116],[-122.323125245232,47.6355847566534],[-122.323225852891,47.6351665684228],[-122.323321207065,47.6348684750502],[-122.323333956297,47.6348286185058],[-122.323362806461,47.6347383289655],[-122.323470874109,47.6344001220719],[-122.323993628619,47.6331146592588],[-122.324059926416,47.6329523353271],[-122.324148830313,47.6327346639517],[-122.324302276628,47.6324269440974],[-122.3244085628,47.6322574705839],[-122.324546600171,47.6320470052277],[-122.32456356613,47.6320211496181],[-122.324863452213,47.6316427023564],[-122.325076649107,47.6314135427539],[-122.325268262456,47.6312222223457],[-122.325360536136,47.6311393764242],[-122.325561847566,47.6309589431508],[-122.325749349218,47.6307928098709],[-122.326381372466,47.6302328043618],[-122.326510451796,47.6301184301951],[-122.326545308127,47.6300872568153],[-122.326697365513,47.6299512648375],[-122.326884377906,47.6297840088007],[-122.327174604976,47.6295306388619],[-122.327241787813,47.6294710371768],[-122.327267490848,47.6294482339803],[-122.327415778016,47.6293166787518],[-122.327447750453,47.6292838732648],[-122.327496222923,47.6292341391991],[-122.327585016667,47.6291425542007],[-122.327654951253,47.6290704206048],[-122.327675756556,47.629048959948],[-122.327735041913,47.6289803018424],[-122.327765562281,47.6289449568438],[-122.32785605283,47.6288401602157],[-122.32792508609,47.628759101588],[-122.327943209786,47.6287318574356],[-122.328021954984,47.6286134760989],[-122.328063212942,47.6285514525293],[-122.32808045111,47.6285255370051],[-122.328095091638,47.6284966599007],[-122.32814752916,47.6283932317416],[-122.328205417142,47.6282790536475],[-122.32823990117,47.6281871701715],[-122.32825208774,47.6281547799238],[-122.328342096621,47.6279150968171],[-122.328423786836,47.6275523757652],[-122.328488055537,47.6271167985503],[-122.328489936507,47.626650836158],[-122.328494562017,47.625505667178],[-122.328496273434,47.6251193671496],[-122.328508669245,47.6249341462549],[-122.328507856121,47.6247378447979],[-122.328507102993,47.6245563158904],[-122.32850593046,47.6242734806014],[-122.328501586925,47.6232255841781],[-122.328516818431,47.6229651971708],[-122.328499311261,47.6226764906187],[-122.328496390766,47.6219718545463],[-122.328493235008,47.6212103250329],[-122.328486458684,47.6195750155562],[-122.328485873848,47.6194337364161],[-122.328481999242,47.6184986596853],[-122.328478282174,47.6184773311658],[-122.328644205516,47.6176684594451],[-122.328823184659,47.6169894548915],[-122.329044854444,47.6161800027604],[-122.329050017037,47.6161523403661],[-122.329247884684,47.6160695287972],[-122.32961975877,47.6159138918161],[-122.329832050827,47.6158251140706]]]},"properties":{"beat":"D3","first_precinct":"W","sector":"D"}},{"type":"Feature","geometry":{"type":"Polygon","coordinates":[[[-122.315609890725,47.619212578076],[-122.315604486402,47.6187780939726],[-122.31612658426,47.6187742380006],[-122.316909869916,47.6187684486396],[-122.317805685531,47.6187619732686],[-122.318215365687,47.6187590090668],[-122.31935831744,47.618750511165],[-122.3195205531,47.618749303053],[-122.319789050797,47.6187473689468],[-122.320072293039,47.6187453279502],[-122.320854483664,47.61873954193],[-122.320891873285,47.6187393689776],[-122.32093630846,47.6187391632917],[-122.321472660956,47.6187366824616],[-122.322186800641,47.6187333748022],[-122.32225941288,47.6187330437659],[-122.322654329473,47.618731242699],[-122.322976570384,47.6187279284411],[-122.323157555533,47.6186556194958],[-122.323195470251,47.6186404712758],[-122.323377854463,47.6185676029935],[-122.323458628487,47.6185353308859],[-122.32345786432,47.6184817540887],[-122.323449182079,47.6178141427543],[-122.323448446983,47.6177521965453],[-122.323447445884,47.6176676305387],[-122.323446104305,47.6175544066577],[-122.323435550713,47.616664429222],[-122.323437757711,47.6163864365953],[-122.32343794012,47.6163635392449],[-122.323437545799,47.6163438250538],[-122.32341770214,47.615352856272],[-122.323415781605,47.6152562979638],[-122.323415470928,47.6152311418625],[-122.324472635913,47.6152250048782],[-122.325216524793,47.615220599558],[-122.325528840912,47.6152187483125],[-122.32618642936,47.6152147611548],[-122.32623559154,47.6152144715581],[-122.326597846542,47.6152168174011],[-122.326804188639,47.6152181533141],[-122.327316114645,47.6152275906495],[-122.327903755204,47.6152384206665],[-122.327996560913,47.6152024571556],[-122.328573747674,47.6149787873766],[-122.328711698852,47.6149210911126],[-122.329257359164,47.6146928932189],[-122.32931231396,47.614669851546],[-122.329492373369,47.6145946827397],[-122.329689544524,47.6145125397816],[-122.329524118156,47.6149500752243],[-122.329407911427,47.615257403726],[-122.329294853696,47.6155563981166],[-122.329050017037,47.6161523403661],[-122.329044854444,47.6161800027604],[-122.328823184659,47.6169894548915],[-122.328644205516,47.6176684594451],[-122.328478282174,47.6184773311658],[-122.328481999242,47.6184986596853],[-122.328485873848,47.6194337364161],[-122.328486458684,47.6195750155562],[-122.328493235008,47.6212103250329],[-122.328496390766,47.6219718545463],[-122.328499311261,47.6226764906187],[-122.328516818431,47.6229651971708],[-122.328501586925,47.6232255841781],[-122.32850593046,47.6242734806014],[-122.328507102993,47.6245563158904],[-122.328507856121,47.6247378447979],[-122.328508669245,47.6249341462549],[-122.328496273434,47.6251193671496],[-122.328137310724,47.6251202685678],[-122.328095813519,47.625119037723],[-122.3278866056,47.6251192283161],[-122.3272753342,47.6251190370957],[-122.326603626062,47.62511882407],[-122.325322172795,47.6251184033494],[-122.324987322312,47.6251183229476],[-122.324646333318,47.6251182410257],[-122.324041407083,47.6251180923401],[-122.323583068499,47.6251180210776],[-122.323487826045,47.6251179987089],[-122.323441673242,47.6251179876119],[-122.323026203526,47.625117886334],[-122.322879748109,47.6251178221407],[-122.322506495584,47.6251176576517],[-122.322384828527,47.6251176922122],[-122.322263174214,47.6251176140252],[-122.321976200771,47.6251174310211],[-122.321921058916,47.6251174118293],[-122.321648166749,47.6251173164164],[-122.321451988536,47.6251172474397],[-122.321330323334,47.6251172061817],[-122.321063271125,47.6251142550395],[-122.321026334088,47.6251128252743],[-122.320892987627,47.6250492028271],[-122.32093196594,47.6249843716518],[-122.320940893934,47.6243716933473],[-122.320942389415,47.6242690360864],[-122.320627020244,47.6242685281768],[-122.319889020804,47.6242673354956],[-122.318837614353,47.6242656490272],[-122.31812208543,47.624264470074],[-122.317786924165,47.6242639165185],[-122.316736741232,47.624262227975],[-122.316049982999,47.6242611818938],[-122.315685911728,47.6242606254262],[-122.31570439581,47.6231105688565],[-122.315722820223,47.6219601279861],[-122.315725429667,47.6218024393472],[-122.315731263812,47.621449865335],[-122.315721316716,47.6213558351725],[-122.315708246541,47.6211128353259],[-122.315641730438,47.6211133049436],[-122.315628719503,47.6204447917608],[-122.315619017602,47.6199462974614],[-122.315609890725,47.619212578076]]]},"properties":{"beat":"E1","first_precinct":"E","sector":"E"}},{"type":"Feature","geometry":{"type":"Polygon","coordinates":[[[-122.312835408617,47.6097741195053],[-122.312839397335,47.609210538127],[-122.313804759078,47.6092145417033],[-122.314144251887,47.6092159480551],[-122.314146244007,47.6089265682211],[-122.314152317935,47.6080479785402],[-122.315457567359,47.6080533103182],[-122.31663492673,47.6080581785405],[-122.316779913802,47.6080587775624],[-122.316952270781,47.6080593721699],[-122.318067261742,47.6080632134875],[-122.318094301876,47.6080633068452],[-122.318333177428,47.6080643321629],[-122.318749147798,47.6080661146213],[-122.318994090912,47.6079628707181],[-122.319122246429,47.6079092505371],[-122.319143133299,47.6079005116103],[-122.319232037453,47.6078633133647],[-122.319286775145,47.6078404106707],[-122.319313766698,47.6078291171739],[-122.319334341947,47.6078205082255],[-122.319382856527,47.6078002101498],[-122.31942038935,47.6077845058294],[-122.319553549718,47.6077287893752],[-122.319797941867,47.6076265314655],[-122.320036666107,47.6075266437685],[-122.320104197393,47.6074983872834],[-122.320558487377,47.6073082992459],[-122.320752363896,47.6072184195673],[-122.320752445274,47.6072467695598],[-122.320754314225,47.6079014219773],[-122.320754791592,47.6080734670189],[-122.320754835804,47.6080993066989],[-122.320756522713,47.6090936928609],[-122.320756772839,47.6092414992099],[-122.320757341902,47.6095771218436],[-122.320758338444,47.610183798],[-122.320758798577,47.6104118292822],[-122.320759183935,47.6106023875911],[-122.320760044974,47.6110831369876],[-122.320760198814,47.6111690760491],[-122.320760061573,47.6112593523129],[-122.320762378326,47.6129633629287],[-122.321753901138,47.6129809037083],[-122.322093464518,47.6129869088183],[-122.323223143635,47.6129868384474],[-122.323382331437,47.6129867683158],[-122.323440089365,47.6129867433784],[-122.323401200596,47.6140487539699],[-122.323401479412,47.6140700106985],[-122.323401952613,47.6141059059633],[-122.323415470928,47.6152311418625],[-122.323415781605,47.6152562979638],[-122.32341770214,47.615352856272],[-122.323437545799,47.6163438250538],[-122.32343794012,47.6163635392449],[-122.323437757711,47.6163864365953],[-122.323435550713,47.616664429222],[-122.323446104305,47.6175544066577],[-122.323447445884,47.6176676305387],[-122.323448446983,47.6177521965453],[-122.323449182079,47.6178141427543],[-122.32345786432,47.6184817540887],[-122.323458628487,47.6185353308859],[-122.323377854463,47.6185676029935],[-122.323195470251,47.6186404712758],[-122.323157555533,47.6186556194958],[-122.322976570384,47.6187279284411],[-122.322654329473,47.618731242699],[-122.32225941288,47.6187330437659],[-122.322186800641,47.6187333748022],[-122.321472660956,47.6187366824616],[-122.32093630846,47.6187391632917],[-122.320891873285,47.6187393689776],[-122.320854483664,47.61873954193],[-122.320072293039,47.6187453279502],[-122.319789050797,47.6187473689468],[-122.3195205531,47.618749303053],[-122.31935831744,47.618750511165],[-122.318215365687,47.6187590090668],[-122.317805685531,47.6187619732686],[-122.316909869916,47.6187684486396],[-122.31612658426,47.6187742380006],[-122.315604486402,47.6187780939726],[-122.315599435995,47.6184619445324],[-122.315588591587,47.6177829910848],[-122.315585824687,47.6176101718556],[-122.315567268912,47.6164413622241],[-122.315565195175,47.6163126235447],[-122.31554858452,47.6152728655064],[-122.315538610447,47.6146492623036],[-122.315530032442,47.6141129069807],[-122.314224029368,47.6141221493443],[-122.313887860648,47.6141174052178],[-122.313693011681,47.6141146549837],[-122.313439295925,47.6141140968628],[-122.313416108062,47.614114044913],[-122.312907284808,47.614112921577],[-122.312773494472,47.6141126288348],[-122.312775468058,47.6137379148359],[-122.3127798218,47.6129117372882],[-122.312782304879,47.6127889838292],[-122.31278892195,47.6124618290446],[-122.312797719956,47.6120268464414],[-122.312807415371,47.6115474936255],[-122.312818957089,47.6109786350557],[-122.312828502899,47.6105081641512],[-122.312831127279,47.6103788318446],[-122.312835408617,47.6097741195053]]]},"properties":{"beat":"E2","first_precinct":"E","sector":"E"}},{"type":"Feature","geometry":{"type":"Polygon","coordinates":[[[-122.353964949937,47.5709446526445],[-122.353254089731,47.5702367969792],[-122.352980088853,47.5700187966163],[-122.352909087804,47.5699037971402],[-122.352720995989,47.5697590306861],[-122.352705845523,47.5697473942393],[-122.35264908766,47.5697037972756],[-122.352283087248,47.5695907985776],[-122.351994086079,47.569359799014],[-122.35151308476,47.5690087994315],[-122.351294084492,47.568955799989],[-122.351164084281,47.5688497997384],[-122.351079083786,47.5687748002383],[-122.350737978885,47.5689498954282],[-122.350403084878,47.5691218012294],[-122.34681707473,47.5669578071287],[-122.346794074069,47.5666488070454],[-122.346687067458,47.565225808037],[-122.346663890403,47.5647886003435],[-122.346646615984,47.5646830512558],[-122.346632063973,47.5644878088364],[-122.346593450775,47.5643582182865],[-122.346478446719,47.5639998576166],[-122.34534904564,47.5601708117192],[-122.345055040382,47.5591838126574],[-122.340585004955,47.5512198220637],[-122.340544653495,47.5511345100587],[-122.338099984746,47.5465208274677],[-122.337719980656,47.5458008278183],[-122.337514979752,47.5454118288113],[-122.336677972752,47.5438268306109],[-122.335561969423,47.5430358319572],[-122.335315968772,47.5428618327311],[-122.335071967565,47.5426888330256],[-122.334663849449,47.5423993922052],[-122.334269965363,47.5421198339974],[-122.334246979526,47.5421035964843],[-122.334164010376,47.5420459631316],[-122.329002948136,47.5383868422169],[-122.328385946775,47.5379938430791],[-122.327181943499,47.5372268452547],[-122.320069923313,47.5326958552212],[-122.31847978286,47.5317835559155],[-122.318473499451,47.5313559405089],[-122.318469844152,47.531107236634],[-122.318468549639,47.5310191174268],[-122.318469616414,47.5309596953487],[-122.31847049654,47.5309191728188],[-122.31847201124,47.5308494138183],[-122.318477963137,47.5305752973553],[-122.318479697547,47.5304954904898],[-122.319338909845,47.5305002002663],[-122.319479021183,47.5305009674517],[-122.319521906316,47.5305013060796],[-122.319866283984,47.5305040209448],[-122.320175207322,47.5305064565841],[-122.320163290775,47.531218150236],[-122.320162579637,47.5316268548938],[-122.320168260568,47.5316746602627],[-122.320170466123,47.5316902764418],[-122.320196612559,47.5317352033296],[-122.320272820296,47.5317917645633],[-122.320353978407,47.5318347650724],[-122.320434669101,47.5318813502747],[-122.320456134063,47.5318917566379],[-122.320499319741,47.5319121746763],[-122.320536210313,47.5319199699679],[-122.3205722563,47.5319275864864],[-122.320662792371,47.5319352012758],[-122.322526977183,47.5319503442688],[-122.322788300384,47.5319523775591],[-122.322823715835,47.5319526527505],[-122.322811784138,47.5326653513107],[-122.324042845536,47.5326748636622],[-122.324921218985,47.5326816435689],[-122.325483902475,47.5326859824789],[-122.32815561017,47.5327062854594],[-122.328143433161,47.5334191497926],[-122.328131539261,47.5341318925477],[-122.329350906075,47.5341410006336],[-122.331385895956,47.5341561720333],[-122.331483954099,47.5341550689461],[-122.332019101396,47.5341490469423],[-122.332132652638,47.5341477686234],[-122.332266712063,47.5341514571606],[-122.333081247202,47.5341738681343],[-122.333185527576,47.5341767368834],[-122.333456236491,47.5341841832773],[-122.333571272941,47.5342278922358],[-122.333846723459,47.5343325488932],[-122.333978121181,47.5344129388312],[-122.334148791533,47.5345379711452],[-122.33416980494,47.5345533647658],[-122.334321488502,47.5347300584764],[-122.334413529608,47.5348718011941],[-122.33449021454,47.5350827449321],[-122.334544330689,47.5357642564818],[-122.334562992004,47.5358772167148],[-122.334628381257,47.5362730254334],[-122.334645313209,47.5363755154683],[-122.334653771095,47.5365517297706],[-122.334681684985,47.5371332532142],[-122.334715410589,47.5378358169236],[-122.334716858616,47.5378659697762],[-122.334737261138,47.5382910065326],[-122.334737354447,47.5385137502819],[-122.334763948671,47.5385538345127],[-122.334860950242,47.5386688344239],[-122.335015298413,47.5388157007345],[-122.334990670739,47.538474350187],[-122.334984735493,47.5380955834669],[-122.334976816869,47.5375903228439],[-122.334957814252,47.5363776095256],[-122.334958896144,47.5363386295623],[-122.334937937698,47.5360438356776],[-122.334946421336,47.5353423199957],[-122.334901615194,47.5347068219867],[-122.334899024544,47.5343845272132],[-122.335286167021,47.5343660060886],[-122.335892862657,47.5343212211678],[-122.336121617479,47.5343476049458],[-122.336406758858,47.5344467701258],[-122.336737219402,47.5346115066373],[-122.336905902094,47.5347360853131],[-122.336925979486,47.5347509123734],[-122.337039449059,47.5351489597092],[-122.337047860207,47.535178687542],[-122.3370485797,47.5352138401572],[-122.337063085166,47.5359228715366],[-122.337091661008,47.5373195563461],[-122.337085272228,47.5374015791293],[-122.337238705971,47.5374889633755],[-122.337565562268,47.5376751147987],[-122.340405006955,47.5392921470545],[-122.340782538327,47.5395071345411],[-122.34147494995,47.5399014231072],[-122.341513816204,47.5399235549624],[-122.341731553705,47.5400688523198],[-122.341817019028,47.5401258821251],[-122.341977157765,47.5402256901582],[-122.342181391189,47.5403529776424],[-122.343199855846,47.5402720302504],[-122.343477972315,47.5402410781367],[-122.343733274289,47.5401854940671],[-122.343809794421,47.5401688345132],[-122.345154605199,47.539758434037],[-122.345179462992,47.5397506896182],[-122.345200606348,47.539744093939],[-122.345225424182,47.5397363464431],[-122.345258156702,47.5397258298851],[-122.345287057348,47.5397160776947],[-122.345309769074,47.5397085003417],[-122.345332860644,47.5397007362084],[-122.345367569413,47.5396886900715],[-122.345395922833,47.5396782110516],[-122.345422216856,47.5396680005243],[-122.345444900428,47.5396589508545],[-122.345465680338,47.5396504087042],[-122.345493988855,47.5396383838247],[-122.345530585887,47.5396222813501],[-122.345560857174,47.5396083996241],[-122.345587312122,47.5395957255792],[-122.345613480085,47.5395827764677],[-122.345636111936,47.5395712148323],[-122.345660957747,47.5395581654566],[-122.345687836302,47.5395435641797],[-122.345711195027,47.5395304077393],[-122.345733518849,47.5395174809749],[-122.345755527516,47.5395043155055],[-122.345778562353,47.5394900253531],[-122.345802066798,47.5394750254492],[-122.345828216167,47.5394578240706],[-122.345860166937,47.5394359475506],[-122.345883309544,47.5394195139666],[-122.345903191818,47.539404905907],[-122.345924762209,47.5393885904002],[-122.345940101775,47.5393766651708],[-122.3459577753,47.5393625354089],[-122.345980913168,47.539343469604],[-122.346001717984,47.5393257707749],[-122.346024462884,47.5393056171638],[-122.346045515726,47.5392863038202],[-122.346063706244,47.5392689798348],[-122.346085900822,47.5392469407542],[-122.346108596758,47.5392234556159],[-122.346129071409,47.5392013890455],[-122.346149461976,47.5391784860521],[-122.346162679645,47.5391630778565],[-122.346174137051,47.5391495462947],[-122.346192328575,47.5391263118259],[-122.34621110048,47.5391012416161],[-122.346229717872,47.5390761122866],[-122.346244026168,47.5390555329865],[-122.346255266584,47.53903791557],[-122.34626733302,47.5390191896282],[-122.346279390699,47.5390001624317],[-122.34628868078,47.5389849675448],[-122.346298435306,47.5389683819708],[-122.346307792019,47.5389516847431],[-122.346316621194,47.538934891983],[-122.346326431347,47.538915418812],[-122.346333970631,47.5388997731375],[-122.346342358173,47.538881451518],[-122.346351451778,47.5388599034853],[-122.346359324902,47.5388399253321],[-122.346366711328,47.5388199770487],[-122.346374300299,47.5387989978117],[-122.346384234295,47.5387715758168],[-122.34649751771,47.5384196847811],[-122.346960011647,47.536981456396],[-122.347039298998,47.5366896978239],[-122.347089266344,47.5363950408183],[-122.347090733637,47.536377002046],[-122.347107402728,47.5361720436187],[-122.347108109266,47.5361547976435],[-122.347134819129,47.5354993561665],[-122.347141278314,47.5353408349755],[-122.347160505356,47.5348691066485],[-122.347161443914,47.5348228100151],[-122.347162231784,47.5347839012024],[-122.347091361652,47.534395337787],[-122.347070128937,47.5340778462907],[-122.347204045897,47.5340705474497],[-122.349114128734,47.5340546435599],[-122.349274486205,47.5340533066126],[-122.350426363651,47.5340437005551],[-122.350538320074,47.5340427660827],[-122.350561218238,47.5340430252714],[-122.350584908166,47.5340432405967],[-122.350613156504,47.5340438007699],[-122.350642081649,47.5340450679894],[-122.350674349539,47.5340470381391],[-122.350705734983,47.5340495418398],[-122.350734013341,47.5340522732469],[-122.350759972612,47.5340552416303],[-122.350794459657,47.5340598377653],[-122.35082097387,47.5340638440732],[-122.350854147044,47.5340695309758],[-122.350886975167,47.5340758674998],[-122.350917383253,47.5340825323104],[-122.35094815369,47.5340894603578],[-122.350974894781,47.5340958736622],[-122.351001553487,47.5341023771225],[-122.351023454646,47.5341077188534],[-122.351049163431,47.534113989397],[-122.351084392622,47.5341225824065],[-122.351112957812,47.5341295497634],[-122.351134856363,47.5341348924075],[-122.351165325392,47.534142324608],[-122.351199603412,47.5341506864936],[-122.351225312239,47.5341569569974],[-122.3512529236,47.5341636932671],[-122.351283392662,47.5341711254358],[-122.351305291249,47.5341764680471],[-122.35132718984,47.5341818106542],[-122.35135385129,47.5341883139964],[-122.351382415249,47.5341952822026],[-122.351416692011,47.5342036440405],[-122.351450970111,47.5342120058504],[-122.351483343062,47.5342199028169],[-122.351518572423,47.534228496591],[-122.351550945421,47.5342363944374],[-122.351584270892,47.5342445206437],[-122.351675727158,47.5342648433561],[-122.351708833041,47.5342705381084],[-122.351752189755,47.5342777718391],[-122.351788175585,47.534282691298],[-122.35182711033,47.5342871512155],[-122.351860099713,47.5342902601943],[-122.351884060388,47.5342921494101],[-122.35190724759,47.5342936162446],[-122.35194260162,47.5342952704078],[-122.351972997316,47.5342961676866],[-122.352010453121,47.5342965090894],[-122.352051948362,47.534296023719],[-122.352088333319,47.5342948095851],[-122.352118623822,47.5342932369943],[-122.35214279915,47.5342915977031],[-122.352180463461,47.5342883369111],[-122.352211987007,47.5342850430458],[-122.35224411228,47.5342810646186],[-122.352282602508,47.5342755140318],[-122.352316042341,47.5342699679772],[-122.3523501086,47.5342635822954],[-122.352385848401,47.5342560955929],[-122.352416537217,47.5342490488493],[-122.352441043658,47.53424286562],[-122.352465443565,47.5342363545513],[-122.352487868956,47.5342300075181],[-122.352513801432,47.5342222533736],[-122.352537603586,47.5342146500547],[-122.352562937555,47.5342060510682],[-122.352589775601,47.5341964163012],[-122.352625464517,47.5341832230573],[-122.352657659071,47.5341709626471],[-122.352688885197,47.5341589292855],[-122.352711715432,47.5341500677728],[-122.352736884363,47.5341402753678],[-122.352766235632,47.5341288634997],[-122.352794134354,47.5341180683921],[-122.352826687032,47.5341055188659],[-122.353914920758,47.5336859776954],[-122.35425085952,47.5336843105792],[-122.35503244846,47.533680427964],[-122.355711560146,47.5336818156271],[-122.356386605476,47.5336831907681],[-122.357736278879,47.5336861019478],[-122.358165614476,47.5336870267833],[-122.359277339753,47.5336900658077],[-122.359678766321,47.5350314888002],[-122.359687956143,47.5350513493897],[-122.359699582033,47.5350706122951],[-122.359713565708,47.5350891445249],[-122.359730166001,47.5351071657054],[-122.359988339216,47.5353398505095],[-122.360097967998,47.5354447209351],[-122.360183257263,47.53545010067],[-122.360250861789,47.53545300296],[-122.360307345909,47.5354292416358],[-122.360342779201,47.5353924012125],[-122.360356315731,47.5353594895026],[-122.36038300941,47.5353048830763],[-122.360380709438,47.5352248122785],[-122.360395424805,47.534896276668],[-122.360421823967,47.5343068495391],[-122.360433504077,47.5342814511606],[-122.360443099894,47.5342605842668],[-122.360548201313,47.5341515101952],[-122.360541659685,47.5341345810078],[-122.360486259829,47.533991223528],[-122.360474872872,47.5339500176828],[-122.360469858171,47.5339298896295],[-122.360460672358,47.5338917659661],[-122.360433475947,47.5337413002697],[-122.36042454046,47.5336918623818],[-122.361319097118,47.5336937553931],[-122.362132972735,47.5336954711286],[-122.363185388512,47.5336976794252],[-122.363299302251,47.5336979177946],[-122.364154954038,47.5336997096171],[-122.364765770107,47.5337009845376],[-122.365816430056,47.5337031705453],[-122.36610692012,47.5337043789924],[-122.366367931283,47.5337054644736],[-122.36683122959,47.5337073889822],[-122.36698192835,47.5337075652873],[-122.367179208191,47.5337077953724],[-122.367475982821,47.5337081418092],[-122.368487845848,47.5337129869487],[-122.369819726696,47.5337178590358],[-122.37061486316,47.5337207615182],[-122.371158835023,47.5337227445388],[-122.371184297011,47.5337832293394],[-122.371192935575,47.5338113208181],[-122.371185823846,47.5355472351311],[-122.371187853099,47.5364195531576],[-122.371188563554,47.5367257175264],[-122.371190067676,47.5373715181022],[-122.371194392041,47.5391957738987],[-122.371868062405,47.5391969659998],[-122.371865962343,47.5392124093808],[-122.371807970463,47.539638657878],[-122.371755667743,47.5404245557715],[-122.371757902571,47.540502990156],[-122.37176938992,47.5405809907069],[-122.371789984074,47.5406578504962],[-122.371819767381,47.5407338823709],[-122.371858333566,47.5408077891789],[-122.371905509435,47.5408793735415],[-122.371960986465,47.5409481745236],[-122.372024418067,47.5410137469975],[-122.372087989218,47.541079405711],[-122.372143694248,47.541148263797],[-122.372153665641,47.5411633053167],[-122.372191176372,47.5412198924827],[-122.372228796367,47.5412912867635],[-122.372260345882,47.5413696417201],[-122.37228159763,47.5414468244876],[-122.372293767205,47.5415249039222],[-122.372296736051,47.5416023864673],[-122.372289827639,47.5419568808011],[-122.372274077386,47.5427584384139],[-122.372272460895,47.5428406772611],[-122.371521971678,47.5428365396401],[-122.371176969881,47.5428346363638],[-122.371094763382,47.5428341825758],[-122.371061044873,47.5428340567964],[-122.370607458245,47.5428323679078],[-122.370676202766,47.542954468691],[-122.371029327318,47.5435816640753],[-122.371086445828,47.5436831093023],[-122.371241674737,47.5439586513094],[-122.371292110604,47.5440384332311],[-122.371324194743,47.5440759295885],[-122.371355797259,47.5441128620982],[-122.371374992762,47.5441352960551],[-122.371393427261,47.5441568397916],[-122.37142258181,47.5441909131454],[-122.371499087281,47.5442595251399],[-122.371587446699,47.544327266834],[-122.371681472415,47.5443882826866],[-122.371782440297,47.5444439804053],[-122.371903866357,47.5445063155231],[-122.372012434732,47.5445446068987],[-122.372126595377,47.5445848708793],[-122.372265957625,47.544615311505],[-122.372345270599,47.5446326355161],[-122.372399007226,47.5446384533925],[-122.372534127926,47.5446530818804],[-122.372637560796,47.5446603991163],[-122.372731829746,47.5446629428734],[-122.373634700903,47.5446678728859],[-122.373724470884,47.5446683420053],[-122.373757224695,47.5446685133731],[-122.373878692047,47.5446691482577],[-122.374276983004,47.5446712367479],[-122.374378975925,47.5446717708147],[-122.375091000306,47.5446754761749],[-122.376445042768,47.544682573656],[-122.376433290025,47.5451589535514],[-122.376402821911,47.5463938068117],[-122.376401284592,47.5464561172771],[-122.376400103241,47.546503978633],[-122.376393040513,47.5469251958913],[-122.376384850461,47.5474135543945],[-122.376381996882,47.5475837739884],[-122.376369604502,47.5483230643796],[-122.375019302547,47.5483161118918],[-122.37411509685,47.5483110274892],[-122.373687595969,47.5483086205544],[-122.373521238251,47.5483077372732],[-122.372070750622,47.5483000284148],[-122.371892832363,47.548299081563],[-122.371233061812,47.5482955669348],[-122.37119934142,47.5482951820843],[-122.371158176325,47.5482943114085],[-122.371130874478,47.5482934546512],[-122.371099985974,47.548292225396],[-122.371073293685,47.5482909519509],[-122.371043030069,47.548289240127],[-122.371002730119,47.5482865728488],[-122.370973558129,47.5482843451502],[-122.370934900279,47.5482809944125],[-122.370901691894,47.5482777876442],[-122.370878322503,47.5482753329817],[-122.370852361297,47.548272402395],[-122.370824455383,47.5482690411053],[-122.370800585625,47.5482659751589],[-122.370775772764,47.5482626044007],[-122.370751013252,47.548259060189],[-122.370721383333,47.5482545517936],[-122.370688883271,47.5482493211387],[-122.370664337767,47.5482451487794],[-122.370638885903,47.5482406108355],[-122.370615452846,47.5482362677843],[-122.37059209418,47.5482317437987],[-122.370558153004,47.5482248656089],[-122.370524362682,47.548217650711],[-122.370499365181,47.5482120738301],[-122.370471600538,47.5482056176598],[-122.370443947825,47.5481989467597],[-122.370418323003,47.5481925084158],[-122.370388087686,47.5481846372565],[-122.370359896041,47.5481769930422],[-122.370324393838,47.5481669683429],[-122.37029375803,47.5481579519647],[-122.370266995273,47.5481497828193],[-122.370241298891,47.5481416829114],[-122.37021393349,47.5481327680241],[-122.370185825567,47.548123320702],[-122.370157593483,47.5481134927148],[-122.370122274369,47.5481007531319],[-122.370100986604,47.5480928265801],[-122.370080734339,47.5480850938343],[-122.370053551405,47.5480744347831],[-122.370024012769,47.548062474345],[-122.369991296369,47.5480487765234],[-122.369967401445,47.5480384553325],[-122.369943699847,47.5480279309082],[-122.369916836611,47.5480156751805],[-122.369885267949,47.5480007941085],[-122.3698524217,47.5479847634972],[-122.369825622718,47.5479712609102],[-122.369805513688,47.5479608579158],[-122.369786366914,47.547950733385],[-122.369763444027,47.5479383163978],[-122.369738402889,47.547924404091],[-122.369719035464,47.5479133748185],[-122.36969985241,47.5479021991119],[-122.36967480679,47.5478872325009],[-122.369650798157,47.5478725100567],[-122.369630052301,47.5478594338825],[-122.369610984125,47.5478471509791],[-122.369591417516,47.5478342315841],[-122.369562819505,47.5478148238796],[-122.369540288513,47.5477990657718],[-122.369519470931,47.5477840959543],[-122.369492830153,47.5477643712011],[-122.369472651991,47.5477490049978],[-122.369456732779,47.5477365796493],[-122.369435168336,47.547719306097],[-122.369409479627,47.5476981155755],[-122.369389343719,47.5476809360588],[-122.369365850931,47.5476603140937],[-122.369348869774,47.5476449478419],[-122.369325561305,47.5476231853623],[-122.369303590506,47.547601995848],[-122.369289895969,47.5475884086927],[-122.369276981994,47.5475752922819],[-122.369259874348,47.5475574816686],[-122.369245785895,47.5475424307575],[-122.369231957252,47.5475272683795],[-122.369212969547,47.5475058091318],[-122.369190725738,47.5474796825904],[-122.369166796293,47.5474502826279],[-122.369152555317,47.5474320392276],[-122.369071779163,47.5475015358512],[-122.369037211987,47.5475312746847],[-122.368934314185,47.5476453771556],[-122.368840809168,47.5477892019095],[-122.368756125637,47.5479498147993],[-122.36874004354,47.5479860950072],[-122.368705163119,47.5480647798175],[-122.368694733538,47.5480893417138],[-122.368650520682,47.5482503820536],[-122.368634632462,47.5483959549678],[-122.368653742206,47.5486200684384],[-122.368675859731,47.548699883225],[-122.368694444545,47.5487669522823],[-122.368706522354,47.5487938019124],[-122.368727868292,47.5488412553035],[-122.368750120148,47.5488907259879],[-122.368762665829,47.5489186155464],[-122.36884739009,47.5490533040463],[-122.36893238329,47.549159551067],[-122.368991393816,47.5492186412373],[-122.369067135828,47.5492941194212],[-122.369155003846,47.5493723259653],[-122.369231329113,47.5494402591737],[-122.369281949782,47.5494853125062],[-122.36932406103,47.5495227944924],[-122.369378442695,47.5495711957084],[-122.369497547325,47.5496772044132],[-122.369655883975,47.549798412491],[-122.369766280575,47.5498647206891],[-122.369878561185,47.5499213261323],[-122.36998684822,47.5499646603341],[-122.370049602337,47.5499897721087],[-122.370244992589,47.5500465920802],[-122.370309748782,47.5500603324684],[-122.370373867616,47.5500736820096],[-122.370412719023,47.5500790004995],[-122.370465279142,47.550086194596],[-122.370496504377,47.5500904691859],[-122.370549310008,47.5500976968076],[-122.370675503633,47.5501073098164],[-122.370874393099,47.5501103517463],[-122.370962227085,47.5501107782946],[-122.370961917677,47.5501439189849],[-122.37096108846,47.5502326045829],[-122.370960430328,47.5503029113832],[-122.370956087056,47.5507671672806],[-122.370954791589,47.550905785248],[-122.370945226134,47.5519294137687],[-122.370944992729,47.5519544154921],[-122.370910893203,47.5519542767504],[-122.369648919961,47.5519491400491],[-122.369608671159,47.5519489760816],[-122.36959249158,47.5536747942025],[-122.369591760864,47.5537528422539],[-122.368418229736,47.5537480612262],[-122.368214900215,47.5537472320517],[-122.366838041112,47.5537416024574],[-122.366329981208,47.5537395209146],[-122.366303844897,47.5551385859157],[-122.366301429095,47.5553368255391],[-122.366275239663,47.5574856331549],[-122.366190176604,47.5574851726488],[-122.36553409622,47.5574816221953],[-122.365530995725,47.5577355707138],[-122.36551243396,47.5592553982992],[-122.365512002566,47.5592907014475],[-122.365511660189,47.5593187749813],[-122.365489902458,47.5611000200384],[-122.365474721217,47.5629092372373],[-122.365466268702,47.5639073392313],[-122.365459341451,47.5647254317933],[-122.365338068692,47.5647255340398],[-122.364752161538,47.5647264316894],[-122.364367082302,47.564727020304],[-122.363751862904,47.5647279539966],[-122.363438991288,47.5647284283408],[-122.363313883843,47.5647286178228],[-122.363313836876,47.564752672373],[-122.363313806499,47.5647687857943],[-122.363312425776,47.5654951413013],[-122.36331044436,47.566538119146],[-122.363295217896,47.5675277840849],[-122.363292351435,47.5677141249184],[-122.363282608157,47.5683474638448],[-122.363281920323,47.5683921902847],[-122.363279862908,47.5684931863075],[-122.363155653207,47.5686570475344],[-122.362738089621,47.569207100741],[-122.362645269051,47.5693293700327],[-122.362322509907,47.5697545293247],[-122.362295457587,47.5697901643283],[-122.36225309114,47.569845971317],[-122.362197464577,47.5699192453979],[-122.362015773458,47.5701586047317],[-122.361952217332,47.5701585776035],[-122.361803729835,47.5703057096365],[-122.361778177408,47.5703267073996],[-122.361748084947,47.5703603266119],[-122.361198393445,47.5709028774876],[-122.361183376877,47.5709145934449],[-122.361006870412,47.5710139058104],[-122.360985091321,47.5710261597094],[-122.360835773198,47.5710956198265],[-122.360800722799,47.5711086250348],[-122.360675090087,47.5711552394867],[-122.360572645091,47.5711865943419],[-122.360455657992,47.571225640009],[-122.360418987142,47.5712329399141],[-122.36039213855,47.571238285271],[-122.36033453991,47.571249751652],[-122.360261029517,47.5712607317879],[-122.36023071921,47.5712640787702],[-122.360142433027,47.5712738268648],[-122.359999612849,47.571284227964],[-122.359366365433,47.5712523244117],[-122.359336729446,47.571250831175],[-122.358853639578,47.5712264902839],[-122.358526991179,47.5712134576928],[-122.35847912514,47.5712076180387],[-122.357319848124,47.5710455577276],[-122.356987651264,47.5710029429285],[-122.356948446289,47.5709975623245],[-122.35675601514,47.5709829428602],[-122.356731302607,47.5709810654168],[-122.356665933139,47.570977292933],[-122.356549383427,47.5709705662322],[-122.356284039332,47.5709567239275],[-122.356204009281,47.5709527391227],[-122.356100082165,47.5709539412222],[-122.35605013685,47.5709545309507],[-122.356009534363,47.5709543145312],[-122.355785768788,47.5709536945233],[-122.355757095739,47.5709535269884],[-122.354770122514,47.5709477534731],[-122.354123709311,47.5709439668717],[-122.354037907147,47.5709443372093],[-122.353964949937,47.5709446526445]]]},"properties":{"beat":"F1","first_precinct":"SW","sector":"F"}},{"type":"Feature","geometry":{"type":"Polygon","coordinates":[[[-122.359678766321,47.5350314888002],[-122.359277339753,47.5336900658077],[-122.358165614476,47.5336870267833],[-122.357736278879,47.5336861019478],[-122.356386605476,47.5336831907681],[-122.355711560146,47.5336818156271],[-122.35503244846,47.533680427964],[-122.355044641025,47.5318676439446],[-122.35505373915,47.5300769212084],[-122.355056219781,47.5296172762757],[-122.35506340148,47.5282865282683],[-122.355063772274,47.5282179835382],[-122.355067915308,47.5274476365687],[-122.35507294401,47.5265161641311],[-122.355073813483,47.5264963142046],[-122.355077379726,47.5257116810005],[-122.355077796253,47.5256199580122],[-122.355082728093,47.5247061049062],[-122.355104454212,47.5228700883849],[-122.355124612969,47.5210327506283],[-122.355144654305,47.5191956699295],[-122.355174449444,47.5173818799827],[-122.355164901915,47.5173603811924],[-122.356510806033,47.5173613006443],[-122.356751435014,47.5173614641622],[-122.357176095708,47.5173617510352],[-122.357560711093,47.5173620087541],[-122.357826805464,47.5173621872071],[-122.357856715587,47.5173622067766],[-122.358225862017,47.5173587988265],[-122.358531441009,47.5173526394193],[-122.358530593115,47.5172804081707],[-122.358510999231,47.5156125082286],[-122.358506432449,47.5155302647325],[-122.358529325247,47.5155302523946],[-122.358561845213,47.5155302340195],[-122.359178414026,47.5155298872339],[-122.359305369384,47.5155298153294],[-122.360492844888,47.5155291359599],[-122.36051832972,47.5155291216552],[-122.360533376861,47.5168060728468],[-122.360533560326,47.5168215815393],[-122.36053992656,47.5173618253147],[-122.360568401744,47.5173619093442],[-122.360658265399,47.5173621637858],[-122.361124434204,47.5173634826584],[-122.361210876229,47.517363482215],[-122.361418665658,47.5173634820398],[-122.361821052598,47.5173634808483],[-122.361848403002,47.5173632927158],[-122.361881793832,47.517363451505],[-122.362617336596,47.5173631036041],[-122.36267807842,47.5173631844798],[-122.363224150678,47.5173639127401],[-122.363628785719,47.5173638100926],[-122.364567320874,47.5173635653822],[-122.365078673765,47.5173634285436],[-122.365231815378,47.5173633873686],[-122.365424857836,47.5173633349603],[-122.365912538744,47.5173632015021],[-122.366809365491,47.5173734157013],[-122.367108366703,47.5173768192654],[-122.367283817032,47.5173788157787],[-122.367307693866,47.5173790906643],[-122.367692836685,47.5173835117654],[-122.368152791575,47.5173887900785],[-122.368576625791,47.5173936524423],[-122.368659462436,47.5173947278234],[-122.368824405012,47.5173964609648],[-122.370026714881,47.5174100008842],[-122.370839452478,47.5174192293041],[-122.371278011351,47.5174242070391],[-122.371397995681,47.517425567296],[-122.372773942747,47.5174412176529],[-122.373265365123,47.5174468026647],[-122.373443305389,47.5174488188866],[-122.374180930212,47.5174572021454],[-122.374452449212,47.5174602844919],[-122.374709958859,47.5174632081511],[-122.374935995835,47.5174657739234],[-122.37498653653,47.5174663474198],[-122.375387100083,47.5174708920955],[-122.37551294307,47.5174723196057],[-122.376688225385,47.5174856441476],[-122.376884588475,47.5174878688585],[-122.376879308656,47.5176415181105],[-122.376877924998,47.51768179305],[-122.37682357618,47.5192634350806],[-122.376823044608,47.5192789400347],[-122.376762157883,47.5210506361179],[-122.376761492608,47.5210700139471],[-122.376709669191,47.5225779580683],[-122.376699939034,47.5228610878061],[-122.376638374512,47.5246521590386],[-122.376636282635,47.5261002487187],[-122.376636361685,47.5264691011875],[-122.376636626673,47.5277879475299],[-122.376636727367,47.5282851833856],[-122.376636904774,47.5285786842613],[-122.376637164197,47.5290096043718],[-122.376637360556,47.5293383718413],[-122.376637597686,47.5297358408353],[-122.376637910125,47.5299194802463],[-122.376638215765,47.5300989878014],[-122.376638016391,47.5304395546483],[-122.376633932504,47.5311769213856],[-122.376633223039,47.5319153839018],[-122.376625898561,47.5328398613613],[-122.376621754304,47.533363088188],[-122.37661864441,47.5337424114571],[-122.376573804249,47.5337422531359],[-122.376533926095,47.5337421119662],[-122.375765907978,47.5337393901367],[-122.375251850946,47.5337375665668],[-122.373907972628,47.5337327174965],[-122.373185771612,47.5337301036673],[-122.372564093153,47.5337278498533],[-122.371827480462,47.5337251743368],[-122.37176792556,47.5337249578765],[-122.371297357058,47.5337232454614],[-122.371216957679,47.5337229528162],[-122.371158835023,47.5337227445388],[-122.37061486316,47.5337207615182],[-122.369819726696,47.5337178590358],[-122.368487845848,47.5337129869487],[-122.367475982821,47.5337081418092],[-122.367179208191,47.5337077953724],[-122.36698192835,47.5337075652873],[-122.36683122959,47.5337073889822],[-122.366367931283,47.5337054644736],[-122.36610692012,47.5337043789924],[-122.365816430056,47.5337031705453],[-122.364765770107,47.5337009845376],[-122.364154954038,47.5336997096171],[-122.363299302251,47.5336979177946],[-122.363185388512,47.5336976794252],[-122.362132972735,47.5336954711286],[-122.361319097118,47.5336937553931],[-122.36042454046,47.5336918623818],[-122.360433475947,47.5337413002697],[-122.360460672358,47.5338917659661],[-122.360469858171,47.5339298896295],[-122.360474872872,47.5339500176828],[-122.360486259829,47.533991223528],[-122.360541659685,47.5341345810078],[-122.360548201313,47.5341515101952],[-122.360443099894,47.5342605842668],[-122.360433504077,47.5342814511606],[-122.360421823967,47.5343068495391],[-122.360395424805,47.534896276668],[-122.360380709438,47.5352248122785],[-122.36038300941,47.5353048830763],[-122.360356315731,47.5353594895026],[-122.360342779201,47.5353924012125],[-122.360307345909,47.5354292416358],[-122.360250861789,47.53545300296],[-122.360183257263,47.53545010067],[-122.360097967998,47.5354447209351],[-122.359988339216,47.5353398505095],[-122.359730166001,47.5351071657054],[-122.359713565708,47.5350891445249],[-122.359699582033,47.5350706122951],[-122.359687956143,47.5350513493897],[-122.359678766321,47.5350314888002]]]},"properties":{"beat":"F2","first_precinct":"SW","sector":"F"}},{"type":"Feature","geometry":{"type":"Polygon","coordinates":[[[-122.410689307056,47.6884438151059],[-122.411099072278,47.6867200868682],[-122.411630535215,47.6867195426941],[-122.419547286631,47.6788998097871],[-122.425242273922,47.6732748061871],[-122.431233014517,47.6673570711464],[-122.436978258228,47.6659717987571],[-122.44010525425,47.664202796572],[-122.441230245352,47.6608347970687],[-122.438729239414,47.6578867998312],[-122.431916233293,47.6553848081117],[-122.431580233868,47.655178808198],[-122.425430224141,47.6510538156681],[-122.42438796257,47.6499040884065],[-122.423017218473,47.6483908187744],[-122.422516211561,47.6456108194617],[-122.422389947913,47.6450000933226],[-122.421759203659,47.6419378219312],[-122.420518199342,47.6399688238035],[-122.417643191075,47.6365158274191],[-122.416391920276,47.6358091054908],[-122.408668180126,47.6314438370923],[-122.40601917682,47.6299468394031],[-122.398947898609,47.6280891281882],[-122.398644172531,47.6280098465051],[-122.393660893035,47.6266921346285],[-122.389746167276,47.6256568547438],[-122.387726889562,47.6253131416949],[-122.379854996963,47.6239710368919],[-122.376285880589,47.622103155368],[-122.375528159758,47.6217068683446],[-122.374206877024,47.6210161586906],[-122.369902152393,47.6187648732636],[-122.369574870159,47.6185941643058],[-122.362289428878,47.6147825862613],[-122.361608856878,47.6144271748797],[-122.358227852142,47.6126581790663],[-122.35452584682,47.6107211836262],[-122.351353131492,47.6090618904476],[-122.351254130597,47.6090108906581],[-122.349874837957,47.6076261895531],[-122.345441295158,47.6031747174212],[-122.344736116408,47.6023208976336],[-122.344835575545,47.5992214374109],[-122.346512100559,47.5956708973916],[-122.349836097063,47.5939148950707],[-122.360103789554,47.5915381842351],[-122.364465089913,47.5905288844701],[-122.372414086199,47.5886888796283],[-122.37400278484,47.5899971703706],[-122.375672091917,47.5913698760669],[-122.377915099587,47.5946598732303],[-122.379789105574,47.5975238716411],[-122.383911108771,47.5993768682637],[-122.387783111912,47.6006398645477],[-122.389939108974,47.5993898627542],[-122.393778104159,47.5967658608957],[-122.396220097718,47.5938858599776],[-122.396776095476,47.5932288598251],[-122.399947788039,47.5907761442415],[-122.404607082257,47.5871748557388],[-122.40521577593,47.5868741405034],[-122.406808773847,47.5860871390766],[-122.410832075872,47.5841038520577],[-122.41192076696,47.5837601356185],[-122.413101073553,47.5833878511852],[-122.4132767658,47.5833321337107],[-122.421388757661,47.5807691277123],[-122.422565066651,47.5803978452606],[-122.42319306636,47.5798408447387],[-122.424936062119,47.578291844163],[-122.425435056803,47.5757648439553],[-122.424188049798,47.5726498462747],[-122.423902050362,47.5725178467903],[-122.419006726321,47.5702671342862],[-122.415950041097,47.5688608541232],[-122.41426471809,47.5675341410412],[-122.413703038236,47.5670918565614],[-122.413453031734,47.56439685715],[-122.409756022837,47.560272860941],[-122.405965011629,47.5554698651139],[-122.405260678576,47.5540821548554],[-122.404613005755,47.5528048673384],[-122.402844997706,47.5493218702148],[-122.403399992473,47.5464888710955],[-122.403718186788,47.5448574442733],[-122.401729978009,47.5400878733669],[-122.401236970958,47.5369418745865],[-122.402147625026,47.5359641668854],[-122.403357965071,47.5346678747115],[-122.404917614662,47.5322501658217],[-122.40547795796,47.5313828744138],[-122.404727951055,47.5282668760117],[-122.400363415439,47.5245623198206],[-122.402416149256,47.5220087032361],[-122.402733931791,47.5193398800371],[-122.403605923885,47.5162228809295],[-122.401329919471,47.5139418828953],[-122.399831554822,47.512443178582],[-122.399739916078,47.5123498839313],[-122.395500902488,47.5063708891765],[-122.394088532293,47.504693186719],[-122.38926688557,47.4989598939478],[-122.380281493965,47.4933011964197],[-122.380126869278,47.4932038970704],[-122.381810000299,47.4919119989346],[-122.381867363439,47.4918899782898],[-122.399236999823,47.4852199984536],[-122.408837999956,47.4817199994362],[-122.409676000572,47.4863649992834],[-122.41064525427,47.4881275167406],[-122.415003999599,47.4960519992842],[-122.41557199994,47.4971049989045],[-122.416754999608,47.4992929993221],[-122.417499000602,47.500669999195],[-122.423447000743,47.5083319987629],[-122.425198000045,47.5105859995703],[-122.426576999932,47.5122139986782],[-122.430859999903,47.5165929995722],[-122.433443000341,47.5192329989184],[-122.437185000149,47.5229319990247],[-122.439439999694,47.5256579992408],[-122.441624000006,47.5290939991125],[-122.443243999954,47.53263999897],[-122.443570000293,47.5333539992358],[-122.44452299982,47.536379999039],[-122.445103999697,47.5398319992464],[-122.445155000241,47.5418029988592],[-122.445153000783,47.5418559986334],[-122.445090999941,47.5445779997449],[-122.444831999672,47.5474309985866],[-122.444466000394,47.5513829994618],[-122.44442800048,47.5526709993093],[-122.444389000003,47.5540229989226],[-122.444588000073,47.5557619990422],[-122.4448510004,47.5564349994276],[-122.4452439999,47.5574409991544],[-122.446021999435,47.5588899990622],[-122.447303999892,47.5609119992195],[-122.448082000495,47.5621019993978],[-122.448418000314,47.5626359992241],[-122.448645999877,47.5629789990167],[-122.448738000275,47.5631169994527],[-122.449699000771,47.5646199993249],[-122.450736999558,47.566237999013],[-122.451575999797,47.5674049992966],[-122.452476999472,47.5684039989513],[-122.452687982611,47.5686759383779],[-122.453376999648,47.5695639989271],[-122.454155000295,47.5710589994472],[-122.454613999931,47.5722339984031],[-122.454812000209,47.5733629996147],[-122.454811999493,47.573889999052],[-122.454597999922,47.5745699996913],[-122.45448094136,47.5749411280929],[-122.454010999901,47.5764309985212],[-122.45395499925,47.5766089990732],[-122.453817999628,47.5770289993463],[-122.453732999752,47.5772929990904],[-122.452571474364,47.5809449343723],[-122.450161000352,47.5885219988027],[-122.447700000509,47.5955619991758],[-122.446800378435,47.5981349595981],[-122.447199175012,47.6051656505813],[-122.447742999565,47.614764999039],[-122.448859683913,47.6165623388362],[-122.449533000231,47.6176459988453],[-122.452889999374,47.6226559993804],[-122.454751000124,47.6262039994548],[-122.454751000829,47.6270889996417],[-122.454690000507,47.6279659992371],[-122.454492000559,47.6291099990849],[-122.454346000148,47.6296269986734],[-122.454170999533,47.6302469991822],[-122.453912000864,47.6313919993524],[-122.453454000541,47.6326279990903],[-122.453194999474,47.6336729990729],[-122.452934999892,47.6349159989263],[-122.452736999822,47.6363509997146],[-122.452553999196,47.6381129984501],[-122.452553999541,47.6387649994059],[-122.452553999578,47.63979199902],[-122.452615000202,47.6420799993188],[-122.452813000221,47.6440179991108],[-122.452997001041,47.6455519987768],[-122.453103000146,47.6462679987753],[-122.453257000251,47.6473139993215],[-122.453591999474,47.6492369989015],[-122.453973999,47.6508239995882],[-122.454446999337,47.6526549993625],[-122.454630000648,47.6534939996135],[-122.455011999335,47.654607998752],[-122.455468999822,47.6558359991285],[-122.455926999268,47.6571479988824],[-122.456446000741,47.6584149987659],[-122.457086999809,47.6600089996455],[-122.457804000352,47.6619699986522],[-122.458245999176,47.6633429998198],[-122.45858199984,47.6643809985996],[-122.459040000333,47.6664719988525],[-122.459436999204,47.6684779990526],[-122.459559000525,47.6695389995825],[-122.459619999686,47.67111799891],[-122.459620000121,47.6726969990132],[-122.459695999919,47.6742689989866],[-122.459681000622,47.6761989991463],[-122.459497999382,47.6776179991804],[-122.459375999764,47.6787089998133],[-122.459298999175,47.6797699984163],[-122.459161999296,47.6806389990128],[-122.459040000438,47.6817839986664],[-122.458903000432,47.6823179996163],[-122.458643000566,47.6831109993918],[-122.458337999754,47.683774999141],[-122.458182000267,47.6840789983744],[-122.457163000117,47.6860639988782],[-122.456278000019,47.687642999786],[-122.455896999672,47.6882459996163],[-122.452871999491,47.6938899990829],[-122.450935999293,47.6975049988952],[-122.449869000443,47.6994989991326],[-122.447976999778,47.7027109996191],[-122.446237999942,47.7056789990194],[-122.445336999414,47.7069069989514],[-122.444895000409,47.7072279986456],[-122.444163000308,47.7078379988327],[-122.441996103466,47.7094620267145],[-122.441947918685,47.7094958750976],[-122.441187000081,47.7100659993627],[-122.438592999834,47.7119579994705],[-122.436579000121,47.7145289988562],[-122.435876999513,47.7174739988665],[-122.435160000421,47.7215409985452],[-122.434762999837,47.7249199994453],[-122.434428000597,47.7263659987217],[-122.434061000724,47.7279569988502],[-122.433650325577,47.7293404706239],[-122.434006612912,47.7294474301302],[-122.434403533531,47.729566585627],[-122.434063629008,47.7307183647516],[-122.433677672934,47.7314308125811],[-122.433537924323,47.7317403406598],[-122.433332249328,47.7320813501465],[-122.432950285649,47.7327166834188],[-122.43276381516,47.7329744822041],[-122.432578779607,47.7329782212],[-122.381217069271,47.7340045376751],[-122.380177634656,47.7242439041785],[-122.380742057017,47.7222305910638],[-122.380704169826,47.7197551134629],[-122.380681680377,47.7181888404606],[-122.380680668224,47.7181658798224],[-122.383656650516,47.7144079092502],[-122.383677234879,47.7143665681731],[-122.384414358623,47.7113648332805],[-122.389300353385,47.7090438289057],[-122.392175347145,47.7065648268191],[-122.39859534185,47.703899821089],[-122.405445335599,47.7014278159321],[-122.407052331997,47.6998318144004],[-122.409221327884,47.6976808133782],[-122.410087321406,47.6946888131219],[-122.409954080365,47.6898500863662],[-122.410689307056,47.6884438151059]]]},"properties":{"beat":"H1","first_precinct":null,"sector":"H"}},{"type":"Feature","geometry":{"type":"Polygon","coordinates":[[[-122.277015436012,47.6479718956901],[-122.277018433567,47.6474118961342],[-122.27701990066,47.647209318551],[-122.277047762272,47.6433618664667],[-122.277046306178,47.6432735546383],[-122.277316415586,47.6433588960231],[-122.27768141577,47.6434858951989],[-122.278144900026,47.6436399961121],[-122.278512416332,47.6437648934773],[-122.278807417027,47.6438558932625],[-122.279152417468,47.6439538922737],[-122.279549418116,47.644054892041],[-122.27980841882,47.644112891478],[-122.280145418719,47.6441798910544],[-122.28045041898,47.6442298900734],[-122.280750418396,47.64427088933],[-122.281364418744,47.6443398881932],[-122.281596418976,47.6443578882135],[-122.284589420825,47.6445498829857],[-122.285073420381,47.6445818820586],[-122.285474420301,47.644607881203],[-122.285515668309,47.6446433947752],[-122.287164427437,47.6460628783695],[-122.290456430876,47.6469778725336],[-122.292951429993,47.6466868677703],[-122.295147430936,47.6469968642182],[-122.298838427701,47.6461128576913],[-122.299359131976,47.6463680696027],[-122.299977879445,47.6466649704946],[-122.30031210398,47.6468098753936],[-122.300535431119,47.6469218544005],[-122.300815430288,47.6469208541784],[-122.300813219759,47.6471663060637],[-122.300811432077,47.6473648536658],[-122.300270421058,47.6473628097253],[-122.300261890533,47.6473772079611],[-122.300235433313,47.6474218549741],[-122.298529625091,47.648412035799],[-122.297134441262,47.6492218601099],[-122.29723444392,47.6500218598495],[-122.296634446756,47.6505218606224],[-122.295634453049,47.6518218623315],[-122.293212241497,47.6532467263233],[-122.292234461519,47.6538218675345],[-122.290012464082,47.6543068715196],[-122.289034465018,47.654521873309],[-122.288695718562,47.6545218765693],[-122.287000294077,47.6545218795675],[-122.286759464041,47.6545218776281],[-122.28663446493,47.6545218778413],[-122.286553538496,47.6545094282746],[-122.284034462299,47.6541218825262],[-122.281834458642,47.6531218867088],[-122.281745456474,47.6527478865743],[-122.281434451402,47.6515218871627],[-122.279683444551,47.649990891124],[-122.278494440105,47.6489498930759],[-122.277434435582,47.6480218952103],[-122.277015436012,47.6479718956901]]]},"properties":{"beat":"H2","first_precinct":null,"sector":"H"}},{"type":"Feature","geometry":{"type":"Polygon","coordinates":[[[-122.336121617479,47.5343476049458],[-122.335892862657,47.5343212211678],[-122.335286167021,47.5343660060886],[-122.334899024544,47.5343845272132],[-122.334901615194,47.5347068219867],[-122.334946421336,47.5353423199957],[-122.334937937698,47.5360438356776],[-122.334958896144,47.5363386295623],[-122.334957814252,47.5363776095256],[-122.334976816869,47.5375903228439],[-122.334984735493,47.5380955834669],[-122.334990670739,47.538474350187],[-122.335015298413,47.5388157007345],[-122.334860950242,47.5386688344239],[-122.334763948671,47.5385538345127],[-122.334737354447,47.5385137502819],[-122.334737261138,47.5382910065326],[-122.334716858616,47.5378659697762],[-122.334715410589,47.5378358169236],[-122.334681684985,47.5371332532142],[-122.334653771095,47.5365517297706],[-122.334645313209,47.5363755154683],[-122.334628381257,47.5362730254334],[-122.334562992004,47.5358772167148],[-122.334544330689,47.5357642564818],[-122.33449021454,47.5350827449321],[-122.334413529608,47.5348718011941],[-122.334321488502,47.5347300584764],[-122.33416980494,47.5345533647658],[-122.334148791533,47.5345379711452],[-122.333978121181,47.5344129388312],[-122.333846723459,47.5343325488932],[-122.333571272941,47.5342278922358],[-122.333456236491,47.5341841832773],[-122.333185527576,47.5341767368834],[-122.333081247202,47.5341738681343],[-122.332266712063,47.5341514571606],[-122.332132652638,47.5341477686234],[-122.332019101396,47.5341490469423],[-122.331483954099,47.5341550689461],[-122.331385895956,47.5341561720333],[-122.329350906075,47.5341410006336],[-122.328131539261,47.5341318925477],[-122.328143433161,47.5334191497926],[-122.32815561017,47.5327062854594],[-122.325483902475,47.5326859824789],[-122.324921218985,47.5326816435689],[-122.324042845536,47.5326748636622],[-122.322811784138,47.5326653513107],[-122.322823715835,47.5319526527505],[-122.322788300384,47.5319523775591],[-122.322526977183,47.5319503442688],[-122.320662792371,47.5319352012758],[-122.3205722563,47.5319275864864],[-122.320536210313,47.5319199699679],[-122.320499319741,47.5319121746763],[-122.320456134063,47.5318917566379],[-122.320434669101,47.5318813502747],[-122.320353978407,47.5318347650724],[-122.320272820296,47.5317917645633],[-122.320196612559,47.5317352033296],[-122.320170466123,47.5316902764418],[-122.320168260568,47.5316746602627],[-122.320162579637,47.5316268548938],[-122.320163290775,47.531218150236],[-122.320175207322,47.5305064565841],[-122.319866283984,47.5305040209448],[-122.319521906316,47.5305013060796],[-122.319479021183,47.5305009674517],[-122.319338909845,47.5305002002663],[-122.318479697547,47.5304954904898],[-122.318481533867,47.530410823524],[-122.318487485689,47.53013670796],[-122.318493437398,47.5298625905973],[-122.318495087217,47.5297867152124],[-122.318497009409,47.529698118547],[-122.318502601261,47.5294406009057],[-122.317586507233,47.5294377607746],[-122.317563608849,47.5294376901871],[-122.317566669146,47.5294025719062],[-122.317565355506,47.5293870879728],[-122.317537621061,47.529060079515],[-122.317538668899,47.5289989772442],[-122.31755092861,47.5282587299837],[-122.317551361933,47.5282324837424],[-122.317551699417,47.5282120600976],[-122.317529162021,47.5281993678331],[-122.317481326841,47.5281724306497],[-122.317406599667,47.5281497508276],[-122.315638980917,47.5275956709831],[-122.315553576307,47.527571110566],[-122.314917696442,47.5273699969292],[-122.314895985705,47.5273639216605],[-122.31471680279,47.5273137843499],[-122.314558567718,47.5272695080426],[-122.314295694713,47.5272070769043],[-122.313166119603,47.5269412530235],[-122.312893641557,47.5268740832398],[-122.312302083948,47.5267287264485],[-122.312088330715,47.5266762022503],[-122.311780826507,47.5265743490281],[-122.311702281357,47.5265483317939],[-122.31132627128,47.5261612885655],[-122.310952646546,47.5256738407707],[-122.310880131556,47.5255792325495],[-122.310816937191,47.5254967853515],[-122.310792396476,47.5254647664704],[-122.310733255656,47.5253876056578],[-122.310469395972,47.5251590156247],[-122.310091542436,47.5248316650231],[-122.309840783713,47.5246144200179],[-122.30981074221,47.5246138811839],[-122.309790585822,47.5245659855921],[-122.309765119466,47.5245054719041],[-122.309709847841,47.5243476342604],[-122.309864253835,47.5239631251144],[-122.309865910887,47.5238903031773],[-122.3096363214,47.5232484037888],[-122.309773974046,47.5223435408144],[-122.309736565375,47.5221764048397],[-122.309798008153,47.5221765445345],[-122.31012216662,47.5221772831093],[-122.31027017013,47.5221776196048],[-122.310946840411,47.5221744260212],[-122.311113611962,47.5221795343764],[-122.311406606789,47.5221813224105],[-122.311875635014,47.5221841840131],[-122.312852910259,47.5221856293691],[-122.312898790126,47.5221856966054],[-122.312908105516,47.5222256166473],[-122.312974125654,47.5222270453108],[-122.313470553908,47.5222285052886],[-122.313522667539,47.5222286583743],[-122.314981667627,47.5222329437346],[-122.317555631625,47.5222395496229],[-122.317615257047,47.5222405481681],[-122.317653115764,47.5222411842879],[-122.317652942453,47.5222238592592],[-122.317652701888,47.5221997421914],[-122.31762474841,47.521184595471],[-122.317620560678,47.5210286280872],[-122.317633620084,47.5206455882273],[-122.317636742008,47.5205540324097],[-122.317636623878,47.5203688430549],[-122.317636570794,47.5202859721305],[-122.3176364583,47.520108302501],[-122.317636438908,47.5200782874317],[-122.31763543912,47.5198695516406],[-122.317624703953,47.5191731457184],[-122.317639213962,47.5187246622226],[-122.317730672966,47.518722793241],[-122.317822680086,47.5187209125243],[-122.318093188219,47.5187153833746],[-122.31843862022,47.5187118391083],[-122.320340846768,47.5187156561456],[-122.321290408967,47.5187175492],[-122.321327096436,47.5187176218585],[-122.321604850866,47.5187181742061],[-122.322256480246,47.5187194662071],[-122.322984810147,47.5186950256226],[-122.323080340912,47.5186918196912],[-122.323106214323,47.518690951379],[-122.323149812513,47.5186894880422],[-122.323227623383,47.5186895109887],[-122.323287866283,47.51868952863],[-122.323365217665,47.5186895512123],[-122.324007176906,47.5186897365539],[-122.324071119579,47.5186897547038],[-122.324132412927,47.5186897725046],[-122.324486499983,47.5186898727939],[-122.324790022518,47.5186899576238],[-122.324914611801,47.5186899922081],[-122.324975316844,47.5186900091831],[-122.325036015175,47.5186896987569],[-122.325600116411,47.5186868151361],[-122.325881362385,47.5186853770006],[-122.325885529286,47.518773160766],[-122.325885088788,47.5188554032209],[-122.325883913271,47.5190747176447],[-122.325883181813,47.519211125657],[-122.325882960948,47.5192522486918],[-122.325882383929,47.5193598231727],[-122.325881165697,47.5195870151163],[-122.325879294751,47.5199360206144],[-122.325878919098,47.5200059654904],[-122.325878698227,47.5200470885253],[-122.325877696331,47.5202338348979],[-122.325877225311,47.5203217371813],[-122.325876203114,47.5205124591838],[-122.325874070573,47.5209102583013],[-122.326084091665,47.5209099886543],[-122.329358299131,47.520905115887],[-122.329418371622,47.5209050264016],[-122.329479709667,47.5209049346092],[-122.329641609088,47.5208989139766],[-122.330070701528,47.5209060775971],[-122.330601082892,47.5209703160928],[-122.330831783003,47.5209826079026],[-122.330963778308,47.5209896397966],[-122.331013223859,47.520992274151],[-122.330964512983,47.5209025687392],[-122.329718633853,47.5186080493524],[-122.329520395002,47.5182429343996],[-122.329516934529,47.5181260282769],[-122.329512791603,47.5179860391129],[-122.329503825539,47.5176831000614],[-122.329502751877,47.5176468501167],[-122.329499892753,47.5175502447184],[-122.329495266925,47.5173939367349],[-122.329489932249,47.5173578841558],[-122.329484759261,47.5173229305665],[-122.329422899358,47.5172714718732],[-122.329406169469,47.5172272228238],[-122.329368916258,47.5172271152591],[-122.329335989532,47.5172307110589],[-122.329309111145,47.5172242505394],[-122.32924769228,47.5172213287758],[-122.329214899164,47.5172057026631],[-122.329200985783,47.517178659273],[-122.329174946389,47.5171280403271],[-122.328927410019,47.5168434741318],[-122.328850716843,47.5167553076539],[-122.328711066145,47.5165947644494],[-122.32863683861,47.5165094315249],[-122.328263111651,47.5157946299511],[-122.328108136054,47.5154982149502],[-122.328062603034,47.5154111258476],[-122.327961884031,47.5152184806355],[-122.327844877046,47.5149946794601],[-122.327693689585,47.5147054991321],[-122.327531604643,47.5143954714537],[-122.327330203375,47.5140102354071],[-122.328184044787,47.5140008116516],[-122.328376107392,47.5140070935034],[-122.328477831267,47.5140098413588],[-122.328563020403,47.5140013314092],[-122.328676452868,47.5140009607371],[-122.328804637823,47.5140005423424],[-122.329003504805,47.5139998929246],[-122.329035950688,47.5139997868077],[-122.329445338141,47.5139984475571],[-122.330077132336,47.5139987965089],[-122.330269970552,47.5139980435006],[-122.330290119786,47.5140364799645],[-122.330378904303,47.5142053806175],[-122.330439807969,47.5143212425946],[-122.330452486964,47.5143428063969],[-122.330466237454,47.5143664008828],[-122.330477470244,47.5143855080248],[-122.330486623923,47.5144007427717],[-122.330498412254,47.514419681559],[-122.330511611152,47.5144397424542],[-122.330525287954,47.5144596135281],[-122.330542899395,47.5144842978131],[-122.330557654704,47.5145045936751],[-122.330572228742,47.514524680517],[-122.330583774407,47.5145409011811],[-122.330596647556,47.5145560446062],[-122.330618949099,47.5145832246378],[-122.330638734278,47.5146073512836],[-122.330659130979,47.5146318252096],[-122.330674882612,47.5146501908582],[-122.33069327992,47.514670562836],[-122.330721701382,47.5147006884481],[-122.330744269599,47.5147234181786],[-122.330759266517,47.51473815935],[-122.330776532955,47.5147549864758],[-122.33079732825,47.5147752575525],[-122.330816784584,47.514794541417],[-122.330964359278,47.51494196114],[-122.330981014569,47.5149585875859],[-122.331147230256,47.5151245100161],[-122.331175079493,47.5151523103838],[-122.33127695318,47.5151434578397],[-122.331328610597,47.5151389694025],[-122.331382529048,47.5151342837928],[-122.331405972541,47.5151067299513],[-122.332027711199,47.5149839905082],[-122.332715790176,47.5148657092452],[-122.333463235958,47.5147325320184],[-122.33349508784,47.5147268567049],[-122.333549902801,47.5147432387462],[-122.33350813767,47.5145263927768],[-122.333590325181,47.5145301758713],[-122.333972870255,47.5145235811484],[-122.334033463234,47.5145238357947],[-122.334357398452,47.5145252182359],[-122.334355624848,47.5144973789911],[-122.334316709971,47.5142777598988],[-122.334271320181,47.5140215942948],[-122.3342567925,47.513939609715],[-122.334249564147,47.513898811721],[-122.335704313277,47.5139246681065],[-122.335920040546,47.5139224224404],[-122.336505337255,47.5139163266158],[-122.337040134476,47.5139107524385],[-122.337042000652,47.5139929880173],[-122.337044117464,47.5140196487045],[-122.337363818165,47.5163699392323],[-122.337527117783,47.5172579134026],[-122.337698400168,47.5172588754778],[-122.33792798885,47.5172601642765],[-122.338115508043,47.5172612174073],[-122.338870655859,47.5172654567784],[-122.339920318508,47.5172713410373],[-122.340001161096,47.5172717935454],[-122.340130764503,47.5172725185503],[-122.340182855524,47.5172728269694],[-122.341387202076,47.5172799461463],[-122.341424871773,47.5172801683869],[-122.341538863716,47.517280840875],[-122.341601285293,47.5172812093852],[-122.34287559667,47.5172887304289],[-122.343408019764,47.5172918656081],[-122.343870187758,47.5172945859091],[-122.343893080193,47.5172947204738],[-122.343976670287,47.5172952127801],[-122.344149431448,47.5172962291282],[-122.344234787455,47.5172967121494],[-122.344470444241,47.517298046451],[-122.344636876945,47.5172989888206],[-122.344829482509,47.517300078345],[-122.345423270504,47.517303436411],[-122.346362625973,47.5173089924266],[-122.346697305726,47.5173109704523],[-122.347323922071,47.5173147700018],[-122.347438515212,47.5173154645428],[-122.347969757365,47.5173186831528],[-122.348004612711,47.5173188867648],[-122.349243931551,47.5173261013267],[-122.34945376489,47.5173273219282],[-122.349482962202,47.5173274917571],[-122.350652791228,47.5173342870757],[-122.351187414115,47.5173373780108],[-122.351297464173,47.5173380142205],[-122.351733328666,47.5173405124985],[-122.351775854832,47.5173407788377],[-122.352875906459,47.5173471634341],[-122.352907247481,47.5173473450865],[-122.353149650575,47.5173487474583],[-122.353887971455,47.5173530150289],[-122.354035334144,47.5173538660664],[-122.3545905737,47.5173570697915],[-122.355164901915,47.5173603811924],[-122.355174449444,47.5173818799827],[-122.355144654305,47.5191956699295],[-122.355124612969,47.5210327506283],[-122.355104454212,47.5228700883849],[-122.355082728093,47.5247061049062],[-122.355077796253,47.5256199580122],[-122.355077379726,47.5257116810005],[-122.355073813483,47.5264963142046],[-122.35507294401,47.5265161641311],[-122.355067915308,47.5274476365687],[-122.355063772274,47.5282179835382],[-122.35506340148,47.5282865282683],[-122.355056219781,47.5296172762757],[-122.35505373915,47.5300769212084],[-122.355044641025,47.5318676439446],[-122.35503244846,47.533680427964],[-122.35425085952,47.5336843105792],[-122.353914920758,47.5336859776954],[-122.352826687032,47.5341055188659],[-122.352794134354,47.5341180683921],[-122.352766235632,47.5341288634997],[-122.352736884363,47.5341402753678],[-122.352711715432,47.5341500677728],[-122.352688885197,47.5341589292855],[-122.352657659071,47.5341709626471],[-122.352625464517,47.5341832230573],[-122.352589775601,47.5341964163012],[-122.352562937555,47.5342060510682],[-122.352537603586,47.5342146500547],[-122.352513801432,47.5342222533736],[-122.352487868956,47.5342300075181],[-122.352465443565,47.5342363545513],[-122.352441043658,47.53424286562],[-122.352416537217,47.5342490488493],[-122.352385848401,47.5342560955929],[-122.3523501086,47.5342635822954],[-122.352316042341,47.5342699679772],[-122.352282602508,47.5342755140318],[-122.35224411228,47.5342810646186],[-122.352211987007,47.5342850430458],[-122.352180463461,47.5342883369111],[-122.35214279915,47.5342915977031],[-122.352118623822,47.5342932369943],[-122.352088333319,47.5342948095851],[-122.352051948362,47.534296023719],[-122.352010453121,47.5342965090894],[-122.351972997316,47.5342961676866],[-122.35194260162,47.5342952704078],[-122.35190724759,47.5342936162446],[-122.351884060388,47.5342921494101],[-122.351860099713,47.5342902601943],[-122.35182711033,47.5342871512155],[-122.351788175585,47.534282691298],[-122.351752189755,47.5342777718391],[-122.351708833041,47.5342705381084],[-122.351675727158,47.5342648433561],[-122.351584270892,47.5342445206437],[-122.351550945421,47.5342363944374],[-122.351518572423,47.534228496591],[-122.351483343062,47.5342199028169],[-122.351450970111,47.5342120058504],[-122.351416692011,47.5342036440405],[-122.351382415249,47.5341952822026],[-122.35135385129,47.5341883139964],[-122.35132718984,47.5341818106542],[-122.351305291249,47.5341764680471],[-122.351283392662,47.5341711254358],[-122.3512529236,47.5341636932671],[-122.351225312239,47.5341569569974],[-122.351199603412,47.5341506864936],[-122.351165325392,47.534142324608],[-122.351134856363,47.5341348924075],[-122.351112957812,47.5341295497634],[-122.351084392622,47.5341225824065],[-122.351049163431,47.534113989397],[-122.351023454646,47.5341077188534],[-122.351001553487,47.5341023771225],[-122.350974894781,47.5340958736622],[-122.35094815369,47.5340894603578],[-122.350917383253,47.5340825323104],[-122.350886975167,47.5340758674998],[-122.350854147044,47.5340695309758],[-122.35082097387,47.5340638440732],[-122.350794459657,47.5340598377653],[-122.350759972612,47.5340552416303],[-122.350734013341,47.5340522732469],[-122.350705734983,47.5340495418398],[-122.350674349539,47.5340470381391],[-122.350642081649,47.5340450679894],[-122.350613156504,47.5340438007699],[-122.350584908166,47.5340432405967],[-122.350561218238,47.5340430252714],[-122.350538320074,47.5340427660827],[-122.350426363651,47.5340437005551],[-122.349274486205,47.5340533066126],[-122.349114128734,47.5340546435599],[-122.347204045897,47.5340705474497],[-122.347070128937,47.5340778462907],[-122.347091361652,47.534395337787],[-122.347162231784,47.5347839012024],[-122.347161443914,47.5348228100151],[-122.347160505356,47.5348691066485],[-122.347141278314,47.5353408349755],[-122.347134819129,47.5354993561665],[-122.347108109266,47.5361547976435],[-122.347107402728,47.5361720436187],[-122.347090733637,47.536377002046],[-122.347089266344,47.5363950408183],[-122.347039298998,47.5366896978239],[-122.346960011647,47.536981456396],[-122.34649751771,47.5384196847811],[-122.346384234295,47.5387715758168],[-122.346374300299,47.5387989978117],[-122.346366711328,47.5388199770487],[-122.346359324902,47.5388399253321],[-122.346351451778,47.5388599034853],[-122.346342358173,47.538881451518],[-122.346333970631,47.5388997731375],[-122.346326431347,47.538915418812],[-122.346316621194,47.538934891983],[-122.346307792019,47.5389516847431],[-122.346298435306,47.5389683819708],[-122.34628868078,47.5389849675448],[-122.346279390699,47.5390001624317],[-122.34626733302,47.5390191896282],[-122.346255266584,47.53903791557],[-122.346244026168,47.5390555329865],[-122.346229717872,47.5390761122866],[-122.34621110048,47.5391012416161],[-122.346192328575,47.5391263118259],[-122.346174137051,47.5391495462947],[-122.346162679645,47.5391630778565],[-122.346149461976,47.5391784860521],[-122.346129071409,47.5392013890455],[-122.346108596758,47.5392234556159],[-122.346085900822,47.5392469407542],[-122.346063706244,47.5392689798348],[-122.346045515726,47.5392863038202],[-122.346024462884,47.5393056171638],[-122.346001717984,47.5393257707749],[-122.345980913168,47.539343469604],[-122.3459577753,47.5393625354089],[-122.345940101775,47.5393766651708],[-122.345924762209,47.5393885904002],[-122.345903191818,47.539404905907],[-122.345883309544,47.5394195139666],[-122.345860166937,47.5394359475506],[-122.345828216167,47.5394578240706],[-122.345802066798,47.5394750254492],[-122.345778562353,47.5394900253531],[-122.345755527516,47.5395043155055],[-122.345733518849,47.5395174809749],[-122.345711195027,47.5395304077393],[-122.345687836302,47.5395435641797],[-122.345660957747,47.5395581654566],[-122.345636111936,47.5395712148323],[-122.345613480085,47.5395827764677],[-122.345587312122,47.5395957255792],[-122.345560857174,47.5396083996241],[-122.345530585887,47.5396222813501],[-122.345493988855,47.5396383838247],[-122.345465680338,47.5396504087042],[-122.345444900428,47.5396589508545],[-122.345422216856,47.5396680005243],[-122.345395922833,47.5396782110516],[-122.345367569413,47.5396886900715],[-122.345332860644,47.5397007362084],[-122.345309769074,47.5397085003417],[-122.345287057348,47.5397160776947],[-122.345258156702,47.5397258298851],[-122.345225424182,47.5397363464431],[-122.345200606348,47.539744093939],[-122.345179462992,47.5397506896182],[-122.345154605199,47.539758434037],[-122.343809794421,47.5401688345132],[-122.343733274289,47.5401854940671],[-122.343477972315,47.5402410781367],[-122.343199855846,47.5402720302504],[-122.342181391189,47.5403529776424],[-122.341977157765,47.5402256901582],[-122.341817019028,47.5401258821251],[-122.341731553705,47.5400688523198],[-122.341513816204,47.5399235549624],[-122.34147494995,47.5399014231072],[-122.340782538327,47.5395071345411],[-122.340405006955,47.5392921470545],[-122.337565562268,47.5376751147987],[-122.337238705971,47.5374889633755],[-122.337085272228,47.5374015791293],[-122.337091661008,47.5373195563461],[-122.337063085166,47.5359228715366],[-122.3370485797,47.5352138401572],[-122.337047860207,47.535178687542],[-122.337039449059,47.5351489597092],[-122.336925979486,47.5347509123734],[-122.336905902094,47.5347360853131],[-122.336737219402,47.5346115066373],[-122.336406758858,47.5344467701258],[-122.336121617479,47.5343476049458]]]},"properties":{"beat":"F3","first_precinct":"SW","sector":"F"}},{"type":"Feature","geometry":{"type":"Polygon","coordinates":[[[-122.28128827373,47.611525893164],[-122.281620269036,47.6105848932697],[-122.282246252689,47.6067768925166],[-122.282505245283,47.6051838926189],[-122.282671241146,47.6041608924878],[-122.282809235883,47.6030498921567],[-122.283076233752,47.6025968915495],[-122.283629229568,47.6016638911471],[-122.284295222877,47.6002258900058],[-122.285133223487,47.6002218885475],[-122.28585313542,47.6002149581682],[-122.285893745159,47.6001292073076],[-122.285909882879,47.6000957170526],[-122.286068604775,47.5998873442762],[-122.286323981905,47.5996423502631],[-122.286434258325,47.5996429532728],[-122.286647654677,47.599387779596],[-122.286701367724,47.5993140028977],[-122.286742011736,47.5992581781848],[-122.286776542291,47.5991790429209],[-122.286795867104,47.5990999714755],[-122.286831453725,47.5991001861102],[-122.287713236502,47.5991055069998],[-122.287865973133,47.5991074594323],[-122.288101203037,47.5991104663529],[-122.288351043113,47.5991136592602],[-122.288498093278,47.5991155387381],[-122.288548762556,47.5991237525506],[-122.28861904136,47.5991536935753],[-122.288685151635,47.599140768058],[-122.288768069646,47.5991303271674],[-122.288839951672,47.5991219030745],[-122.288931872966,47.5991201332496],[-122.288966245056,47.5991746930898],[-122.288996626869,47.5992032786022],[-122.289036873551,47.5992206917118],[-122.289412243444,47.5993652356295],[-122.289489000186,47.5993947918498],[-122.289516877125,47.5994060911233],[-122.289547837834,47.5994209825954],[-122.289574511366,47.5994365685518],[-122.28959908179,47.599453663062],[-122.289621364664,47.5994721389461],[-122.289641192452,47.599491855314],[-122.289658406621,47.599512660365],[-122.289672887094,47.5995343982077],[-122.289684521544,47.5995569047551],[-122.289693129716,47.5995797747973],[-122.289698911362,47.5996035401395],[-122.289701567702,47.5996273149039],[-122.289701158834,47.5996507753657],[-122.289697659509,47.5996749680808],[-122.289664011774,47.5998337038359],[-122.289649169496,47.599891203645],[-122.289629187752,47.5999479847916],[-122.289604135244,47.6000038412851],[-122.28959235832,47.6000274868457],[-122.289490003675,47.6002329932095],[-122.289480556772,47.6002552559379],[-122.289470682909,47.6002859326755],[-122.289465957305,47.6003130314861],[-122.289464647781,47.6003395783001],[-122.289466517314,47.6003675597653],[-122.289471801652,47.6003946105193],[-122.28948038299,47.6004212736277],[-122.28949220565,47.6004473653848],[-122.289507182019,47.6004727015938],[-122.289525211591,47.6004971126163],[-122.289546169978,47.6005204309186],[-122.289570484,47.6005429371079],[-122.289596276618,47.6005631456832],[-122.289625084301,47.600582254132],[-122.289656129924,47.6005996786652],[-122.289689206787,47.6006153049791],[-122.290127499156,47.6008045617645],[-122.290161146107,47.6008178317932],[-122.290196465424,47.6008293126855],[-122.290232930065,47.6008388024823],[-122.290270405161,47.6008462822189],[-122.290308605687,47.6008516430946],[-122.290347400125,47.6008550334275],[-122.29038643157,47.6008562472819],[-122.29047118595,47.6008563924263],[-122.290494116012,47.6008564315862],[-122.291206176053,47.6008576598989],[-122.2913278043,47.600857869839],[-122.292098101401,47.600859193636],[-122.29254464535,47.6008599585236],[-122.293761046318,47.6008622737411],[-122.294915732376,47.6008628238643],[-122.294976035976,47.6008628632583],[-122.295020528279,47.6008628736691],[-122.295844506523,47.6008632565953],[-122.296692347913,47.6008636486684],[-122.296832844558,47.6008637125778],[-122.296936324974,47.6008637586489],[-122.297881501626,47.6008647454876],[-122.298931183364,47.6008658328984],[-122.299352343906,47.6008662674477],[-122.299985089601,47.6008669164384],[-122.301076826658,47.6008680257248],[-122.301099756378,47.6008680501575],[-122.301119161634,47.6003199329778],[-122.302236380365,47.6003211250407],[-122.30223529483,47.5999361070785],[-122.302233451013,47.5992812923323],[-122.30282615649,47.5992774809605],[-122.303284939187,47.5992745288925],[-122.304218193127,47.5992685144205],[-122.304333763381,47.5992677676879],[-122.304387482709,47.599267421213],[-122.304452743237,47.5992670001368],[-122.304477855523,47.5992666250202],[-122.30459823864,47.5992648253194],[-122.304678222812,47.5992643657299],[-122.306356952546,47.599254705404],[-122.306553405412,47.5992535226389],[-122.307662398477,47.5992468457506],[-122.307738412567,47.5992463877807],[-122.308967843988,47.5992389702197],[-122.309857359878,47.5992340777316],[-122.310272214747,47.5992317935494],[-122.311577422882,47.5992245955381],[-122.312375633823,47.5992201752437],[-122.314073528433,47.5992107527967],[-122.314100567865,47.5992104701186],[-122.314137214046,47.5992100920749],[-122.314137241276,47.5992101142106],[-122.314137234274,47.5992102888248],[-122.314134640221,47.5992903477461],[-122.314133002145,47.6000109139237],[-122.314131088477,47.6008490394013],[-122.314134416218,47.6009396302677],[-122.314158602524,47.6015982833141],[-122.314161925705,47.6016887572906],[-122.314197077541,47.6026812841796],[-122.314190116851,47.6035096840321],[-122.314189969866,47.6035286387969],[-122.314182684494,47.6040297823156],[-122.31417921662,47.604259059976],[-122.314178866141,47.6043061093145],[-122.31417854292,47.6043495355939],[-122.314177528956,47.6044878403733],[-122.314173998796,47.6049695044623],[-122.314169536766,47.6055558540626],[-122.314165334681,47.6061919636485],[-122.314152317935,47.6080479785402],[-122.314146244007,47.6089265682211],[-122.314144251887,47.6092159480551],[-122.313804759078,47.6092145417033],[-122.312839397335,47.609210538127],[-122.312835408617,47.6097741195053],[-122.312831127279,47.6103788318446],[-122.311524884609,47.6103740326472],[-122.310219459124,47.6103683325395],[-122.310196525679,47.6103682325728],[-122.309488261619,47.6103651344224],[-122.308913831741,47.61036261828],[-122.30889045657,47.6103625156819],[-122.307691802639,47.6103572596432],[-122.30760463474,47.6103568651251],[-122.307505744231,47.6103564739782],[-122.306300221492,47.6103515549578],[-122.306300780942,47.6103189659362],[-122.306305720326,47.6100310743856],[-122.306166637596,47.6100306679999],[-122.305017629032,47.6100273069525],[-122.30371365025,47.6100232939379],[-122.302760989676,47.6100229862052],[-122.302763009756,47.609019139367],[-122.302727261724,47.6090190621535],[-122.302172847192,47.6090178594934],[-122.301463882195,47.6090163102883],[-122.300159943942,47.6090140600601],[-122.299188770456,47.6090123762182],[-122.298856020506,47.6090117974005],[-122.297550694975,47.6090095162539],[-122.296345110032,47.6090070973321],[-122.296246491262,47.6090068989497],[-122.294934409233,47.6090042464537],[-122.293968015854,47.6090022839369],[-122.293719269893,47.6090017776098],[-122.293744379171,47.609292346096],[-122.292617205634,47.609283356746],[-122.29179535788,47.609275486249],[-122.29150542421,47.6092727088337],[-122.290451973509,47.6092658109959],[-122.289397887458,47.6092553941114],[-122.28830880579,47.6092446188179],[-122.288088859416,47.6092422511685],[-122.287974260138,47.6092410174733],[-122.287594669731,47.609236928433],[-122.287205490525,47.6092327348474],[-122.286642419874,47.6092266660948],[-122.286480904977,47.6092249245032],[-122.286378924574,47.6092238249144],[-122.286094838692,47.6092207710293],[-122.285893512575,47.6091706554677],[-122.285677101284,47.6091682398335],[-122.285403153696,47.6091651816651],[-122.28494175677,47.6091601989892],[-122.28471406502,47.6091577401164],[-122.284695595403,47.6096162700278],[-122.284665588553,47.6103611898644],[-122.284665113524,47.610376973056],[-122.284664742974,47.6103927342244],[-122.28466436846,47.6104084963428],[-122.284663911236,47.6104276842821],[-122.284663454012,47.6104468722214],[-122.284662830065,47.6104729127186],[-122.284662151749,47.610501010388],[-122.284661609155,47.610523624182],[-122.284661231954,47.6105393854351],[-122.284660857438,47.6105551475535],[-122.284660485556,47.6105709087387],[-122.284660115028,47.6105866708062],[-122.28465966977,47.6106058585928],[-122.284659229831,47.6106250463115],[-122.284658873931,47.6106408081924],[-122.28465852335,47.6106565700055],[-122.284658058273,47.610677813624],[-122.284657589702,47.61069974278],[-122.284657150261,47.6107216670664],[-122.284657673206,47.610740273059],[-122.284659261885,47.6107558796961],[-122.284662669895,47.6107735654868],[-122.28466841908,47.6107965389347],[-122.284676249904,47.6108192150531],[-122.284683455667,47.6108356496429],[-122.284691804826,47.6108518213598],[-122.284701959287,47.6108686150609],[-122.284712795294,47.6108845175633],[-122.284724834493,47.610900297666],[-122.284739117744,47.6109168812715],[-122.284760251708,47.6109378844734],[-122.28477995174,47.6109552679917],[-122.284798781961,47.6109697973851],[-122.284821072848,47.6109855366701],[-122.284851335441,47.6110038658573],[-122.284882503869,47.6110202826329],[-122.284909599232,47.6110333742715],[-122.284938579077,47.6110472074208],[-122.284961771797,47.6110582662657],[-122.284987454552,47.6110705050971],[-122.285011485523,47.6110819499606],[-122.285032205082,47.6110918123928],[-122.285057902147,47.6111040384318],[-122.285081943562,47.6111154750512],[-122.285105984912,47.6111269089676],[-122.285137489922,47.611141890122],[-122.285162361801,47.6111537191488],[-122.285183914457,47.6111639721451],[-122.285207124142,47.6111750154316],[-122.2852328174,47.6111872450791],[-122.285263475166,47.611201848384],[-122.285291640324,47.6112152744278],[-122.285310687433,47.6112243620076],[-122.285336352186,47.6112366171848],[-122.285362617972,47.6112494818104],[-122.285383835392,47.6112622111407],[-122.285402402383,47.6112772133865],[-122.285417160859,47.6112932241002],[-122.285427923184,47.6113101935013],[-122.285435840045,47.6113310755773],[-122.285439032131,47.6113517867503],[-122.285436644877,47.6113743116422],[-122.285426589278,47.611400781968],[-122.28540859591,47.611425262023],[-122.285377537216,47.6114508344833],[-122.285351616478,47.6114651647772],[-122.285322539248,47.611473073536],[-122.285285926881,47.6114848396504],[-122.285251704678,47.6114933484005],[-122.285221992243,47.6114991853695],[-122.285192413666,47.6115036694279],[-122.284723600216,47.6115109256903],[-122.284640271431,47.6115100912598],[-122.284032688665,47.611504006646],[-122.283503910404,47.6114987092143],[-122.282932059595,47.6114942998898],[-122.282507359355,47.6114910238137],[-122.282302273271,47.6115458912475],[-122.28128827373,47.611525893164]]]},"properties":{"beat":"G2","first_precinct":"E","sector":"G"}},{"type":"Feature","geometry":{"type":"MultiPolygon","coordinates":[[[[-122.240257485101,47.6577019607549],[-122.25573549144,47.6471224087655],[-122.259048839409,47.6404505102251],[-122.259085401683,47.6403769273457],[-122.259099412274,47.640348906864],[-122.259123401682,47.64030092724],[-122.260044909747,47.6369918499867],[-122.261418364115,47.6320099243107],[-122.263527679523,47.6243420989987],[-122.26353181013,47.6243217801849],[-122.264177161925,47.6211471627925],[-122.265733282105,47.613621918463],[-122.267633228628,47.6015229164068],[-122.267829990014,47.5970746596354],[-122.268133899505,47.5909811623745],[-122.268121997286,47.5908228526701],[-122.268148178588,47.5900409157824],[-122.268142884154,47.5899653438257],[-122.268152177068,47.5898319158016],[-122.268158176262,47.5895289163177],[-122.268139175225,47.589315916301],[-122.265743150613,47.5839759198546],[-122.264747141128,47.5817539219428],[-122.262149673626,47.5759539903516],[-122.262125770494,47.5759253507987],[-122.254494074993,47.5668489374689],[-122.252032061917,47.5639229403568],[-122.252094042687,47.5639028562743],[-122.256059056427,47.5626179355096],[-122.256075930223,47.562150076234],[-122.256278444516,47.5581089236921],[-122.256273069287,47.558078972509],[-122.256265482263,47.5580607302076],[-122.256422021505,47.554870934864],[-122.258295017091,47.5539599325789],[-122.259951031726,47.5571329303447],[-122.260374035356,47.5579439288752],[-122.260627037142,47.5582799284993],[-122.262359046617,47.5605789261352],[-122.263441172734,47.5620200246917],[-122.263633684181,47.5622782922518],[-122.263689054283,47.562362924706],[-122.263777057757,47.5630809242524],[-122.264061068662,47.5653809241016],[-122.264095069235,47.5656539239555],[-122.267294083294,47.56888691939],[-122.271671086094,47.5694399130336],[-122.274471095352,47.5715009085435],[-122.275499098315,47.5722569072198],[-122.276259334176,47.5722492657156],[-122.276284433768,47.5722604629224],[-122.276615098728,47.5722569058202],[-122.276998282378,47.5725426081251],[-122.279652902082,47.5744898642381],[-122.280744112404,47.5752918992977],[-122.283868139924,47.5814518940377],[-122.285498144257,47.5825038910618],[-122.286587147335,47.5832198890996],[-122.286582154579,47.5849198888295],[-122.286402155744,47.5851058892455],[-122.284556164518,47.586975891571],[-122.284437175893,47.589492891745],[-122.284706044697,47.5898844007061],[-122.284722176979,47.5899078911512],[-122.284882783781,47.5901898616653],[-122.284898178472,47.590216890621],[-122.284958738314,47.5903184568654],[-122.284985179945,47.5903558908078],[-122.285011161817,47.5904023958557],[-122.285033179886,47.590433890427],[-122.285338182354,47.5909178895512],[-122.2862281875,47.5923338886213],[-122.286677191743,47.5930648872801],[-122.28577520277,47.5957448887936],[-122.284295222877,47.6002258900058],[-122.283629229568,47.6016638911471],[-122.283076233752,47.6025968915495],[-122.282809235883,47.6030498921567],[-122.282671241146,47.6041608924878],[-122.282505245283,47.6051838926189],[-122.282246252689,47.6067768925166],[-122.281620269036,47.6105848932697],[-122.28128827373,47.611525893164],[-122.280838217516,47.612017670011],[-122.280838949412,47.6120331715378],[-122.280875278749,47.6128028941555],[-122.279697294533,47.6163538954479],[-122.279556296286,47.6167578957582],[-122.279567316991,47.6212218942869],[-122.28165932452,47.6230748914451],[-122.281651331831,47.6247048912311],[-122.281055334529,47.6253648919836],[-122.280955335852,47.6254698917534],[-122.280227338651,47.6262448932278],[-122.275935359562,47.6308088997847],[-122.275927359357,47.6309368992417],[-122.275757369383,47.6332328999259],[-122.275450388365,47.6372528999364],[-122.275281398007,47.6394168996209],[-122.275112308577,47.6416219070899],[-122.275028411729,47.6427158998881],[-122.27537241287,47.642768899031],[-122.275735412075,47.642836898299],[-122.275982413339,47.6428918980455],[-122.276493413594,47.6430208976447],[-122.276839359918,47.6431254262064],[-122.276823851349,47.6431563763595],[-122.276814414856,47.6431968967824],[-122.277023657701,47.6432604027678],[-122.277046306178,47.6432735546383],[-122.277047762272,47.6433618664667],[-122.27701990066,47.647209318551],[-122.277018433567,47.6474118961342],[-122.275828280968,47.6473929618904],[-122.275583433452,47.647391898223],[-122.271137433217,47.6473319059965],[-122.271686461783,47.6539729046347],[-122.2717714643,47.6544019039893],[-122.270752466931,47.6551069059301],[-122.269201041647,47.6561881559114],[-122.268364231846,47.6567751149495],[-122.268355308132,47.6567918500547],[-122.268271475293,47.6568439105013],[-122.268254981061,47.6569002645657],[-122.268228353071,47.6569275383411],[-122.266387856405,47.6608803038952],[-122.266241494326,47.6611939140763],[-122.265380502682,47.6629969156949],[-122.264036505124,47.6636039179078],[-122.259860513138,47.6654659254016],[-122.258697264205,47.6663559833507],[-122.251012418607,47.6722318783222],[-122.25023454627,47.6728299426103],[-122.249939546895,47.6730559433517],[-122.248378553257,47.6742559467146],[-122.244436581363,47.6798339527427],[-122.244672760172,47.6810030814539],[-122.244666837601,47.6810185782191],[-122.244660778161,47.6810384036891],[-122.244933593445,47.6826249521701],[-122.247052603634,47.6854349481644],[-122.248536336321,47.6865935453026],[-122.248572529665,47.6866019675438],[-122.248777609127,47.6867709455879],[-122.255884619855,47.6896139316704],[-122.262213620027,47.689633919693],[-122.263550726975,47.6900985841796],[-122.263573280478,47.690101524367],[-122.265451623046,47.6901029128661],[-122.265805623386,47.6903179125873],[-122.26617362514,47.6905409115876],[-122.267573633035,47.6923429088618],[-122.269406638176,47.693501905562],[-122.270035548291,47.6942887430233],[-122.270326608377,47.6946519521599],[-122.271116647518,47.695617901269],[-122.271354520838,47.6969224429448],[-122.27141665498,47.6973469012636],[-122.271427464401,47.697430027462],[-122.271425272736,47.6974465500225],[-122.271423619333,47.6974745256863],[-122.272325671882,47.7012148989543],[-122.273213679355,47.7028458968613],[-122.274160686441,47.7045558951216],[-122.274432691521,47.7056328943674],[-122.274435698916,47.7071688938171],[-122.275312711141,47.7099328916377],[-122.277242737314,47.7160268867648],[-122.278035750617,47.718921884819],[-122.277910039933,47.7193618836634],[-122.277836950069,47.7196199255163],[-122.27818875432,47.719753884939],[-122.279435756528,47.7202218815993],[-122.279493095982,47.7207140157407],[-122.279502214289,47.7207313800741],[-122.279714517959,47.7225011824732],[-122.279888772895,47.7239258807673],[-122.279526779493,47.7253528815617],[-122.280005783071,47.7263008800735],[-122.28004278392,47.7263518799523],[-122.281262794113,47.7288228766684],[-122.281303800123,47.7300248767332],[-122.280873805906,47.7312028775056],[-122.282499810638,47.7323638740086],[-122.283024812546,47.7329598724145],[-122.283345815351,47.7333238718477],[-122.283424814965,47.7334538715357],[-122.283531815669,47.733613871001],[-122.282605254456,47.7336079601764],[-122.281951815402,47.7336118747063],[-122.269806814873,47.7334789006548],[-122.269735813699,47.7331219013198],[-122.268584788555,47.7273709039575],[-122.268434785549,47.7266219043972],[-122.268398784365,47.7264059045245],[-122.267190752072,47.7191619076599],[-122.267134749778,47.7188219076369],[-122.265223075925,47.7153814479477],[-122.261134702869,47.7080219210099],[-122.259739692862,47.7059889241019],[-122.25874868689,47.7045459262123],[-122.254142064209,47.6978212613919],[-122.249804491372,47.6954450936881],[-122.243933637132,47.6922219532413],[-122.231833636857,47.6901219733989],[-122.230577614125,47.6849169761368],[-122.228426236012,47.6760066444544],[-122.226233537797,47.6669219851986],[-122.226257485164,47.6669044977474],[-122.231436412726,47.66412833968],[-122.238033493615,47.6592219650531],[-122.240257485101,47.6577019607549]]],[[[-122.226030843632,47.5124230014895],[-122.224430830197,47.5094230057627],[-122.224491396833,47.5094235214904],[-122.226110417722,47.5094372971236],[-122.235291827002,47.509514978973],[-122.235342632343,47.5095385902635],[-122.238368832487,47.5111389717089],[-122.242090696484,47.5123718419646],[-122.248579842892,47.5145209467365],[-122.250072844322,47.5150159437477],[-122.251102846749,47.5156359424592],[-122.251339450919,47.5157515062801],[-122.251356967991,47.5157631127049],[-122.251409606643,47.5157949451315],[-122.251452066241,47.5158245476972],[-122.251494327125,47.5158561669117],[-122.251512852509,47.5158707158785],[-122.251576947383,47.5159176433515],[-122.251630981848,47.5159604539449],[-122.251673007544,47.5159896192509],[-122.25181784935,47.5160659417161],[-122.251871014464,47.5161359837667],[-122.251898347386,47.5161550501695],[-122.251916366386,47.5161665000111],[-122.251943741874,47.5161871293601],[-122.25197063554,47.5162086436208],[-122.252052684715,47.516267684473],[-122.252078594807,47.5162809644476],[-122.252106136535,47.5162983783451],[-122.252142174708,47.5163212770601],[-122.253090692185,47.5170610878517],[-122.257050867069,47.5201569354539],[-122.259302872073,47.5213559325537],[-122.259311258792,47.521409824394],[-122.259302881491,47.5233059325088],[-122.259311806228,47.5234828269348],[-122.259302897917,47.5269329323551],[-122.259302901411,47.5278039318632],[-122.261164204774,47.5299985267821],[-122.261806899805,47.5307397232025],[-122.262062916155,47.5310379287919],[-122.262315918469,47.5317289276922],[-122.263213930693,47.5343779269251],[-122.262228773039,47.5353834015539],[-122.262218941714,47.5354063172719],[-122.262172005137,47.5354528937966],[-122.262141663335,47.5354920333986],[-122.262114017039,47.5355174230058],[-122.262102547141,47.5355329043912],[-122.262082574464,47.5355520280914],[-122.262065946684,47.5355731877883],[-122.262042722835,47.5355937440315],[-122.262029453451,47.5356081784198],[-122.261991896738,47.5356597619056],[-122.261974642012,47.5356765169685],[-122.261950338832,47.5357130896184],[-122.261936281736,47.5357357156953],[-122.261903477262,47.5357760367714],[-122.261897353204,47.5357926509803],[-122.261877359848,47.535819361168],[-122.261813724949,47.5358806309151],[-122.261787133292,47.535909034309],[-122.261773862895,47.5359219834507],[-122.261731942021,47.5359744430363],[-122.261709620217,47.5359971450912],[-122.261694440713,47.5360157586685],[-122.261672675088,47.5360399974253],[-122.261588573581,47.5361233403358],[-122.261573921068,47.5361427182227],[-122.260431943837,47.5372859301556],[-122.260154950683,47.5389149307157],[-122.260094952978,47.5392699309407],[-122.259207957322,47.5403719315113],[-122.254948981227,47.5456649372297],[-122.242892218113,47.5493047852234],[-122.242832000066,47.5493229597632],[-122.245275983052,47.5456379544105],[-122.248813509715,47.5403039298302],[-122.249731950933,47.5389229443355],[-122.24970894943,47.5385149439615],[-122.249687947185,47.5381409438651],[-122.249651945128,47.5375139446898],[-122.249330577393,47.5318382612417],[-122.249330923797,47.5318227542892],[-122.246473334849,47.5288661051025],[-122.240730883804,47.5229229651105],[-122.23993512167,47.5224454676266],[-122.238067878445,47.5213249715265],[-122.233230866698,47.5184229831638],[-122.22607653248,47.5124612106449],[-122.226030843632,47.5124230014895]]]]},"properties":{"beat":"H3","first_precinct":null,"sector":"H"}},{"type":"Feature","geometry":{"type":"Polygon","coordinates":[[[-122.349976438061,47.6960126113836],[-122.349975159486,47.6959049649803],[-122.349972134892,47.6956503375867],[-122.349963533761,47.6949258708716],[-122.349954934124,47.6942014014157],[-122.349946334651,47.6934772944779],[-122.349937746796,47.6927534860339],[-122.349935053457,47.6925267159958],[-122.349933575365,47.6924022333461],[-122.349929133514,47.6920279767452],[-122.349920534154,47.691303483808],[-122.349918564616,47.6911375617927],[-122.349911933464,47.6905789827703],[-122.350403230663,47.690580465524],[-122.351344099291,47.6905832985787],[-122.352067535019,47.6905854718463],[-122.352601728101,47.6905870733592],[-122.353931518408,47.6905910454351],[-122.355301948875,47.6905951258707],[-122.356641951984,47.6906027361909],[-122.357981950158,47.6906103308284],[-122.359321954077,47.6906179105399],[-122.360647539411,47.6906253870604],[-122.363320431967,47.6906404358584],[-122.36599300986,47.6906554073351],[-122.366021426029,47.6906552833583],[-122.366834141066,47.6906517567619],[-122.367267372669,47.6906498738144],[-122.36774138658,47.6906479196237],[-122.368323053619,47.6906455192769],[-122.368631787747,47.6906442050308],[-122.36934604573,47.6906411601373],[-122.370281352297,47.6906371674563],[-122.370402340533,47.6906366503176],[-122.371440145015,47.6906322012405],[-122.372762833208,47.6906265432705],[-122.373654826119,47.6906227085515],[-122.374103220518,47.690620778194],[-122.375466262021,47.6906149031072],[-122.376806121155,47.6906091079859],[-122.377883498357,47.690605782524],[-122.378187442005,47.6906048437701],[-122.378956524358,47.6906024645074],[-122.379317453037,47.6906013454084],[-122.380028826704,47.6905991354131],[-122.381096820389,47.6905958106651],[-122.381297052855,47.6905949397752],[-122.381634176105,47.6905934727706],[-122.382170829921,47.6905924391288],[-122.38219380037,47.6905923950263],[-122.382642916883,47.6905909853109],[-122.383272197156,47.6905890074598],[-122.384225977875,47.6905860128829],[-122.384344780128,47.6905856393346],[-122.385416675456,47.6905822614831],[-122.38613669236,47.6905799865059],[-122.386486943919,47.6905788777287],[-122.387020201036,47.6905772360114],[-122.387598105135,47.6905754533938],[-122.388515505328,47.6905748586588],[-122.388723625096,47.6905747226224],[-122.38878499925,47.6905746820153],[-122.388842624316,47.6905746502659],[-122.388884683302,47.6905746276469],[-122.389798518472,47.6905741279221],[-122.389858442361,47.6905740660616],[-122.390285628113,47.6905738091854],[-122.390328474463,47.6905737833733],[-122.390519620273,47.6905736690483],[-122.39087046792,47.6905734571646],[-122.391528148286,47.6905730544223],[-122.391942452643,47.6905727983332],[-122.392910647138,47.6905721968125],[-122.393000334521,47.6905721488026],[-122.393040625386,47.6905721236589],[-122.393762726988,47.6905716629689],[-122.394206624517,47.6905713775779],[-122.394285989782,47.6905713268923],[-122.394402621429,47.6905712523717],[-122.394608692381,47.6905711201595],[-122.394783625825,47.6905710066813],[-122.394817432048,47.6905709851942],[-122.395368954079,47.6905706599699],[-122.395752615899,47.6905704321916],[-122.395831044629,47.6905703851734],[-122.395926622575,47.6905702477995],[-122.396501768987,47.6905694195382],[-122.396855626013,47.6905689086528],[-122.396930054405,47.6905688006102],[-122.396975622418,47.6905689355724],[-122.398327380275,47.690572930346],[-122.399678247462,47.6905589388092],[-122.399679356633,47.6905434473848],[-122.399683991648,47.6904786469545],[-122.399697948537,47.6902835369458],[-122.3997344017,47.6900527329292],[-122.39974515183,47.6900216813869],[-122.399802859719,47.6898549872565],[-122.399830356575,47.6897994598211],[-122.399890544486,47.6896779141145],[-122.399986625843,47.6894884888183],[-122.400001763626,47.6894586444943],[-122.400102348441,47.6892981429678],[-122.400217605286,47.6892128116686],[-122.400247743752,47.6891982030521],[-122.400315400574,47.6891654072824],[-122.40042584459,47.6891262016472],[-122.400458345151,47.6891166703399],[-122.400569067375,47.6890844858793],[-122.400679496432,47.6891059650506],[-122.400773617023,47.6891423556483],[-122.400881904925,47.6892371751161],[-122.400976387703,47.6893474644607],[-122.401140850565,47.6896166465139],[-122.401279653577,47.6897755927426],[-122.401398413219,47.6899126029533],[-122.401497518041,47.690031775931],[-122.401581368067,47.6901326058617],[-122.401681187126,47.6902526360964],[-122.40171502365,47.6903430429919],[-122.401735547119,47.690397880345],[-122.40180879187,47.6905643656116],[-122.401859456936,47.6906171687789],[-122.401910532775,47.6906360451433],[-122.401956132964,47.6906484943904],[-122.402008807682,47.6906160477873],[-122.402032466543,47.6905780360782],[-122.402028468,47.6905050931295],[-122.401908685345,47.6901429493447],[-122.401893951187,47.6900984004749],[-122.401830711719,47.6896470392548],[-122.401802763493,47.6893375627844],[-122.401800882634,47.6888644201357],[-122.401785601367,47.6881527851192],[-122.40180761665,47.6880603617591],[-122.401817590507,47.6880282330377],[-122.401824715735,47.6880052809801],[-122.401873130339,47.6879780181803],[-122.401891480327,47.6879676844427],[-122.401985672469,47.6879388792605],[-122.402013340386,47.6879348882157],[-122.402088518779,47.6879240438378],[-122.402249612288,47.6878666468665],[-122.402370612603,47.6878136466882],[-122.402460612079,47.6877306471449],[-122.402611610745,47.6875436469955],[-122.402661461318,47.6869741206291],[-122.40265987599,47.6867620899035],[-122.402659407034,47.6866994547944],[-122.405027979385,47.6867175092582],[-122.405439607087,47.6867206420726],[-122.411099072278,47.6867200868682],[-122.410689307056,47.6884438151059],[-122.409954080365,47.6898500863662],[-122.410087321406,47.6946888131219],[-122.409221327884,47.6976808133782],[-122.407052331997,47.6998318144004],[-122.405445335599,47.7014278159321],[-122.39859534185,47.703899821089],[-122.396880680377,47.7029746481062],[-122.394056649244,47.7018731980447],[-122.393393673449,47.7016146558993],[-122.393246673863,47.701603655606],[-122.392049119904,47.7016075026446],[-122.391993673257,47.7016096588475],[-122.390047673044,47.7015466626124],[-122.389980190378,47.7015466629956],[-122.389688104376,47.7016263354456],[-122.389473124294,47.7015796080317],[-122.389322308202,47.7015468264616],[-122.387602521059,47.7015467907897],[-122.387555750498,47.7015467789992],[-122.387433908216,47.7015467390954],[-122.387332766587,47.701546706524],[-122.387231630234,47.7015466719918],[-122.387130487247,47.70154663836],[-122.387029346924,47.701546604602],[-122.386928206521,47.7015465680566],[-122.386827063588,47.701546535954],[-122.386725927263,47.7015465018724],[-122.386624785528,47.701546465076],[-122.38652364787,47.7015464308331],[-122.386422503579,47.7015463974904],[-122.386321365868,47.7015463612696],[-122.386220229543,47.7015463267394],[-122.386119082587,47.7015462931639],[-122.386017946236,47.701546257555],[-122.385916804582,47.7015462228281],[-122.385815666926,47.7015461879571],[-122.385714530601,47.7015461529783],[-122.385613388922,47.7015461170831],[-122.385512251265,47.7015460819429],[-122.385411105643,47.7015460477211],[-122.385289274022,47.7015460053801],[-122.385289672532,47.7014399404977],[-122.385290101807,47.7013256724873],[-122.38529067416,47.7011737310623],[-122.383653804301,47.7012026549654],[-122.383507253122,47.7011214029845],[-122.38334937399,47.7010338717047],[-122.383149419008,47.700923012197],[-122.383026957437,47.7007186191209],[-122.383028247,47.7004618959943],[-122.383028324031,47.7004463873561],[-122.383031964824,47.6997216921761],[-122.380791937862,47.6997218965108],[-122.380768963476,47.6997218989472],[-122.378505381161,47.6997220632726],[-122.378511665001,47.6989840657063],[-122.376785388147,47.6989850049298],[-122.37679228574,47.6978902948126],[-122.376671034206,47.6978900133174],[-122.376178254655,47.6978888689224],[-122.37544657563,47.6978871657432],[-122.374887971654,47.6978858627934],[-122.37410788051,47.6978847446098],[-122.374100273183,47.697801776133],[-122.374102720863,47.6960937796436],[-122.374102759545,47.6960674986767],[-122.374102962827,47.6959268123834],[-122.374103408042,47.6956183491737],[-122.373981478259,47.6956802491279],[-122.373381488332,47.6959848430127],[-122.37299673301,47.6961812624056],[-122.372948292836,47.6962059913449],[-122.372673777246,47.696344114248],[-122.372632551748,47.6963650418957],[-122.37152975138,47.6969248627043],[-122.371407997979,47.6969866683769],[-122.371286189115,47.6970485007527],[-122.370746140615,47.6973226364064],[-122.370186469805,47.697606727343],[-122.370064770939,47.6976685011132],[-122.369941155071,47.6977312496861],[-122.369822120725,47.6977916702329],[-122.369660848657,47.6978735310199],[-122.368723369133,47.6983493780302],[-122.368602526741,47.6984107140355],[-122.368084559255,47.6986736152534],[-122.368020524862,47.6987061159559],[-122.367504921322,47.6989678122313],[-122.367383360483,47.6990295092221],[-122.367260499694,47.6990918703953],[-122.367225277811,47.6991097474078],[-122.367133632808,47.6991562626896],[-122.366975766024,47.6992363914589],[-122.366187563409,47.6996364184672],[-122.366166846274,47.6996469319657],[-122.366045397189,47.6997086385768],[-122.365923895264,47.6997702351125],[-122.365265539799,47.7001043653929],[-122.364840473416,47.7003200919631],[-122.36471845988,47.7003820143098],[-122.363512483756,47.7009940314151],[-122.363392410285,47.7010549645688],[-122.363270343418,47.701116911222],[-122.362605601182,47.7014542456316],[-122.362523635529,47.7014958394964],[-122.362428618033,47.701544056804],[-122.362067147095,47.7017274862466],[-122.360864018203,47.7023379950938],[-122.360761045537,47.7023902461755],[-122.360742679275,47.7023995648583],[-122.360621337422,47.7024611354284],[-122.360357614355,47.7025949530263],[-122.359600897343,47.7029789183141],[-122.359020858698,47.7032732273027],[-122.358273324489,47.7036525130644],[-122.357782488981,47.7039015502644],[-122.356861728205,47.7043687094096],[-122.356076068986,47.704767314197],[-122.355573942135,47.7050220538114],[-122.355452745684,47.7050835411997],[-122.354112151036,47.705079572227],[-122.352763052683,47.7050755551025],[-122.351423657932,47.7050715547221],[-122.350883900408,47.7050665077095],[-122.35080457028,47.705065752847],[-122.35073360788,47.7050659345902],[-122.350073435117,47.7050675045582],[-122.350065566753,47.7043431318488],[-122.35005769576,47.7036187528533],[-122.350049822848,47.7028943918517],[-122.350041955273,47.7021700235587],[-122.350039972263,47.7014456776985],[-122.350034671112,47.7009887379291],[-122.350030357077,47.7006169464928],[-122.350029466415,47.7005402100095],[-122.350025082867,47.7001625666351],[-122.350018955815,47.6996347495444],[-122.350012817085,47.6991057523099],[-122.350008449184,47.6987292754964],[-122.350003990728,47.6983451765951],[-122.349997940754,47.6978238185292],[-122.349986707983,47.6968779301396],[-122.34998530548,47.6967597419711],[-122.349978588441,47.6961938432047],[-122.349976438061,47.6960126113836]]]},"properties":{"beat":"J1","first_precinct":"N","sector":"J"}},{"type":"Feature","geometry":{"type":"Polygon","coordinates":[[[-122.400679496432,47.6891059650506],[-122.400569067375,47.6890844858793],[-122.400458345151,47.6891166703399],[-122.40042584459,47.6891262016472],[-122.400315400574,47.6891654072824],[-122.400247743752,47.6891982030521],[-122.400217605286,47.6892128116686],[-122.400102348441,47.6892981429678],[-122.400001763626,47.6894586444943],[-122.399986625843,47.6894884888183],[-122.399890544486,47.6896779141145],[-122.399830356575,47.6897994598211],[-122.399802859719,47.6898549872565],[-122.39974515183,47.6900216813869],[-122.3997344017,47.6900527329292],[-122.399697948537,47.6902835369458],[-122.399683991648,47.6904786469545],[-122.399679356633,47.6905434473848],[-122.399678247462,47.6905589388092],[-122.398327380275,47.690572930346],[-122.396975622418,47.6905689355724],[-122.396930054405,47.6905688006102],[-122.396855626013,47.6905689086528],[-122.396501768987,47.6905694195382],[-122.395926622575,47.6905702477995],[-122.395831044629,47.6905703851734],[-122.395752615899,47.6905704321916],[-122.395368954079,47.6905706599699],[-122.394817432048,47.6905709851942],[-122.394783625825,47.6905710066813],[-122.394608692381,47.6905711201595],[-122.394402621429,47.6905712523717],[-122.394285989782,47.6905713268923],[-122.394206624517,47.6905713775779],[-122.393762726988,47.6905716629689],[-122.393040625386,47.6905721236589],[-122.393000334521,47.6905721488026],[-122.392910647138,47.6905721968125],[-122.391942452643,47.6905727983332],[-122.391528148286,47.6905730544223],[-122.39087046792,47.6905734571646],[-122.390519620273,47.6905736690483],[-122.390328474463,47.6905737833733],[-122.390285628113,47.6905738091854],[-122.389858442361,47.6905740660616],[-122.389798518472,47.6905741279221],[-122.388884683302,47.6905746276469],[-122.388842624316,47.6905746502659],[-122.38878499925,47.6905746820153],[-122.388723625096,47.6905747226224],[-122.388515505328,47.6905748586588],[-122.387598105135,47.6905754533938],[-122.387020201036,47.6905772360114],[-122.386486943919,47.6905788777287],[-122.38613669236,47.6905799865059],[-122.385416675456,47.6905822614831],[-122.384344780128,47.6905856393346],[-122.384225977875,47.6905860128829],[-122.383272197156,47.6905890074598],[-122.382642916883,47.6905909853109],[-122.38219380037,47.6905923950263],[-122.382170829921,47.6905924391288],[-122.381634176105,47.6905934727706],[-122.381297052855,47.6905949397752],[-122.381096820389,47.6905958106651],[-122.380028826704,47.6905991354131],[-122.379317453037,47.6906013454084],[-122.378956524358,47.6906024645074],[-122.378187442005,47.6906048437701],[-122.377883498357,47.690605782524],[-122.376806121155,47.6906091079859],[-122.375466262021,47.6906149031072],[-122.374103220518,47.690620778194],[-122.373654826119,47.6906227085515],[-122.372762833208,47.6906265432705],[-122.371440145015,47.6906322012405],[-122.370402340533,47.6906366503176],[-122.370281352297,47.6906371674563],[-122.36934604573,47.6906411601373],[-122.368631787747,47.6906442050308],[-122.368323053619,47.6906455192769],[-122.36774138658,47.6906479196237],[-122.367267372669,47.6906498738144],[-122.366834141066,47.6906517567619],[-122.366021426029,47.6906552833583],[-122.36599300986,47.6906554073351],[-122.363320431967,47.6906404358584],[-122.360647539411,47.6906253870604],[-122.359321954077,47.6906179105399],[-122.357981950158,47.6906103308284],[-122.356641951984,47.6906027361909],[-122.355301948875,47.6905951258707],[-122.355301622261,47.6900820841305],[-122.355301466697,47.6898372661864],[-122.355301335636,47.6896317168143],[-122.355301007177,47.6891134267479],[-122.355300614841,47.6885026287621],[-122.355300542396,47.6883895891552],[-122.355300081596,47.6876657505862],[-122.355299626137,47.6869419119225],[-122.355299504657,47.6866398125762],[-122.355299159805,47.6862151091633],[-122.355299048361,47.6860422936316],[-122.355298694382,47.6854855625559],[-122.355298458211,47.6851169187142],[-122.3552982238,47.6847477890533],[-122.355297758456,47.6840182441969],[-122.355297594116,47.6837616638926],[-122.355297293072,47.6832886975187],[-122.355300362934,47.682569280895],[-122.355300428213,47.6825537716313],[-122.355303051538,47.6819390936485],[-122.355303623339,47.6818051600368],[-122.355306825679,47.6810537505305],[-122.355307315969,47.6809389113447],[-122.355308163522,47.6807404854333],[-122.355309088777,47.6805232907984],[-122.35530998359,47.6803134256986],[-122.35532180544,47.6796597444933],[-122.355322768615,47.6796064881509],[-122.355322465761,47.6795628556657],[-122.355319660308,47.6791586610351],[-122.355316715116,47.6787342755956],[-122.355317506364,47.6785488021166],[-122.355319256231,47.6781390895779],[-122.355279653487,47.6780523824145],[-122.355236036366,47.6779734637169],[-122.355182138875,47.6779088835807],[-122.355170700951,47.6778954351393],[-122.35508973855,47.6778426235337],[-122.355044255236,47.6778129546083],[-122.354982276953,47.6777835518441],[-122.354951764689,47.6777690770802],[-122.354742843446,47.6776972578347],[-122.354677579212,47.6776682613305],[-122.354607138713,47.6776361708723],[-122.354582914706,47.6776251358259],[-122.354520677694,47.6775861949984],[-122.354480141558,47.6775539570853],[-122.354456773811,47.6775283035991],[-122.354431146462,47.6775026793761],[-122.354402854659,47.6774633437657],[-122.354390659435,47.6774369365699],[-122.354381122244,47.677416283783],[-122.354368791085,47.6773813177029],[-122.354361071176,47.6773493451396],[-122.354353133093,47.6760437315984],[-122.354353218355,47.6760225698125],[-122.354513797404,47.6759989557959],[-122.355327693475,47.6760019300414],[-122.355835526305,47.6760012702613],[-122.356399561085,47.6760005352122],[-122.356424390109,47.6760005028573],[-122.356503439316,47.6760004059417],[-122.357016562509,47.6759997745242],[-122.357439127023,47.6759992529519],[-122.358453861514,47.6759980039372],[-122.35946860272,47.6759967493938],[-122.359491566117,47.6759967341643],[-122.360483349609,47.6759954542503],[-122.360695015376,47.6759964536921],[-122.360769964684,47.6759954488933],[-122.361278182862,47.675994556376],[-122.361498099665,47.6759941689187],[-122.361838281005,47.6759937356458],[-122.361861244241,47.6759937145432],[-122.361946837155,47.6759935989271],[-122.362512784428,47.6759928754259],[-122.362626240801,47.6759927298642],[-122.362940875144,47.675992326747],[-122.363504563716,47.6759916124512],[-122.363527526739,47.6759915838187],[-122.36369578385,47.6759913632697],[-122.364008427986,47.6759909515517],[-122.364181653409,47.6759907274077],[-122.364521673567,47.6759902873891],[-122.365063744058,47.6759895824344],[-122.365235621612,47.675989361315],[-122.365536398362,47.6759889745275],[-122.365729736,47.6759875347528],[-122.366023398661,47.6759853468799],[-122.366044809228,47.6759797403294],[-122.366195571922,47.6759828218213],[-122.366536110633,47.6759837461224],[-122.366559073667,47.6759838077397],[-122.366864034161,47.6759846340978],[-122.367452917317,47.6759820407927],[-122.367622906551,47.6759812918347],[-122.368737900475,47.6759763726578],[-122.369778641514,47.6759717701405],[-122.370850257038,47.6759670212414],[-122.371397711653,47.6759645914841],[-122.371952743034,47.6759621251435],[-122.373545045346,47.6759550363641],[-122.373573064535,47.6759549112642],[-122.373606713408,47.6759547613256],[-122.375739003151,47.6759452305923],[-122.37611604614,47.6759435413482],[-122.376210649173,47.6759431175804],[-122.376364715294,47.6759496691822],[-122.376380784462,47.6759622665764],[-122.376396562444,47.675973535581],[-122.376493177839,47.6759749384328],[-122.376703942338,47.675998702225],[-122.376735962429,47.6760003987481],[-122.376759829822,47.6760013519721],[-122.376837602615,47.6760010513292],[-122.37716757825,47.6759997749532],[-122.377701153007,47.6759977081047],[-122.377829025125,47.675997212553],[-122.377944571286,47.6759969136549],[-122.378523558086,47.6759954147656],[-122.378776888013,47.6759947575929],[-122.378880879812,47.6759944876313],[-122.379018720863,47.6759941298912],[-122.379851804646,47.6759919627666],[-122.37997218294,47.6759916483972],[-122.380096746131,47.675991323865],[-122.380218690776,47.675991005962],[-122.380918714996,47.6759891774908],[-122.381043757641,47.6759888499085],[-122.381163095279,47.6759884782477],[-122.381481007454,47.6759874846126],[-122.381992381074,47.6759858855652],[-122.382127505581,47.6759854620319],[-122.382214704294,47.6759840166105],[-122.382268584265,47.6759836997235],[-122.382900433041,47.675979983623],[-122.383084714598,47.6759788993543],[-122.383210813195,47.6759781573987],[-122.383335349034,47.6759773160157],[-122.383968451974,47.6759730434546],[-122.3842823452,47.6759709226997],[-122.384358570514,47.6759704076861],[-122.384738960567,47.6759678355847],[-122.384935571948,47.6759665057556],[-122.385038576049,47.6759658091087],[-122.385239892485,47.6759644470586],[-122.385353871473,47.6759636743998],[-122.385478724242,47.6759628299544],[-122.386425408314,47.6759564230722],[-122.386448483519,47.6759562668423],[-122.38655086964,47.6759555727542],[-122.387543753861,47.6759487795105],[-122.387584728989,47.6759484985115],[-122.388590308559,47.675940544167],[-122.388622128268,47.6759402924151],[-122.389412391487,47.6759340437661],[-122.38969351262,47.6759318195283],[-122.390001571382,47.675929380376],[-122.39009691066,47.6759286264483],[-122.390134094445,47.6759283315652],[-122.390764892683,47.6759233384208],[-122.391480197844,47.6759176682638],[-122.391836277641,47.675914844469],[-122.392895426553,47.6759064368658],[-122.392956454438,47.6759059523039],[-122.394031006573,47.675897405145],[-122.395683761219,47.6758842380708],[-122.396256174897,47.6758796211066],[-122.396931568526,47.6758741700468],[-122.398138572237,47.6758644193857],[-122.398232183766,47.6758636625865],[-122.39826270357,47.6758634161005],[-122.39836597971,47.6758246478869],[-122.398484393936,47.6757818059408],[-122.398695554778,47.6757830026171],[-122.400697550626,47.6757943309849],[-122.400952815582,47.6757957731569],[-122.401060058719,47.6757963792139],[-122.403411614669,47.6758088479352],[-122.403495492053,47.6758092915074],[-122.403505967385,47.6748631329372],[-122.404390840577,47.6748679890324],[-122.4046664297,47.6748695006019],[-122.404739040695,47.6752599663498],[-122.40487755641,47.6752346511404],[-122.405050556822,47.6751646507601],[-122.405244556276,47.6751036498859],[-122.405348625116,47.6750976438728],[-122.40538795359,47.6758227280443],[-122.405366447851,47.6763484810215],[-122.405357224425,47.6765739647155],[-122.405343841351,47.6769011370929],[-122.405847886172,47.6769204691454],[-122.405881488685,47.6767884192969],[-122.405887747049,47.6767638262856],[-122.405933257434,47.6765651209213],[-122.405965587215,47.6763237709167],[-122.405973983959,47.6760773967037],[-122.405962110742,47.6758213659487],[-122.405871026082,47.6749625988775],[-122.405999554744,47.6749416492638],[-122.406362299791,47.6749299157385],[-122.406362761736,47.675142278902],[-122.406363361375,47.6754174545497],[-122.406363961463,47.6756933049054],[-122.406364243306,47.6758223996328],[-122.406369425862,47.6758224324331],[-122.411076885975,47.6758518343658],[-122.411998559329,47.675851636465],[-122.412895559984,47.6758536354066],[-122.414043559464,47.6758566333177],[-122.414257559285,47.6756926329022],[-122.419547286631,47.6788998097871],[-122.411630535215,47.6867195426941],[-122.411099072278,47.6867200868682],[-122.405439607087,47.6867206420726],[-122.405027979385,47.6867175092582],[-122.402659407034,47.6866994547944],[-122.40265987599,47.6867620899035],[-122.402661461318,47.6869741206291],[-122.402611610745,47.6875436469955],[-122.402460612079,47.6877306471449],[-122.402370612603,47.6878136466882],[-122.402249612288,47.6878666468665],[-122.402088518779,47.6879240438378],[-122.402013340386,47.6879348882157],[-122.401985672469,47.6879388792605],[-122.401891480327,47.6879676844427],[-122.401873130339,47.6879780181803],[-122.401824715735,47.6880052809801],[-122.401817590507,47.6880282330377],[-122.40180761665,47.6880603617591],[-122.401785601367,47.6881527851192],[-122.401800882634,47.6888644201357],[-122.401802763493,47.6893375627844],[-122.401830711719,47.6896470392548],[-122.401893951187,47.6900984004749],[-122.401908685345,47.6901429493447],[-122.402028468,47.6905050931295],[-122.402032466543,47.6905780360782],[-122.402008807682,47.6906160477873],[-122.401956132964,47.6906484943904],[-122.401910532775,47.6906360451433],[-122.401859456936,47.6906171687789],[-122.40180879187,47.6905643656116],[-122.401735547119,47.690397880345],[-122.40171502365,47.6903430429919],[-122.401681187126,47.6902526360964],[-122.401581368067,47.6901326058617],[-122.401497518041,47.690031775931],[-122.401398413219,47.6899126029533],[-122.401279653577,47.6897755927426],[-122.401140850565,47.6896166465139],[-122.400976387703,47.6893474644607],[-122.400881904925,47.6892371751161],[-122.400773617023,47.6891423556483],[-122.400679496432,47.6891059650506]]]},"properties":{"beat":"J2","first_precinct":"N","sector":"J"}},{"type":"Feature","geometry":{"type":"Polygon","coordinates":[[[-122.348314376604,47.7223915586156],[-122.348326220987,47.7223093237683],[-122.348530147405,47.7223097728276],[-122.348952565029,47.7223107029729],[-122.349301766919,47.7223114696123],[-122.349333746972,47.7223115401445],[-122.349961366964,47.7223129148387],[-122.350287461811,47.7223136277359],[-122.350349353056,47.7223137768696],[-122.350348802994,47.7222719982971],[-122.350345839655,47.7220487865085],[-122.350343709551,47.7218904145726],[-122.350337241828,47.7214050262639],[-122.3503029004,47.7214046518804],[-122.350213984239,47.7214036828484],[-122.349693621236,47.7214031909524],[-122.349504221743,47.7214030114687],[-122.349480093635,47.7195848226892],[-122.349452937659,47.7177705783056],[-122.349445614434,47.7172921121188],[-122.349425192755,47.7159576478247],[-122.349038689171,47.7159565314745],[-122.3490124477,47.7141437968417],[-122.348998148619,47.7131644234929],[-122.348985959577,47.7123294901183],[-122.350079711087,47.7123329115952],[-122.35020621465,47.7123333129748],[-122.35017544149,47.710515891706],[-122.350154149184,47.7092528871457],[-122.350144829193,47.7087000253684],[-122.350133043315,47.7080022091682],[-122.350127682434,47.7076852062468],[-122.350114063117,47.7068838856476],[-122.350107879761,47.7065051679052],[-122.35009366193,47.705911749397],[-122.350073435117,47.7050675045582],[-122.35073360788,47.7050659345902],[-122.35080457028,47.705065752847],[-122.350883900408,47.7050665077095],[-122.351423657932,47.7050715547221],[-122.352763052683,47.7050755551025],[-122.354112151036,47.705079572227],[-122.355452745684,47.7050835411997],[-122.355573942135,47.7050220538114],[-122.356076068986,47.704767314197],[-122.356861728205,47.7043687094096],[-122.357782488981,47.7039015502644],[-122.358273324489,47.7036525130644],[-122.359020858698,47.7032732273027],[-122.359600897343,47.7029789183141],[-122.360357614355,47.7025949530263],[-122.360621337422,47.7024611354284],[-122.360742679275,47.7023995648583],[-122.360761045537,47.7023902461755],[-122.360864018203,47.7023379950938],[-122.362067147095,47.7017274862466],[-122.362428618033,47.701544056804],[-122.362523635529,47.7014958394964],[-122.362605601182,47.7014542456316],[-122.363270343418,47.701116911222],[-122.363392410285,47.7010549645688],[-122.363512483756,47.7009940314151],[-122.36471845988,47.7003820143098],[-122.364840473416,47.7003200919631],[-122.365265539799,47.7001043653929],[-122.365923895264,47.6997702351125],[-122.366045397189,47.6997086385768],[-122.366166846274,47.6996469319657],[-122.366187563409,47.6996364184672],[-122.366975766024,47.6992363914589],[-122.367133632808,47.6991562626896],[-122.367225277811,47.6991097474078],[-122.367260499694,47.6990918703953],[-122.367383360483,47.6990295092221],[-122.367504921322,47.6989678122313],[-122.368020524862,47.6987061159559],[-122.368084559255,47.6986736152534],[-122.368602526741,47.6984107140355],[-122.368723369133,47.6983493780302],[-122.369660848657,47.6978735310199],[-122.369822120725,47.6977916702329],[-122.369941155071,47.6977312496861],[-122.370064770939,47.6976685011132],[-122.370186469805,47.697606727343],[-122.370746140615,47.6973226364064],[-122.371286189115,47.6970485007527],[-122.371407997979,47.6969866683769],[-122.37152975138,47.6969248627043],[-122.372632551748,47.6963650418957],[-122.372673777246,47.696344114248],[-122.372948292836,47.6962059913449],[-122.37299673301,47.6961812624056],[-122.373381488332,47.6959848430127],[-122.373981478259,47.6956802491279],[-122.374103408042,47.6956183491737],[-122.374102962827,47.6959268123834],[-122.374102759545,47.6960674986767],[-122.374102720863,47.6960937796436],[-122.374100273183,47.697801776133],[-122.37410788051,47.6978847446098],[-122.374887971654,47.6978858627934],[-122.37544657563,47.6978871657432],[-122.376178254655,47.6978888689224],[-122.376671034206,47.6978900133174],[-122.37679228574,47.6978902948126],[-122.376785388147,47.6989850049298],[-122.378511665001,47.6989840657063],[-122.378505381161,47.6997220632726],[-122.380768963476,47.6997218989472],[-122.380791937862,47.6997218965108],[-122.383031964824,47.6997216921761],[-122.383028324031,47.7004463873561],[-122.383028247,47.7004618959943],[-122.383026957437,47.7007186191209],[-122.383149419008,47.700923012197],[-122.38334937399,47.7010338717047],[-122.383507253122,47.7011214029845],[-122.383653804301,47.7012026549654],[-122.38529067416,47.7011737310623],[-122.385290101807,47.7013256724873],[-122.385289672532,47.7014399404977],[-122.385289274022,47.7015460053801],[-122.385411105643,47.7015460477211],[-122.385512251265,47.7015460819429],[-122.385613388922,47.7015461170831],[-122.385714530601,47.7015461529783],[-122.385815666926,47.7015461879571],[-122.385916804582,47.7015462228281],[-122.386017946236,47.701546257555],[-122.386119082587,47.7015462931639],[-122.386220229543,47.7015463267394],[-122.386321365868,47.7015463612696],[-122.386422503579,47.7015463974904],[-122.38652364787,47.7015464308331],[-122.386624785528,47.701546465076],[-122.386725927263,47.7015465018724],[-122.386827063588,47.701546535954],[-122.386928206521,47.7015465680566],[-122.387029346924,47.701546604602],[-122.387130487247,47.70154663836],[-122.387231630234,47.7015466719918],[-122.387332766587,47.701546706524],[-122.387433908216,47.7015467390954],[-122.387555750498,47.7015467789992],[-122.387602521059,47.7015467907897],[-122.389322308202,47.7015468264616],[-122.389473124294,47.7015796080317],[-122.389688104376,47.7016263354456],[-122.389980190378,47.7015466629956],[-122.390047673044,47.7015466626124],[-122.391993673257,47.7016096588475],[-122.392049119904,47.7016075026446],[-122.393246673863,47.701603655606],[-122.393393673449,47.7016146558993],[-122.394056649244,47.7018731980447],[-122.396880680377,47.7029746481062],[-122.39859534185,47.703899821089],[-122.392175347145,47.7065648268191],[-122.389300353385,47.7090438289057],[-122.384414358623,47.7113648332805],[-122.383677234879,47.7143665681731],[-122.383656650516,47.7144079092502],[-122.380680668224,47.7181658798224],[-122.380681680377,47.7181888404606],[-122.380704169826,47.7197551134629],[-122.380742057017,47.7222305910638],[-122.380177634656,47.7242439041785],[-122.381217069271,47.7340045376751],[-122.375848886544,47.734135015459],[-122.37549725442,47.7341435532311],[-122.37504371971,47.7341545639929],[-122.37488452439,47.7341584285631],[-122.374655738117,47.7341639818232],[-122.374616738458,47.7341649280557],[-122.374587599876,47.7341648791949],[-122.374521786666,47.7341647681296],[-122.374468686906,47.7341653686655],[-122.374413368459,47.7341645858621],[-122.374318956763,47.7341644265663],[-122.374239877165,47.7341642930598],[-122.374202263726,47.7341642299491],[-122.372498045798,47.7341613404311],[-122.372158843338,47.7341607625204],[-122.37208412188,47.7341606352928],[-122.371668196275,47.7341599250631],[-122.370474305225,47.7341578777294],[-122.370335185508,47.7341576384407],[-122.368690582769,47.7341547954924],[-122.368450567562,47.7341543781902],[-122.367682406691,47.7341530409393],[-122.366693946227,47.734151312],[-122.366426828868,47.7341508436657],[-122.366288804065,47.7341506018183],[-122.364150443431,47.7341466341184],[-122.362156412094,47.7341428986081],[-122.362095196948,47.7341427835145],[-122.362033981803,47.734142668388],[-122.361977123451,47.734142561409],[-122.361954133921,47.7341425177707],[-122.361162028407,47.7341410248095],[-122.361133769933,47.7341409715185],[-122.361049555932,47.7341408121805],[-122.360929884797,47.7341405852011],[-122.360217592477,47.7341392347825],[-122.359168073536,47.7341372378432],[-122.358193852356,47.7341353752123],[-122.356170116511,47.7341314787872],[-122.355693247201,47.7341305551021],[-122.355571341066,47.7341303190471],[-122.355373583594,47.7341302917233],[-122.354928484962,47.734130230017],[-122.354258600075,47.7341301343429],[-122.353547595236,47.7341300286442],[-122.353038648384,47.7341299496117],[-122.351772301115,47.7341297343739],[-122.351671317695,47.7341297256879],[-122.35152385335,47.7341296995877],[-122.350505970089,47.7341295129587],[-122.349500107413,47.734129331984],[-122.349318514742,47.7341292987902],[-122.347965216763,47.7341290400453],[-122.34780152903,47.7341290068638],[-122.347800531882,47.7340467447679],[-122.347779547531,47.7323141800677],[-122.347764112977,47.7310397509063],[-122.347757536757,47.730496971325],[-122.347756907747,47.7304450588623],[-122.347747525428,47.7296701891365],[-122.347746782151,47.7296089195775],[-122.347746593757,47.7295934110554],[-122.347746408028,47.7295779024979],[-122.347745529671,47.7295056487316],[-122.347736180197,47.7287338587858],[-122.347735520649,47.7286790239006],[-122.347734855902,47.7286241935824],[-122.347730719533,47.7282827360834],[-122.347725506876,47.727852408093],[-122.347724513107,47.7277701621177],[-122.347723516407,47.7276878613049],[-122.347716429746,47.7271024587239],[-122.347714504753,47.7269435372028],[-122.347713507776,47.7268612714749],[-122.347715063782,47.7267932567068],[-122.347718978973,47.7266925791612],[-122.347724807281,47.7265919418813],[-122.347732553322,47.726491366396],[-122.347742212121,47.7263908653652],[-122.347745853219,47.7263592758871],[-122.347753784061,47.7262904522775],[-122.347763585136,47.7262175484018],[-122.347767268532,47.7261901523293],[-122.347807174764,47.7259131038224],[-122.348195298547,47.7232183774508],[-122.348314376604,47.7223915586156]]]},"properties":{"beat":"N1","first_precinct":"N","sector":"N"}},{"type":"Feature","geometry":{"type":"Polygon","coordinates":[[[-122.32449381732,47.7231269347624],[-122.324486284451,47.7200209969329],[-122.324486569331,47.7197106079686],[-122.324486766295,47.7194963606349],[-122.324477127689,47.719160723655],[-122.324517079672,47.7188661904926],[-122.324541287742,47.7186877184788],[-122.324544963815,47.718668804845],[-122.324649665031,47.7181301930438],[-122.324766873544,47.7176794867763],[-122.324833912917,47.7175006001586],[-122.324905934145,47.7173084178718],[-122.325050812377,47.7169392814659],[-122.325228279388,47.7166221823592],[-122.325465500988,47.7162203590599],[-122.325692004012,47.7158824492337],[-122.327353284452,47.7138019776574],[-122.327502809718,47.7136116934924],[-122.328395660268,47.7124755640088],[-122.328494326853,47.7123500097033],[-122.328526661516,47.712308681588],[-122.328644721746,47.7123017814925],[-122.328681564445,47.7122972626558],[-122.328962579009,47.7122632302526],[-122.329125128769,47.712264122232],[-122.330053333319,47.7122692247761],[-122.330935143391,47.7122740646748],[-122.331387707493,47.7122765465777],[-122.333168727152,47.7122862947907],[-122.333320729299,47.7122871252315],[-122.33378676503,47.712289671365],[-122.333926902249,47.7122904367437],[-122.334056429037,47.7122911455015],[-122.334176303404,47.7122914621051],[-122.334715715657,47.7122928936539],[-122.335571716922,47.7122951606365],[-122.335786604714,47.7122957286268],[-122.336000050152,47.7122962918327],[-122.336745726936,47.7122982587931],[-122.33817169553,47.7123020137759],[-122.339307310615,47.7123049904967],[-122.339399681942,47.7123052321843],[-122.339435026037,47.7123053248443],[-122.3394957231,47.712305482891],[-122.340730766211,47.712308686402],[-122.342124329029,47.7123122986389],[-122.344630876682,47.7123187556717],[-122.344813665136,47.7123192229703],[-122.344776766657,47.7100766944829],[-122.344753871684,47.7086852191661],[-122.344743323407,47.7080427380035],[-122.346083686342,47.7080326919813],[-122.3474239527,47.7080226269797],[-122.348739702992,47.7080126993831],[-122.348764248264,47.7080125143418],[-122.349945699753,47.708003622109],[-122.349994001447,47.7080032583979],[-122.350133043315,47.7080022091682],[-122.350144829193,47.7087000253684],[-122.350154149184,47.7092528871457],[-122.35017544149,47.710515891706],[-122.35020621465,47.7123333129748],[-122.350079711087,47.7123329115952],[-122.348985959577,47.7123294901183],[-122.348998148619,47.7131644234929],[-122.3490124477,47.7141437968417],[-122.349038689171,47.7159565314745],[-122.349425192755,47.7159576478247],[-122.349445614434,47.7172921121188],[-122.349452937659,47.7177705783056],[-122.349480093635,47.7195848226892],[-122.349504221743,47.7214030114687],[-122.349693621236,47.7214031909524],[-122.350213984239,47.7214036828484],[-122.3503029004,47.7214046518804],[-122.350337241828,47.7214050262639],[-122.350343709551,47.7218904145726],[-122.350345839655,47.7220487865085],[-122.350348802994,47.7222719982971],[-122.350349353056,47.7223137768696],[-122.350287461811,47.7223136277359],[-122.349961366964,47.7223129148387],[-122.349333746972,47.7223115401445],[-122.349301766919,47.7223114696123],[-122.348952565029,47.7223107029729],[-122.348530147405,47.7223097728276],[-122.348326220987,47.7223093237683],[-122.348314376604,47.7223915586156],[-122.348195298547,47.7232183774508],[-122.347807174764,47.7259131038224],[-122.347767268532,47.7261901523293],[-122.347763585136,47.7262175484018],[-122.347753784061,47.7262904522775],[-122.347745853219,47.7263592758871],[-122.347742212121,47.7263908653652],[-122.347732553322,47.726491366396],[-122.347724807281,47.7265919418813],[-122.347718978973,47.7266925791612],[-122.347715063782,47.7267932567068],[-122.347713507776,47.7268612714749],[-122.347714504753,47.7269435372028],[-122.347716429746,47.7271024587239],[-122.347723516407,47.7276878613049],[-122.347724513107,47.7277701621177],[-122.347725506876,47.727852408093],[-122.347730719533,47.7282827360834],[-122.347734855902,47.7286241935824],[-122.347735520649,47.7286790239006],[-122.347736180197,47.7287338587858],[-122.347745529671,47.7295056487316],[-122.347746408028,47.7295779024979],[-122.347746593757,47.7295934110554],[-122.347746782151,47.7296089195775],[-122.347747525428,47.7296701891365],[-122.347756907747,47.7304450588623],[-122.347757536757,47.730496971325],[-122.347764112977,47.7310397509063],[-122.347779547531,47.7323141800677],[-122.347800531882,47.7340467447679],[-122.34780152903,47.7341290068638],[-122.347635881108,47.7341289751825],[-122.347412218985,47.7341289289296],[-122.346501539159,47.7341287381078],[-122.346420395384,47.7341287206549],[-122.346298803715,47.7341286936221],[-122.345391671042,47.7341284954667],[-122.345279992661,47.7341284699703],[-122.345097103788,47.734128428347],[-122.345074114858,47.7341284469705],[-122.344914236358,47.7341285732644],[-122.344003970251,47.7341292899126],[-122.343423807459,47.7341297423521],[-122.343073359432,47.7341300149023],[-122.342391905286,47.7341305415421],[-122.341335136708,47.7341313533991],[-122.341032354632,47.7341315805067],[-122.340811428746,47.7341317478272],[-122.340742553974,47.7341318016755],[-122.340478802462,47.7341319990638],[-122.340194813004,47.7341322131221],[-122.339686686651,47.7341325935466],[-122.33863002719,47.734133375303],[-122.338245810528,47.734133707142],[-122.33814145789,47.7341337966036],[-122.338074769512,47.7341339225504],[-122.338037588842,47.7341338238147],[-122.337926878844,47.734133892594],[-122.336981269034,47.7341345786205],[-122.335924750946,47.7341353388509],[-122.335544818543,47.734135607851],[-122.335332382758,47.734135757095],[-122.334275943268,47.734136501019],[-122.334145764112,47.7341354999106],[-122.333747806778,47.7341324376694],[-122.333028459762,47.7341269000037],[-122.332921759358,47.7341260790727],[-122.331947304171,47.7341185698751],[-122.33157783419,47.734115721308],[-122.331461838622,47.734114825896],[-122.330228758351,47.7341053037632],[-122.329004108161,47.7340958367839],[-122.328879836528,47.7340948745486],[-122.328761280398,47.7340939640862],[-122.328200593665,47.7340896217269],[-122.326380821992,47.7340755111322],[-122.32617783575,47.7340739354362],[-122.32606185903,47.7340730342891],[-122.326005888042,47.7340726000014],[-122.325961583671,47.7340722559051],[-122.325913044352,47.7340718727519],[-122.325739552319,47.7340702530595],[-122.325698739276,47.7340698712752],[-122.325653843996,47.7340694745176],[-122.325626132442,47.7340692307532],[-122.325595633322,47.7340691988748],[-122.325545773934,47.7340685863454],[-122.325316920588,47.7340668644429],[-122.325247476183,47.7340663415423],[-122.325107928002,47.7340661552616],[-122.324927446128,47.7336788478201],[-122.324617069641,47.732676779398],[-122.324540779846,47.7321993390734],[-122.324497989561,47.7317988561507],[-122.324498854381,47.7313270577916],[-122.324498922441,47.7312898763679],[-122.324488422275,47.7299992364509],[-122.324480486961,47.7290237176789],[-122.324481958971,47.7273464080605],[-122.32448514075,47.7237217328163],[-122.324485643428,47.7236873362588],[-122.32449381732,47.7231269347624]]]},"properties":{"beat":"N2","first_precinct":"N","sector":"N"}},{"type":"Feature","geometry":{"type":"Polygon","coordinates":[[[-122.329125128769,47.712264122232],[-122.328962579009,47.7122632302526],[-122.328681564445,47.7122972626558],[-122.328644721746,47.7123017814925],[-122.328526661516,47.712308681588],[-122.328563937999,47.7122610355085],[-122.329094652879,47.7115875361697],[-122.329334238691,47.7112696141243],[-122.329605222816,47.7109160536725],[-122.329823354001,47.7105159939779],[-122.329971139727,47.7101652964779],[-122.330037264174,47.7097704351753],[-122.330106198525,47.7094652445276],[-122.330140121324,47.7090241092576],[-122.330145548918,47.7086389337246],[-122.330022076761,47.7063271475016],[-122.330018986588,47.7062453960707],[-122.329992708378,47.7059643800069],[-122.329917254344,47.7051574685729],[-122.329908564424,47.7050645312083],[-122.329888721505,47.7048523286135],[-122.329877059101,47.7044475699097],[-122.32984689852,47.7034007789675],[-122.329896077293,47.7025338684646],[-122.329937359041,47.7019472235191],[-122.329946838471,47.7018309979337],[-122.329954402292,47.7017147075372],[-122.329956224694,47.7016771737104],[-122.329960238085,47.7015925591146],[-122.329962277966,47.701529040961],[-122.32996378887,47.7014819916111],[-122.329964432037,47.701440810078],[-122.329965607151,47.7013655949283],[-122.329965525407,47.7012717807692],[-122.329965506284,47.701249193756],[-122.329963490562,47.7011327979335],[-122.329959556494,47.7010164245994],[-122.329953707197,47.7009000890057],[-122.329945943073,47.7007838046413],[-122.329944096397,47.7007616158585],[-122.329936267137,47.7006675831612],[-122.329924675999,47.7005514453005],[-122.329911169933,47.7004354000511],[-122.329899949397,47.7003496054735],[-122.329897127091,47.7003255601216],[-122.329866744839,47.7000667263453],[-122.329645438928,47.6982239090751],[-122.329638642588,47.6981233739517],[-122.32959357007,47.6977393506033],[-122.329491005409,47.6967714893358],[-122.329369289576,47.6959209619721],[-122.329331060686,47.6955125998642],[-122.329288786514,47.6949035378208],[-122.329277334056,47.6932168029758],[-122.329277995381,47.6931888228935],[-122.329299634037,47.6922728566354],[-122.329303009255,47.6920798624545],[-122.329308982226,47.6917382743783],[-122.329301828053,47.6913609068136],[-122.329299954532,47.6912957955385],[-122.329300091222,47.6912557973255],[-122.329300346721,47.6911805474478],[-122.329256495483,47.6908452601915],[-122.329248011068,47.6907803904232],[-122.329202365858,47.6906010065781],[-122.329141105973,47.6903661493415],[-122.329182800567,47.6903826981615],[-122.329257403434,47.6904116046828],[-122.329368738526,47.6904427799559],[-122.329401532218,47.6904448647511],[-122.329591197719,47.690477526783],[-122.329704347467,47.6904970775051],[-122.329832012201,47.6905028453871],[-122.330201168724,47.6905158993776],[-122.330724824923,47.6905220734004],[-122.330872607229,47.690523815439],[-122.332142808151,47.6904974779589],[-122.333183798609,47.6904758820762],[-122.33374758907,47.6904802176714],[-122.335038630256,47.6904901424853],[-122.336327314436,47.6905000342887],[-122.336440482039,47.690500902297],[-122.337788613115,47.6905112322581],[-122.337953096555,47.6905124918524],[-122.338067631514,47.6905133680809],[-122.339134291278,47.6905215274134],[-122.339263886805,47.6905225183056],[-122.339980193166,47.6905279913173],[-122.340222199486,47.6905298393166],[-122.340480120579,47.6905318082876],[-122.34129572848,47.6905380297388],[-122.341828108005,47.6905420896915],[-122.342373193237,47.6905462416025],[-122.343016563128,47.690551140067],[-122.34344915108,47.6905544317668],[-122.344521921482,47.6905625865744],[-122.346744794049,47.6905693799657],[-122.347207126568,47.6905707879422],[-122.34723009613,47.6905708570518],[-122.349911933464,47.6905789827703],[-122.349918564616,47.6911375617927],[-122.349920534154,47.691303483808],[-122.349929133514,47.6920279767452],[-122.349933575365,47.6924022333461],[-122.349935053457,47.6925267159958],[-122.349937746796,47.6927534860339],[-122.349946334651,47.6934772944779],[-122.349954934124,47.6942014014157],[-122.349963533761,47.6949258708716],[-122.349972134892,47.6956503375867],[-122.349975159486,47.6959049649803],[-122.349976438061,47.6960126113836],[-122.349978588441,47.6961938432047],[-122.34998530548,47.6967597419711],[-122.349986707983,47.6968779301396],[-122.349997940754,47.6978238185292],[-122.350003990728,47.6983451765951],[-122.350008449184,47.6987292754964],[-122.350012817085,47.6991057523099],[-122.350018955815,47.6996347495444],[-122.350025082867,47.7001625666351],[-122.350029466415,47.7005402100095],[-122.350030357077,47.7006169464928],[-122.350034671112,47.7009887379291],[-122.350039972263,47.7014456776985],[-122.350041955273,47.7021700235587],[-122.350049822848,47.7028943918517],[-122.35005769576,47.7036187528533],[-122.350065566753,47.7043431318488],[-122.350073435117,47.7050675045582],[-122.35009366193,47.705911749397],[-122.350107879761,47.7065051679052],[-122.350114063117,47.7068838856476],[-122.350127682434,47.7076852062468],[-122.350133043315,47.7080022091682],[-122.349994001447,47.7080032583979],[-122.349945699753,47.708003622109],[-122.348764248264,47.7080125143418],[-122.348739702992,47.7080126993831],[-122.3474239527,47.7080226269797],[-122.346083686342,47.7080326919813],[-122.344743323407,47.7080427380035],[-122.344753871684,47.7086852191661],[-122.344776766657,47.7100766944829],[-122.344813665136,47.7123192229703],[-122.344630876682,47.7123187556717],[-122.342124329029,47.7123122986389],[-122.340730766211,47.712308686402],[-122.3394957231,47.712305482891],[-122.339435026037,47.7123053248443],[-122.339399681942,47.7123052321843],[-122.339307310615,47.7123049904967],[-122.33817169553,47.7123020137759],[-122.336745726936,47.7122982587931],[-122.336000050152,47.7122962918327],[-122.335786604714,47.7122957286268],[-122.335571716922,47.7122951606365],[-122.334715715657,47.7122928936539],[-122.334176303404,47.7122914621051],[-122.334056429037,47.7122911455015],[-122.333926902249,47.7122904367437],[-122.33378676503,47.712289671365],[-122.333320729299,47.7122871252315],[-122.333168727152,47.7122862947907],[-122.331387707493,47.7122765465777],[-122.330935143391,47.7122740646748],[-122.330053333319,47.7122692247761],[-122.329125128769,47.712264122232]]]},"properties":{"beat":"N3","first_precinct":"N","sector":"N"}},{"type":"Feature","geometry":{"type":"Polygon","coordinates":[[[-122.33374758907,47.6904802176714],[-122.333183798609,47.6904758820762],[-122.332142808151,47.6904974779589],[-122.330872607229,47.690523815439],[-122.330724824923,47.6905220734004],[-122.330201168724,47.6905158993776],[-122.329832012201,47.6905028453871],[-122.329704347467,47.6904970775051],[-122.329591197719,47.690477526783],[-122.329401532218,47.6904448647511],[-122.329368738526,47.6904427799559],[-122.329257403434,47.6904116046828],[-122.329182800567,47.6903826981615],[-122.329141105973,47.6903661493415],[-122.329082199502,47.690129530349],[-122.329073069589,47.6900928572514],[-122.32897816337,47.6898417466764],[-122.3288798529,47.6895994410554],[-122.328778750203,47.6894145136915],[-122.328759340681,47.6893790118096],[-122.328619239396,47.6891125872142],[-122.328466418744,47.6888802471264],[-122.328323704706,47.6886816929505],[-122.328283351395,47.6886290035244],[-122.328162377814,47.6884710482835],[-122.327982703117,47.6882575611058],[-122.327826919662,47.688080762871],[-122.327624865179,47.6878829851774],[-122.327469970432,47.6877370087659],[-122.327207513157,47.6875030206938],[-122.326766669224,47.6871588655058],[-122.326308576125,47.6868012382018],[-122.326274370585,47.6867816935374],[-122.323998912336,47.6849930295047],[-122.322916788844,47.6841473564557],[-122.322748056541,47.6840006642026],[-122.32254444138,47.6838176158367],[-122.322370784186,47.6836533776802],[-122.322144536137,47.6834065717385],[-122.32192861794,47.6831645773435],[-122.321890629344,47.6831162098687],[-122.321752172612,47.6829399249821],[-122.321604672049,47.6827321747937],[-122.321550661086,47.6826478641307],[-122.321485176298,47.682545642862],[-122.321371030735,47.6823490409574],[-122.321259674013,47.6821418240977],[-122.321234855021,47.6820956396078],[-122.321200503208,47.6820302876024],[-122.321186562193,47.6820037667217],[-122.321142368637,47.6819011026294],[-122.321125998779,47.681863494362],[-122.32111970522,47.6818477974999],[-122.321029737645,47.6816296300626],[-122.320959773973,47.6814122467351],[-122.320938112688,47.6813381404624],[-122.320901513405,47.6812128168932],[-122.320888702738,47.6811689503701],[-122.32085132369,47.6809850143339],[-122.320843509809,47.6809551046862],[-122.320840213175,47.6809327341133],[-122.320818752059,47.6807350737243],[-122.320760823575,47.6802015161146],[-122.320734570221,47.6795856136362],[-122.320731012603,47.6795018107736],[-122.320724669655,47.6793523894386],[-122.320698947894,47.6787464664953],[-122.320686089084,47.6784435229836],[-122.320677302915,47.6782384220152],[-122.320646195366,47.6775122312406],[-122.32064048478,47.6772488929894],[-122.320639707634,47.6769355074828],[-122.320650567379,47.6765275180245],[-122.320651821216,47.6765063097043],[-122.320676635582,47.6761518227836],[-122.320701484971,47.6758946760571],[-122.320704959169,47.6758573637387],[-122.320859240535,47.6749197081145],[-122.320876476925,47.6748149842466],[-122.320913811189,47.6746564661618],[-122.320976852054,47.6743889268174],[-122.320983649836,47.6743618742427],[-122.320991355822,47.6743336520187],[-122.321597157722,47.6722356415876],[-122.3217729842,47.6722521390192],[-122.321805543721,47.6722538087921],[-122.321930186645,47.6722610970652],[-122.321976543866,47.6722638081605],[-122.322157006411,47.6722453703863],[-122.322292672131,47.6722407087101],[-122.322370567892,47.6722412972903],[-122.322718980724,47.6722439315522],[-122.322820449572,47.6722446974239],[-122.322939453204,47.6722439402999],[-122.323446788312,47.6722475870727],[-122.324460075257,47.6722547471133],[-122.324546817367,47.6722553740487],[-122.325224535057,47.6722602703022],[-122.3254933287,47.6722622114749],[-122.326757307976,47.6722711032507],[-122.328212231984,47.6722813214419],[-122.330902565362,47.6723003247036],[-122.331802680911,47.6723066760778],[-122.332432387438,47.6723111147301],[-122.333558059797,47.6723190026716],[-122.333553192443,47.6729226018084],[-122.33355093011,47.6731473766279],[-122.333680260501,47.6730392842362],[-122.333928922,47.6728317616662],[-122.334521779314,47.6723369797105],[-122.335079939922,47.6718695672268],[-122.335094355158,47.6718574951969],[-122.335117256965,47.6718383159495],[-122.335344003728,47.6716484297351],[-122.335392790843,47.6716084277937],[-122.335414339989,47.6715908415298],[-122.335481444644,47.671538081798],[-122.335552666498,47.6714843708257],[-122.335625516847,47.671431664783],[-122.335699964413,47.671379987469],[-122.335775977841,47.6713293599852],[-122.335853523165,47.6712798052665],[-122.335932567647,47.6712313426333],[-122.336013078654,47.6711839950032],[-122.336095020734,47.6711377799333],[-122.336178358591,47.6710927203763],[-122.336274744293,47.6710403241485],[-122.33658550425,47.6709070250366],[-122.337004614558,47.6707272462231],[-122.33696760813,47.6706145776003],[-122.336926676036,47.6704899564239],[-122.336831738334,47.6701771566127],[-122.336379246704,47.668686235615],[-122.337996463785,47.6686870602975],[-122.338472091925,47.6686872342917],[-122.338693466354,47.6686867785223],[-122.338882369058,47.668686388945],[-122.339051379698,47.6687805165794],[-122.339534937259,47.6687827628864],[-122.34002571164,47.6687850412325],[-122.340024244928,47.6688861027883],[-122.340005826107,47.6690159942873],[-122.339999461146,47.669060875344],[-122.339973238691,47.6692689991884],[-122.339963791199,47.6693443205589],[-122.340005427728,47.6694137683639],[-122.340037207585,47.6694586414924],[-122.340066977402,47.6694881579045],[-122.340093648354,47.6695262291861],[-122.340118901464,47.6695593110989],[-122.340151800168,47.6695984388965],[-122.34017830358,47.669627741199],[-122.340210714124,47.6696608237757],[-122.340250404123,47.6696979338525],[-122.340284537409,47.6697275913035],[-122.340318266503,47.6697550203652],[-122.340342575299,47.6697733935397],[-122.340432294081,47.6698457045866],[-122.340513492932,47.6699067509468],[-122.340581744158,47.669953850115],[-122.340666467583,47.6699922614802],[-122.340724131245,47.6700181124777],[-122.340771234615,47.6700392300113],[-122.34094501275,47.670096747971],[-122.34097476729,47.6701031633241],[-122.34111621966,47.6701336590948],[-122.341158590165,47.6701416562573],[-122.341374237671,47.6701805516516],[-122.341744021168,47.6702462481484],[-122.341796860647,47.6702578839093],[-122.341840788997,47.6702675568536],[-122.342101596062,47.6703233997338],[-122.342227418695,47.6703682429872],[-122.342265118271,47.6703812242676],[-122.34228758059,47.6703883062239],[-122.342310015844,47.6703954650011],[-122.342347110398,47.6704077903582],[-122.34238409267,47.6704206056781],[-122.34240585223,47.6704283905188],[-122.342430098399,47.6704372768212],[-122.342454440905,47.6704463156754],[-122.342483396848,47.6704574137846],[-122.342521380279,47.670472597961],[-122.342558972893,47.6704882200141],[-122.342595394178,47.6705040491902],[-122.342627966169,47.6705186321183],[-122.342651005082,47.6705291005877],[-122.342678039391,47.6705418550985],[-122.342713929534,47.6705593420563],[-122.342749285023,47.6705771752396],[-122.342784395364,47.6705953715039],[-122.342816713791,47.6706128220925],[-122.34284013941,47.6706258717749],[-122.342865437467,47.6706402910343],[-122.342894477182,47.6706573847215],[-122.342923233552,47.6706747646334],[-122.342949423462,47.6706911826814],[-122.342975391448,47.6707078465588],[-122.343007170921,47.6707286552788],[-122.343038172417,47.6707497783679],[-122.343061359611,47.6707659411126],[-122.343082098559,47.6707809020359],[-122.343104234561,47.6707974187554],[-122.343127997635,47.6708155233065],[-122.343157201987,47.6708385071829],[-122.343184896226,47.6708609937918],[-122.343209603313,47.6708812871571],[-122.343226650661,47.67089593624],[-122.343244823838,47.670912203188],[-122.343266180906,47.6709316116476],[-122.343285823635,47.670949682618],[-122.343303513315,47.6709664057699],[-122.343322307998,47.6709848091351],[-122.34334233049,47.6710049477606],[-122.343360411441,47.671023676343],[-122.343376529234,47.6710409843743],[-122.343395283329,47.6710616102992],[-122.343412367921,47.6710807919895],[-122.34342904568,47.6711001356022],[-122.343446517853,47.6711212418105],[-122.343460696365,47.6711392331512],[-122.343472347709,47.6711540409905],[-122.34348672501,47.6711722267074],[-122.343499562005,47.6711894729589],[-122.343513626384,47.6712089438635],[-122.343529982617,47.671232528881],[-122.343543728637,47.6712528685263],[-122.343557296529,47.6712733571676],[-122.343574400516,47.6713008104791],[-122.343586630514,47.6713215039722],[-122.343598638213,47.6713423389508],[-122.34361345442,47.6713687502529],[-122.343625305847,47.6713913568308],[-122.343637555479,47.6714160245294],[-122.34364950737,47.6714408500072],[-122.343659860915,47.6714630599214],[-122.343667304525,47.6714800987804],[-122.343674762577,47.6714980010718],[-122.34368322705,47.6715193238258],[-122.343695721682,47.6715963265999],[-122.343700294268,47.6716201199988],[-122.343707401964,47.671639714599],[-122.343715153825,47.6716620426656],[-122.343724048747,47.6716893304125],[-122.343731211439,47.6717130624819],[-122.343739449627,47.6717423623633],[-122.343746022489,47.6717680714953],[-122.343752196883,47.671793818296],[-122.34375723579,47.6718177989261],[-122.343762277617,47.6718455461786],[-122.343766482078,47.6718714738296],[-122.343770681692,47.6718975094977],[-122.343774089975,47.6719196432597],[-122.343777638006,47.6719418651297],[-122.343782457148,47.6719696027394],[-122.343786979326,47.6719936298023],[-122.343791368648,47.6720157892399],[-122.34379539306,47.6720361165147],[-122.343800639212,47.6720600773029],[-122.343805696614,47.6720821721063],[-122.343810711798,47.6721024016811],[-122.343814805906,47.6721189397794],[-122.343819513667,47.6721372986456],[-122.343826398502,47.6721629694522],[-122.343834597969,47.6721922617447],[-122.343843160811,47.6722214997402],[-122.343852081622,47.6722506808115],[-122.343861499765,47.6722800172175],[-122.343872262111,47.6723125258119],[-122.343878583034,47.6723306617742],[-122.343885064354,47.6723487713201],[-122.343893264742,47.6723704403132],[-122.343900070802,47.6723884951743],[-122.343908455169,47.6724101239435],[-122.343919679542,47.6724389137228],[-122.343931474391,47.6724676257673],[-122.343943771632,47.6724962546824],[-122.343954845588,47.6725212429079],[-122.343964554528,47.6725426175125],[-122.343976142136,47.6725674972693],[-122.343986298494,47.6725887759786],[-122.343994612091,47.672605768198],[-122.344002106278,47.6726205969285],[-122.344014909251,47.6726452689489],[-122.344025852939,47.6726663689878],[-122.344036999999,47.672687408754],[-122.344048744926,47.6727092673314],[-122.344057917776,47.6727258514249],[-122.344067702302,47.6727432712393],[-122.344079531173,47.6727641220385],[-122.344091628972,47.6727849224907],[-122.344104199466,47.672805992853],[-122.344116876926,47.672826343908],[-122.344128585385,47.6728452504458],[-122.344138285635,47.672860685936],[-122.344151370305,47.6728812070108],[-122.344167911481,47.6729067731304],[-122.3441826439,47.6729288565608],[-122.344198643564,47.6729525631699],[-122.344214994863,47.6729761778514],[-122.344231672578,47.6729997036384],[-122.344246543018,47.6730197979951],[-122.344263743218,47.67304315222],[-122.344278688053,47.6730631016487],[-122.344291235579,47.6730796661568],[-122.344309101387,47.6731027776492],[-122.344329874277,47.6731290774787],[-122.344343771561,47.6731463914455],[-122.344356303648,47.6731617821624],[-122.344372462579,47.6731812953594],[-122.344394336574,47.6732072126333],[-122.344410930223,47.6732265590293],[-122.344424921512,47.6732426149867],[-122.344443557629,47.6732635391891],[-122.344456358848,47.6732776938619],[-122.344469378067,47.6732919706872],[-122.34448702626,47.6733113948451],[-122.344559363644,47.6733873842411],[-122.34459566967,47.6734237551064],[-122.344663194736,47.6734888321507],[-122.344703912879,47.6735264596804],[-122.344782770231,47.6735962028248],[-122.344867917378,47.6736674619708],[-122.344918486461,47.673708097463],[-122.344949150838,47.6737320583042],[-122.344975397616,47.6737521419645],[-122.345036181973,47.6737973243276],[-122.345125393814,47.6738609906324],[-122.345188267785,47.673903821499],[-122.345287652149,47.67396845021],[-122.345335373249,47.6739982047681],[-122.345484191839,47.6740876334596],[-122.345563981479,47.6741381741543],[-122.345590992791,47.6741559076472],[-122.345625057063,47.6741785007586],[-122.345670346284,47.6742097619216],[-122.345717876477,47.6742434681426],[-122.345764800045,47.6742777014721],[-122.345829833939,47.6743268860497],[-122.345890249596,47.6743749570162],[-122.345954139532,47.6744282130506],[-122.346003880365,47.6744715471094],[-122.346044917374,47.6745089036635],[-122.346078171374,47.6745399781222],[-122.346127144882,47.6745871447573],[-122.346172659142,47.674632931427],[-122.34620338615,47.6746651360302],[-122.346238219808,47.6747022870185],[-122.346280163672,47.6747492320778],[-122.346310494832,47.6747850835281],[-122.346332476233,47.6748110646952],[-122.346380872802,47.6748713380972],[-122.346416193053,47.6749176441912],[-122.346443563029,47.6749558154448],[-122.34647813172,47.6750040278786],[-122.34650659231,47.6750464865641],[-122.346532967531,47.6750877719626],[-122.346558830657,47.6751297667519],[-122.346582793398,47.6751705372204],[-122.346618211661,47.6752346964972],[-122.346637147367,47.675270885447],[-122.346661555468,47.6753202673409],[-122.346683592705,47.6753673174494],[-122.346707948939,47.6754225537801],[-122.346726326595,47.6754674763383],[-122.34674639479,47.6755205475873],[-122.346762414396,47.6755659107861],[-122.346778414258,47.6756140711302],[-122.346794475616,47.675667818128],[-122.34680825514,47.6757190900246],[-122.34681386032,47.6757434723391],[-122.346821864033,47.6757842145694],[-122.346824345507,47.6757997178552],[-122.346827100616,47.6758169330605],[-122.346830185807,47.6758387588759],[-122.346835375683,47.6758873902743],[-122.346838394465,47.675936115286],[-122.346835042616,47.6759848520593],[-122.347423558907,47.6757217593337],[-122.347429558621,47.6758297595624],[-122.347465559395,47.6759357588788],[-122.347488559218,47.6759747589412],[-122.347501559392,47.6759997590348],[-122.347586560345,47.6760457589559],[-122.347665026048,47.6760592843191],[-122.347820464651,47.6760578227172],[-122.348305018501,47.6760602533602],[-122.349691567249,47.676064114352],[-122.349900207241,47.6760646937268],[-122.349956559237,47.6760649241716],[-122.351086804735,47.6760695492867],[-122.351369970287,47.6760707065592],[-122.35148364894,47.6760711979608],[-122.352384730761,47.6760750870526],[-122.352474866666,47.6760643394621],[-122.35265297368,47.6760436582942],[-122.353358746462,47.6760453455182],[-122.353406345141,47.6760454598401],[-122.35418495859,47.6760473143853],[-122.354231408295,47.6760404834108],[-122.354353218355,47.6760225698125],[-122.354353133093,47.6760437315984],[-122.354361071176,47.6773493451396],[-122.354368791085,47.6773813177029],[-122.354381122244,47.677416283783],[-122.354390659435,47.6774369365699],[-122.354402854659,47.6774633437657],[-122.354431146462,47.6775026793761],[-122.354456773811,47.6775283035991],[-122.354480141558,47.6775539570853],[-122.354520677694,47.6775861949984],[-122.354582914706,47.6776251358259],[-122.354607138713,47.6776361708723],[-122.354677579212,47.6776682613305],[-122.354742843446,47.6776972578347],[-122.354951764689,47.6777690770802],[-122.354982276953,47.6777835518441],[-122.355044255236,47.6778129546083],[-122.35508973855,47.6778426235337],[-122.355170700951,47.6778954351393],[-122.355182138875,47.6779088835807],[-122.355236036366,47.6779734637169],[-122.355279653487,47.6780523824145],[-122.355319256231,47.6781390895779],[-122.355317506364,47.6785488021166],[-122.355316715116,47.6787342755956],[-122.355319660308,47.6791586610351],[-122.355322465761,47.6795628556657],[-122.355322768615,47.6796064881509],[-122.35532180544,47.6796597444933],[-122.35530998359,47.6803134256986],[-122.355309088777,47.6805232907984],[-122.355308163522,47.6807404854333],[-122.355307315969,47.6809389113447],[-122.355306825679,47.6810537505305],[-122.355303623339,47.6818051600368],[-122.355303051538,47.6819390936485],[-122.355300428213,47.6825537716313],[-122.355300362934,47.682569280895],[-122.355297293072,47.6832886975187],[-122.355297594116,47.6837616638926],[-122.355297758456,47.6840182441969],[-122.3552982238,47.6847477890533],[-122.355298458211,47.6851169187142],[-122.355298694382,47.6854855625559],[-122.355299048361,47.6860422936316],[-122.355299159805,47.6862151091633],[-122.355299504657,47.6866398125762],[-122.355299626137,47.6869419119225],[-122.355300081596,47.6876657505862],[-122.355300542396,47.6883895891552],[-122.355300614841,47.6885026287621],[-122.355301007177,47.6891134267479],[-122.355301335636,47.6896317168143],[-122.355301466697,47.6898372661864],[-122.355301622261,47.6900820841305],[-122.355301948875,47.6905951258707],[-122.353931518408,47.6905910454351],[-122.352601728101,47.6905870733592],[-122.352067535019,47.6905854718463],[-122.351344099291,47.6905832985787],[-122.350403230663,47.690580465524],[-122.349911933464,47.6905789827703],[-122.34723009613,47.6905708570518],[-122.347207126568,47.6905707879422],[-122.346744794049,47.6905693799657],[-122.344521921482,47.6905625865744],[-122.34344915108,47.6905544317668],[-122.343016563128,47.690551140067],[-122.342373193237,47.6905462416025],[-122.341828108005,47.6905420896915],[-122.34129572848,47.6905380297388],[-122.340480120579,47.6905318082876],[-122.340222199486,47.6905298393166],[-122.339980193166,47.6905279913173],[-122.339263886805,47.6905225183056],[-122.339134291278,47.6905215274134],[-122.338067631514,47.6905133680809],[-122.337953096555,47.6905124918524],[-122.337788613115,47.6905112322581],[-122.336440482039,47.690500902297],[-122.336327314436,47.6905000342887],[-122.335038630256,47.6904901424853],[-122.33374758907,47.6904802176714]]]},"properties":{"beat":"J3","first_precinct":"N","sector":"J"}},{"type":"Feature","geometry":{"type":"Polygon","coordinates":[[[-122.328196127114,47.6051010372015],[-122.327582462684,47.6043688208739],[-122.327711446075,47.6043149451136],[-122.327743096585,47.6043017639725],[-122.327857381953,47.6042538376823],[-122.327903975737,47.6042346460423],[-122.328013911548,47.6041883069592],[-122.328078592357,47.6041612291728],[-122.328015611979,47.6040924575985],[-122.327423612479,47.603445806334],[-122.328030857304,47.6031954590211],[-122.328534889838,47.6029846324962],[-122.329645382852,47.6025199376947],[-122.329663019827,47.602539214614],[-122.330297458971,47.6032326541046],[-122.330439920363,47.6031732280805],[-122.331329522492,47.6028021323957],[-122.331408539563,47.6027691711897],[-122.331488300117,47.6027358879732],[-122.331941586875,47.6025467372687],[-122.332064683977,47.602495369227],[-122.33251943989,47.6023056012702],[-122.332546239151,47.6022943853577],[-122.333366915946,47.6019509206505],[-122.333876975243,47.6017265710946],[-122.333898831864,47.601721880133],[-122.333934896585,47.6017219397134],[-122.334178594408,47.6017223388142],[-122.334523906059,47.601722811714],[-122.334879709966,47.6017232980202],[-122.334941858771,47.601723201032],[-122.33552026159,47.6017223006998],[-122.335549406766,47.6017222550186],[-122.33603405705,47.6017245637004],[-122.336110851136,47.6017250489941],[-122.336193805533,47.601725325115],[-122.336227379566,47.6017247133763],[-122.336261616048,47.6017247945713],[-122.336327334673,47.6017233092503],[-122.336400302898,47.6017216588426],[-122.336463251369,47.6017202352303],[-122.336536809769,47.6017185715398],[-122.336582137923,47.6017175462027],[-122.337456229675,47.6018238069627],[-122.337757231096,47.6019618060655],[-122.337999910088,47.6021100180549],[-122.338055231353,47.6021438052881],[-122.340117231317,47.6021278027181],[-122.340953990955,47.6021635834913],[-122.344736116408,47.6023208976336],[-122.345441295158,47.6031747174212],[-122.34291823998,47.6041327971787],[-122.342039241156,47.6043847982449],[-122.341849406192,47.6044235858756],[-122.341344242266,47.6045267999946],[-122.341394242668,47.6046137997454],[-122.341443242664,47.6047017996089],[-122.341735245077,47.6052217985527],[-122.340035246126,47.6053218009078],[-122.339835245254,47.6051218014372],[-122.340935243893,47.6050217996242],[-122.340585242601,47.6046718007934],[-122.340268243344,47.6046218010738],[-122.339375242913,47.6046218026049],[-122.339335243205,47.6046218031059],[-122.339297242156,47.6045458024236],[-122.339248242238,47.604497802817],[-122.339213242308,47.6044828026836],[-122.339090957141,47.6044876840265],[-122.339228400185,47.6046269758729],[-122.339772566611,47.6051784539157],[-122.339719579736,47.6052022088641],[-122.339673367341,47.6052229260763],[-122.339570498969,47.6052690435288],[-122.339500980469,47.6052993774661],[-122.339456402243,47.6053189754311],[-122.339409700545,47.6053382821257],[-122.339335381548,47.6053699614477],[-122.339238342998,47.6054108439647],[-122.3389948865,47.6055134125662],[-122.338715475558,47.6056311271807],[-122.33865392696,47.6056570568044],[-122.33813289427,47.6058749920108],[-122.338071993366,47.6059005232149],[-122.337709449269,47.6060525123096],[-122.33754426984,47.6061217584511],[-122.336434188117,47.6065857907085],[-122.336251667433,47.6066621388262],[-122.335415382613,47.6070119496667],[-122.335323718644,47.6070502910832],[-122.33529383542,47.6070627996898],[-122.335227884851,47.6070904048182],[-122.334550227678,47.6073740468378],[-122.334213453964,47.607515004355],[-122.333834060972,47.607673807974],[-122.333535427353,47.6077988060861],[-122.333103869991,47.6079794582602],[-122.331995363307,47.6084435648319],[-122.331419957002,47.6086843888163],[-122.331213358872,47.6087714280282],[-122.33116690761,47.6087908647008],[-122.331050689517,47.6088409355362],[-122.331007432781,47.6088594700685],[-122.330839122368,47.6089317008602],[-122.330754357165,47.6087496725449],[-122.330736215412,47.6086913531492],[-122.330659638216,47.6084780069382],[-122.330614092916,47.608394022497],[-122.330595741931,47.6083601832523],[-122.330566658372,47.60830655623],[-122.330441331722,47.6081067823133],[-122.330216735584,47.6078002759369],[-122.329851758636,47.6073670788315],[-122.329727777965,47.6072128264026],[-122.329307238383,47.6066770690933],[-122.329266800451,47.6066255521974],[-122.329388487215,47.6065750909727],[-122.329278982625,47.6064393487836],[-122.328314848044,47.6052444129749],[-122.328196127114,47.6051010372015]]]},"properties":{"beat":"K1","first_precinct":"W","sector":"K"}},{"type":"Feature","geometry":{"type":"Polygon","coordinates":[[[-122.292257668646,47.7285116447156],[-122.292250178247,47.7282882731599],[-122.292453517917,47.7282889994116],[-122.293051850459,47.7282911330576],[-122.293099027552,47.7282906560589],[-122.293146137577,47.7282888844828],[-122.293193100711,47.7282858247486],[-122.293239841002,47.7282814787284],[-122.293286283936,47.7282758518741],[-122.293332345993,47.7282689614481],[-122.293384213793,47.7282595740685],[-122.293626703521,47.7282107025264],[-122.294348277246,47.7280651948301],[-122.294388456913,47.7280570920101],[-122.294670996738,47.7280001773206],[-122.294732978852,47.7279889981684],[-122.294790414322,47.7279804716778],[-122.294836400707,47.7279746980056],[-122.294888616639,47.7279694553056],[-122.294941084761,47.7279654984693],[-122.294993729154,47.7279628302686],[-122.296383997142,47.7279095307529],[-122.296425863496,47.7279079258397],[-122.29640483179,47.7265106974317],[-122.29638192389,47.7247042057773],[-122.296373438766,47.7240500828087],[-122.29637022169,47.7238021118557],[-122.296358518169,47.7229000511948],[-122.296348013494,47.7220552379796],[-122.296336042928,47.7210924300616],[-122.296334924147,47.7210105659049],[-122.296315002415,47.7193675189924],[-122.296313995506,47.7192848914356],[-122.296317252715,47.7192026733608],[-122.296317799167,47.7191750370614],[-122.29633696477,47.7178830514855],[-122.296301149652,47.7177671374803],[-122.29626177966,47.7176951891476],[-122.296201358433,47.7176417996671],[-122.29626102879,47.7175409225744],[-122.296312494477,47.7174538317731],[-122.296339933497,47.7174073979086],[-122.296653485048,47.7168774255275],[-122.297200671412,47.7159523071911],[-122.297270213971,47.7158347313017],[-122.297352641286,47.7156953663286],[-122.297400774525,47.7156139861258],[-122.297448902587,47.7155326167621],[-122.297920933407,47.7147345209542],[-122.297936715235,47.7147078404078],[-122.297951102471,47.7146835131258],[-122.298184525988,47.714288834592],[-122.298229726513,47.7142124070741],[-122.298274916573,47.7141359913654],[-122.298345769822,47.7140161911954],[-122.298741366211,47.7133472896063],[-122.298827597325,47.7132014811233],[-122.298952688106,47.7129899621715],[-122.299076848011,47.7127800203327],[-122.299463592656,47.7121260470121],[-122.299511974189,47.7120442524086],[-122.299520476598,47.7120298439744],[-122.300285630041,47.7107360047128],[-122.300438720789,47.7104771179147],[-122.300472461142,47.7104199335316],[-122.300484894936,47.7104068912908],[-122.30169994444,47.709607379674],[-122.301757588803,47.7095666923843],[-122.301813833982,47.7095251234892],[-122.301868648558,47.7094826931866],[-122.301922001089,47.7094394207752],[-122.301973869767,47.7093953362248],[-122.302007978586,47.7093651696195],[-122.302032659091,47.7093442032056],[-122.302058135765,47.7093246676845],[-122.302085024761,47.709306010861],[-122.302113251431,47.7092882795754],[-122.302142748944,47.70927151427],[-122.302173443961,47.7092557608687],[-122.302205260248,47.709241057236],[-122.30223812411,47.7092274367063],[-122.302271947297,47.7092149363997],[-122.30230664538,47.7092035870898],[-122.302342140387,47.7091934122705],[-122.30237833992,47.7091844437182],[-122.302415155197,47.7091766996684],[-122.302452497487,47.7091702001559],[-122.302490268553,47.7091649590401],[-122.302528380921,47.709160993641],[-122.302566736177,47.7091583115236],[-122.302605242444,47.7091569156711],[-122.302643804072,47.7091568172116],[-122.302896570879,47.7091517375506],[-122.303248391333,47.7091446668471],[-122.303323715298,47.7091431531788],[-122.303573443509,47.7091381336855],[-122.303656885166,47.7091364566344],[-122.303774133399,47.7091302278268],[-122.30418851913,47.7089586491596],[-122.30437406839,47.7088817521781],[-122.304393652546,47.7088736405846],[-122.304976437004,47.7086322487239],[-122.305026974349,47.7086121353285],[-122.305077467766,47.7085936714412],[-122.30513104381,47.7085755779508],[-122.30518444533,47.7085591815313],[-122.305238672108,47.7085440644554],[-122.30529365545,47.7085302482998],[-122.305349325182,47.7085177492626],[-122.305405612457,47.7085065835251],[-122.305433470698,47.7085017707889],[-122.305462449713,47.7084967654528],[-122.305519765262,47.7084883049666],[-122.305577486188,47.708481215602],[-122.305635543341,47.7084755027494],[-122.305693859755,47.7084711781975],[-122.305757505518,47.7084681485752],[-122.305810992057,47.7084667020873],[-122.305869660243,47.7084665587336],[-122.306193816157,47.7084696517255],[-122.306236519403,47.7084700589866],[-122.307346020824,47.7084805191484],[-122.308104953181,47.7084876685911],[-122.308648891684,47.7084927978598],[-122.309965248661,47.7085052009729],[-122.311162978495,47.708516482804],[-122.312430359746,47.7085284065193],[-122.313111137875,47.7085318299086],[-122.313785849509,47.7085352182631],[-122.314724252236,47.7085411776874],[-122.315141220711,47.7085438254342],[-122.315173700964,47.7085440311742],[-122.315203933644,47.7085442220396],[-122.315599497007,47.7085467307278],[-122.315902089388,47.7085486488325],[-122.31681098639,47.708554403549],[-122.317777205027,47.7085610041391],[-122.317852209584,47.7085609873493],[-122.317853481667,47.708642887571],[-122.317858814661,47.7089864603869],[-122.317861415488,47.7091540600043],[-122.317868812751,47.7096306956276],[-122.317871275406,47.7097893559034],[-122.317865313316,47.7098096790631],[-122.317837688869,47.7099038401839],[-122.317825663486,47.7099488283918],[-122.317811702147,47.7099935620302],[-122.31779581973,47.7100380022218],[-122.317780462051,47.7100760870931],[-122.317758350101,47.7101258557648],[-122.317736792698,47.7101691931595],[-122.317725150893,47.7101909531574],[-122.317711050855,47.710216056592],[-122.317696202992,47.7102412975047],[-122.317682443801,47.7102634044242],[-122.317672776182,47.7102785041546],[-122.317883742029,47.7105926300458],[-122.317889278361,47.7109492704876],[-122.317892812629,47.7111769341962],[-122.317896130291,47.711390584938],[-122.317900972195,47.7115288634441],[-122.317908010101,47.7121402459411],[-122.317908704104,47.7121994468464],[-122.319276912419,47.7122077040108],[-122.319827566634,47.7122110232824],[-122.320645061208,47.71221594554],[-122.322013249098,47.7122241710481],[-122.322661110656,47.7122280587133],[-122.323381438701,47.7122323783233],[-122.323459312491,47.7122332685961],[-122.324716136276,47.7122397802442],[-122.324767738097,47.7122400660035],[-122.326050191691,47.7122471641595],[-122.327216037278,47.7122536069217],[-122.327410171816,47.7122546785262],[-122.327433151134,47.7122548046993],[-122.327700421519,47.7122797562973],[-122.328004720715,47.7123067830065],[-122.328105279418,47.7123108046974],[-122.32817972131,47.7123137824417],[-122.328490720877,47.7123107821054],[-122.328526661516,47.712308681588],[-122.328494326853,47.7123500097033],[-122.328395660268,47.7124755640088],[-122.327502809718,47.7136116934924],[-122.327353284452,47.7138019776574],[-122.325692004012,47.7158824492337],[-122.325465500988,47.7162203590599],[-122.325228279388,47.7166221823592],[-122.325050812377,47.7169392814659],[-122.324905934145,47.7173084178718],[-122.324833912917,47.7175006001586],[-122.324766873544,47.7176794867763],[-122.324649665031,47.7181301930438],[-122.324544963815,47.718668804845],[-122.324541287742,47.7186877184788],[-122.324517079672,47.7188661904926],[-122.324477127689,47.719160723655],[-122.324486766295,47.7194963606349],[-122.324486569331,47.7197106079686],[-122.324486284451,47.7200209969329],[-122.32449381732,47.7231269347624],[-122.324485643428,47.7236873362588],[-122.32448514075,47.7237217328163],[-122.324481958971,47.7273464080605],[-122.324480486961,47.7290237176789],[-122.324488422275,47.7299992364509],[-122.324498922441,47.7312898763679],[-122.324498854381,47.7313270577916],[-122.324497989561,47.7317988561507],[-122.324540779846,47.7321993390734],[-122.324617069641,47.732676779398],[-122.324927446128,47.7336788478201],[-122.325107928002,47.7340661552616],[-122.324980806306,47.7340643345511],[-122.324928677,47.7340639421532],[-122.32489865769,47.7340637157972],[-122.324868675472,47.7340634808517],[-122.324724106457,47.7340623567024],[-122.324687401951,47.7340616977338],[-122.324659570528,47.7340609479268],[-122.324521433527,47.7340608189437],[-122.324455826414,47.7340603245583],[-122.324144170888,47.7340579726235],[-122.323703227162,47.7340546446528],[-122.323587818184,47.7340537731554],[-122.323483502116,47.7340529815166],[-122.32299690314,47.7340484165917],[-122.3225323259,47.7340440514534],[-122.322217518187,47.7340410894999],[-122.321717418199,47.7340363903914],[-122.321104586952,47.7340306254214],[-122.320944828328,47.7340291224687],[-122.320799811344,47.7340277571984],[-122.320495038513,47.7340248908242],[-122.319725949138,47.7340176526723],[-122.31811605956,47.7340024831663],[-122.316758881632,47.7339896603119],[-122.316416321533,47.7339864279684],[-122.315441925062,47.7339772018798],[-122.313204023285,47.7339560404483],[-122.312748593943,47.7339517255026],[-122.312630070754,47.7339503885384],[-122.31228524982,47.7339464966198],[-122.3100466429,47.7339212063442],[-122.308695429132,47.7339059200152],[-122.30804379964,47.7338985464813],[-122.307581997191,47.7338933181565],[-122.30754688076,47.7338929201223],[-122.307367380844,47.7338908823642],[-122.307344395267,47.7338906324586],[-122.307321409205,47.7338903654624],[-122.306161664381,47.7338772129494],[-122.306134788837,47.7338769077779],[-122.306077508265,47.7338762584267],[-122.30599320942,47.7338753020864],[-122.305354479439,47.7338680552108],[-122.304972140864,47.7338637158953],[-122.304898646683,47.7338628811227],[-122.304842806763,47.7338622476492],[-122.304572783056,47.7338591819151],[-122.304522565539,47.7338586116011],[-122.303597810895,47.7338481079262],[-122.302939030355,47.7338406202095],[-122.302799282576,47.7338390310368],[-122.302665804153,47.733837512962],[-122.301940127286,47.73382925836],[-122.301838657617,47.733828446272],[-122.301814781699,47.7338282552942],[-122.30058479527,47.7338184072362],[-122.30055942819,47.7338182036921],[-122.299916539273,47.7338130516554],[-122.299229134395,47.7338075379459],[-122.297876401724,47.7337966761258],[-122.296518752328,47.7337857704858],[-122.29628942305,47.733783915519],[-122.296052712845,47.733782006313],[-122.295304814198,47.7337759826034],[-122.295185038648,47.7337750151096],[-122.295162051386,47.7337748410371],[-122.2951253884,47.7337745372674],[-122.294690814529,47.7337710344611],[-122.294531618084,47.7337697509156],[-122.293808550627,47.7337639174549],[-122.29331769039,47.733759954357],[-122.292935960779,47.7337568704404],[-122.292433451494,47.7337528088202],[-122.292431061833,47.7336815015635],[-122.292374951472,47.7320087265293],[-122.292372746128,47.7319429278233],[-122.292370355857,47.7318716403588],[-122.292314381883,47.7302028198398],[-122.292311405469,47.7301139437997],[-122.292279666528,47.7291676076044],[-122.292265260437,47.7287380052239],[-122.292257668646,47.7285116447156]]]},"properties":{"beat":"L1","first_precinct":"N","sector":"L"}},{"type":"Feature","geometry":{"type":"Polygon","coordinates":[[[-122.321227830215,47.5908336991463],[-122.321015311959,47.5899796820323],[-122.320980743165,47.5898407600845],[-122.320786067863,47.5891034102911],[-122.320666760615,47.5886318571807],[-122.320661390376,47.5886026992244],[-122.320592170749,47.5883078374854],[-122.320555480707,47.5880276106626],[-122.320525945582,47.5878673498168],[-122.320503578912,47.5877459895312],[-122.320494511243,47.5876967836292],[-122.320483670489,47.587599754497],[-122.320468465487,47.587463668484],[-122.320455406058,47.587346782582],[-122.320400384158,47.5867247762365],[-122.320377891658,47.5864705053802],[-122.320372968187,47.586414846395],[-122.320344908089,47.5860948772786],[-122.320295467141,47.5853059436265],[-122.320285290115,47.5851422279534],[-122.320272857058,47.5849422130107],[-122.3202564072,47.5848014149308],[-122.320218900534,47.5844803881191],[-122.320189428423,47.5842281372451],[-122.320184719204,47.5841878335175],[-122.32015043601,47.5837407604224],[-122.320064763088,47.5832649951144],[-122.319998198206,47.5830138894129],[-122.320097147221,47.5830038400364],[-122.320185146437,47.583009839652],[-122.320248856639,47.5830047740579],[-122.320069903134,47.5818669375642],[-122.320042454517,47.5816924077142],[-122.319939177649,47.5810357144594],[-122.321396971038,47.5810396704876],[-122.32139775649,47.579807812128],[-122.322896301002,47.5798104199929],[-122.323504950754,47.5798085543359],[-122.323565640128,47.579808461652],[-122.323666709768,47.5798083075466],[-122.323920608547,47.5798078352186],[-122.324437128742,47.5798068734479],[-122.324533707794,47.5798066928893],[-122.325206877787,47.5798087354787],[-122.325333884654,47.5798088333651],[-122.325976674316,47.5798093250311],[-122.326372512884,47.5798093464746],[-122.326746375489,47.5798093654639],[-122.327395927467,47.5798093950636],[-122.32751648882,47.57980940067],[-122.327623132522,47.579809404608],[-122.327663569133,47.5798094058311],[-122.328434235525,47.5798094338529],[-122.329056505289,47.5798094510065],[-122.329988275724,47.5798097406023],[-122.330335876336,47.5798103624011],[-122.331940140953,47.5798132190122],[-122.331980741858,47.5798132912028],[-122.332011868002,47.5786891598082],[-122.332015077432,47.5768356557562],[-122.33198261727,47.5759886310896],[-122.331843845434,47.5755624686586],[-122.331837503354,47.5755400404419],[-122.331833066123,47.5755243485773],[-122.331768800752,47.5752970845258],[-122.331702985316,47.5749753730236],[-122.331695121696,47.5747021046334],[-122.331696287172,47.5743852149161],[-122.33145317441,47.5743779188762],[-122.331453511216,47.5737007407745],[-122.331453447428,47.5736668263912],[-122.331453252014,47.5735637410794],[-122.331696660381,47.5734230737279],[-122.331697328418,47.5721628506893],[-122.331700567591,47.5721474975734],[-122.331700235059,47.5721282260521],[-122.331700087715,47.5717198400884],[-122.331939324348,47.5717239236463],[-122.331948183472,47.5717096200615],[-122.331967528959,47.571643003687],[-122.332001313779,47.5715772720223],[-122.332069660583,47.5715772023882],[-122.332110604141,47.5715774867368],[-122.332459095161,47.5715774616591],[-122.333137393517,47.5715774100564],[-122.333265728427,47.571577504693],[-122.334194858747,47.5715766403121],[-122.334459916203,47.5715783796951],[-122.33523789294,47.5715796012123],[-122.335679044645,47.5715818588397],[-122.33678645216,47.5715844929254],[-122.336865026873,47.5715879204895],[-122.336921297826,47.5715851243746],[-122.337171077463,47.5715894830185],[-122.33725918392,47.571589932481],[-122.337295860296,47.5715903046901],[-122.337686171028,47.5715921105888],[-122.339184747032,47.5715997414325],[-122.339245060748,47.5715998530399],[-122.339306096,47.5715992650579],[-122.339387634426,47.5715988912582],[-122.339463815495,47.571599247779],[-122.339491096072,47.5715991562937],[-122.339584811828,47.5715998157271],[-122.339652088403,47.5716002882828],[-122.339676910513,47.5715999486441],[-122.339784208915,47.5715955367886],[-122.339818095194,47.5715943051616],[-122.340004121185,47.5715861907339],[-122.340062660231,47.5715836373887],[-122.340091888094,47.5715876743539],[-122.340976063633,47.5715978838257],[-122.34118800424,47.5715950733928],[-122.341391124673,47.5715865239848],[-122.34196010985,47.5715499104836],[-122.342021686708,47.5715459484139],[-122.343197035953,47.5714347290876],[-122.343497462819,47.5714062986587],[-122.343557964137,47.5713984457273],[-122.3436265806,47.5713887460232],[-122.343724394309,47.5713768430168],[-122.343797456194,47.5713676545101],[-122.344016014362,47.5713393593623],[-122.344510072177,47.5712757308336],[-122.344534538378,47.5712727976852],[-122.344992411769,47.571231046115],[-122.344905095664,47.5714898079011],[-122.344885750584,47.5715405269636],[-122.344852270974,47.5716283062843],[-122.344698478509,47.5720315268138],[-122.34463009853,47.5722108078987],[-122.344528102836,47.5731698075954],[-122.344216286302,47.5740156174618],[-122.34398210909,47.5746508080556],[-122.34406271933,47.5783589111484],[-122.344090812507,47.5800437178283],[-122.344125138401,47.581229805378],[-122.344196153104,47.5844858032317],[-122.344224784304,47.5854981714819],[-122.344326180197,47.5904248008137],[-122.34433418193,47.5908198008801],[-122.344216216713,47.5908535064841],[-122.342997182789,47.5912018026348],[-122.342904183226,47.59122880266],[-122.342902181468,47.5907988028304],[-122.337234181257,47.5908698114506],[-122.337484178665,47.5903198114509],[-122.337417197485,47.590319213739],[-122.337371585084,47.5903187562451],[-122.337213952666,47.5903172114976],[-122.337127432025,47.590316363679],[-122.337057273345,47.5903156071519],[-122.337017956772,47.5903152129195],[-122.336925959167,47.5903142907166],[-122.336844165472,47.5903134701572],[-122.336781579811,47.5903128427568],[-122.336720793752,47.5903128266599],[-122.336677614509,47.59031281532],[-122.33601799475,47.590312640748],[-122.335119482231,47.5903123970685],[-122.334615268258,47.5903122710749],[-122.334195452548,47.5903121645363],[-122.333683774635,47.5903123667998],[-122.333429451639,47.5903124664169],[-122.333263110524,47.5903125342955],[-122.333263461932,47.5897322535375],[-122.333264370261,47.5882283609858],[-122.333265334072,47.5866278191473],[-122.333265424749,47.5864783939088],[-122.333265618797,47.5861567705784],[-122.333265650542,47.5861032767498],[-122.331998728893,47.5861760648596],[-122.330804487417,47.5861657054315],[-122.329978910496,47.5861703820886],[-122.329985951518,47.5872342157287],[-122.329992397361,47.5882079614906],[-122.329991115525,47.5884297370172],[-122.329980736576,47.5903094802891],[-122.329932674334,47.5903086355303],[-122.329279433504,47.5903078584635],[-122.329074110142,47.5903104552187],[-122.329050159833,47.5903134464971],[-122.328915767072,47.5903055383924],[-122.328837893115,47.5903025131761],[-122.328313839869,47.5903031463697],[-122.328120041278,47.5903215570534],[-122.328047923193,47.5903384143372],[-122.327985694961,47.59035296007],[-122.327820550555,47.5904170787739],[-122.327700762582,47.5905023079667],[-122.327615275198,47.5906083288388],[-122.327578498324,47.5906950204147],[-122.327568643234,47.5910546094333],[-122.327587930947,47.5913043937149],[-122.327590053989,47.5913318866012],[-122.327562310672,47.5915370069973],[-122.327506255728,47.5916550637895],[-122.327453753512,47.5917386387299],[-122.327406629151,47.5918021105586],[-122.327373760296,47.5918413855156],[-122.3273499598,47.5918719564053],[-122.327243173374,47.5919499478782],[-122.327178668669,47.5919970591206],[-122.327072855877,47.5920600600858],[-122.327039261839,47.5920731515112],[-122.326946470448,47.5921093116166],[-122.326780652737,47.5921500612782],[-122.326672623083,47.5921766092145],[-122.326644355231,47.5921818768855],[-122.326387692987,47.5922297073878],[-122.325967772546,47.5923144315465],[-122.325908587264,47.59232542321],[-122.325543582979,47.5923932079675],[-122.325455159784,47.5924109917439],[-122.325158571009,47.5924688223353],[-122.324778757521,47.5925693070098],[-122.324146977742,47.5927372385108],[-122.324109594566,47.5927469683097],[-122.324031793039,47.5927688758921],[-122.323867200574,47.5928152232324],[-122.323665724652,47.592871955544],[-122.323552105511,47.5929039488549],[-122.323299287603,47.5929746564952],[-122.323262817591,47.5929849390028],[-122.323164713063,47.5930123134378],[-122.323082162603,47.5930351326868],[-122.322538486893,47.5931856273338],[-122.322477202066,47.593202359872],[-122.322352867105,47.5932375760986],[-122.321451986095,47.5934927355892],[-122.321403193654,47.5935053791309],[-122.321120604922,47.593582243174],[-122.321090100551,47.5935906855195],[-122.320868276236,47.5936524720308],[-122.320823909502,47.5936649800786],[-122.320873123587,47.5934492057713],[-122.321082864614,47.5925295677683],[-122.321179476074,47.5921059483339],[-122.321241475646,47.5918340898042],[-122.321276249027,47.5916249030613],[-122.321279372516,47.591393865092],[-122.321227830215,47.5908336991463]]]},"properties":{"beat":"O1","first_precinct":"S","sector":"O"}},{"type":"Feature","geometry":{"type":"Polygon","coordinates":[[[-122.305869660243,47.7084665587336],[-122.305810992057,47.7084667020873],[-122.305757505518,47.7084681485752],[-122.305693859755,47.7084711781975],[-122.305635543341,47.7084755027494],[-122.305577486188,47.708481215602],[-122.305519765262,47.7084883049666],[-122.305462449713,47.7084967654528],[-122.305433470698,47.7085017707889],[-122.305405612457,47.7085065835251],[-122.305349325182,47.7085177492626],[-122.30529365545,47.7085302482998],[-122.305238672108,47.7085440644554],[-122.30518444533,47.7085591815313],[-122.30513104381,47.7085755779508],[-122.305077467766,47.7085936714412],[-122.305026974349,47.7086121353285],[-122.304976437004,47.7086322487239],[-122.304393652546,47.7088736405846],[-122.30437406839,47.7088817521781],[-122.30418851913,47.7089586491596],[-122.303774133399,47.7091302278268],[-122.303671010886,47.7090845385725],[-122.303513235113,47.7090146333749],[-122.303277246353,47.7089092226701],[-122.303240051178,47.7088863441899],[-122.303211454554,47.7088663999744],[-122.303184463846,47.7088454607825],[-122.30315915537,47.7088235859044],[-122.303139549291,47.7088046493562],[-122.303113865318,47.7087772755698],[-122.303094011414,47.7087529716098],[-122.303076093626,47.7087279904777],[-122.303060161979,47.7087024043967],[-122.303046262447,47.7086762838433],[-122.303034434446,47.7086497029767],[-122.303024710704,47.7086227351425],[-122.302264834832,47.7062424476105],[-122.302247950831,47.7061895556125],[-122.301808400086,47.7048128408764],[-122.301801124165,47.7047900533342],[-122.30178681039,47.7047554907568],[-122.301766393227,47.7047061904237],[-122.301722404866,47.7046486169493],[-122.30167567574,47.7045939385836],[-122.301615826877,47.7045443805725],[-122.301613829308,47.7043401562296],[-122.301612452504,47.7041993311383],[-122.301609342686,47.7038821667219],[-122.301604251892,47.7033620209793],[-122.301604572908,47.7032837545344],[-122.301607139955,47.7032067770698],[-122.301611940592,47.7031298473007],[-122.30161897434,47.7030529958191],[-122.301621788239,47.7030296806814],[-122.301628236751,47.7029762541677],[-122.301638569369,47.7029067287975],[-122.301650732896,47.7028373390706],[-122.301664721298,47.7027681075541],[-122.301680527645,47.7026990721195],[-122.301699154441,47.7026265207059],[-122.301719849546,47.7025541126691],[-122.301742420933,47.7024822211158],[-122.30176704959,47.7024105072637],[-122.301793665023,47.7023391177543],[-122.301822257281,47.7022680779031],[-122.301852816385,47.7021974121263],[-122.301885329691,47.7021271448741],[-122.301894118828,47.7021089119399],[-122.301898977302,47.7020883466102],[-122.301912091436,47.7020725363461],[-122.301921316352,47.7020543040923],[-122.301930676752,47.7020361033773],[-122.301940167306,47.7020179342696],[-122.301976134302,47.7019515204493],[-122.302013863641,47.7018855543992],[-122.302053346603,47.7018200578201],[-122.302094569088,47.7017550506832],[-122.302137518406,47.7016905556398],[-122.302182192257,47.7016266329906],[-122.302228537142,47.7015631817685],[-122.302276579796,47.701500346462],[-122.302326288915,47.7014381040829],[-122.302377649092,47.7013764755182],[-122.302505667253,47.7012260572449],[-122.302552017913,47.7011715999878],[-122.303318164563,47.7002714114492],[-122.303364517338,47.7002169475128],[-122.30403817051,47.6994253964202],[-122.304085283994,47.6993700371487],[-122.304131188894,47.6993160959256],[-122.30421291062,47.6992200689685],[-122.304309955936,47.6991060366404],[-122.304469065889,47.6989190760715],[-122.304581847708,47.6987865497476],[-122.304678091824,47.6986734567099],[-122.304756470093,47.6985813569607],[-122.304805752563,47.6985234486936],[-122.30485159017,47.698469583594],[-122.304899896143,47.6984128213844],[-122.304934516366,47.6983721389564],[-122.304969300334,47.6983312645876],[-122.305012791847,47.6982792181116],[-122.305055106098,47.6982267298225],[-122.305096231483,47.6981738133653],[-122.3051344306,47.6981228292333],[-122.305171526464,47.6980714752051],[-122.305207432787,47.6980198567496],[-122.305225807904,47.6979926917704],[-122.305243799265,47.6979655281453],[-122.305261484271,47.6979382758146],[-122.305305224814,47.6978683284826],[-122.305346951887,47.6977978214965],[-122.305386648971,47.6977267829596],[-122.305427174805,47.697649584945],[-122.305438555462,47.6976269452868],[-122.305449945323,47.6976038314198],[-122.305458395501,47.6975863573221],[-122.305466724973,47.6975688559955],[-122.30549786121,47.6975007707173],[-122.305527163903,47.6974323132886],[-122.305547918819,47.6973807545748],[-122.30557398259,47.6973117074492],[-122.305594026921,47.697254262832],[-122.305599818368,47.6972372512741],[-122.305620519617,47.6971727084264],[-122.305640970237,47.6971028036032],[-122.305659543145,47.6970326594485],[-122.305676224411,47.6969623013321],[-122.30569101058,47.6968917481909],[-122.305701869335,47.6968328865928],[-122.305713171925,47.6967620410989],[-122.305722565418,47.6966910700323],[-122.305725755932,47.6966607627071],[-122.30573004777,47.6966199950106],[-122.305735601652,47.6965491446117],[-122.305739273691,47.6964776249317],[-122.305740995535,47.6964001094286],[-122.305740832635,47.6963351262981],[-122.305740294655,47.6963168039177],[-122.305738741368,47.6962638825806],[-122.305736830002,47.6962299672001],[-122.305734728433,47.6961926789812],[-122.305729216166,47.6961258380147],[-122.305716635204,47.6959937037067],[-122.305695000223,47.6957664691981],[-122.305693526202,47.6957509917467],[-122.305687696193,47.6956897674813],[-122.305661205471,47.6954115074637],[-122.305652865141,47.6953239078947],[-122.305632492058,47.6951099135648],[-122.30561211771,47.6948959156491],[-122.305606894567,47.6948410527017],[-122.305601669746,47.6947861771812],[-122.305590830408,47.694672312809],[-122.305575024239,47.6945062782743],[-122.30553474196,47.6940831351288],[-122.30552559049,47.6939870214273],[-122.30552024732,47.6939309257763],[-122.305472337734,47.6934273301301],[-122.305467768461,47.6933691527036],[-122.305465380062,47.6933145841861],[-122.305464456043,47.6932528224504],[-122.305465676362,47.6931946503044],[-122.305468808214,47.6931365074431],[-122.305473855275,47.6930784298026],[-122.30548069552,47.6930214247107],[-122.305489372102,47.6929646171992],[-122.305500457723,47.6929048485742],[-122.305513126535,47.6928473003983],[-122.305527740643,47.6927898458392],[-122.30554414118,47.6927328503862],[-122.305562463147,47.6926760001338],[-122.305582657389,47.692619441451],[-122.305593277935,47.6925923540622],[-122.305604388221,47.6925641178546],[-122.305628609715,47.6925073047272],[-122.305654343933,47.6924517782693],[-122.305681900262,47.692396654675],[-122.305711264759,47.6923419593118],[-122.305742424761,47.6922877157313],[-122.305773797301,47.692236507342],[-122.305814073943,47.6921748987828],[-122.30584622271,47.6921283762505],[-122.305856416072,47.6921144779797],[-122.305884682708,47.692075825811],[-122.305924564029,47.6920242528486],[-122.305966136098,47.6919732913419],[-122.306009375703,47.6919229685769],[-122.306055007323,47.6918725204258],[-122.306100773432,47.6918243285115],[-122.306148887719,47.6917760630508],[-122.306198577692,47.6917285337679],[-122.306249723026,47.6916818672602],[-122.306302589755,47.6916357659183],[-122.30635686527,47.6915905765276],[-122.3064126151,47.6915462136767],[-122.306469720565,47.6915027679579],[-122.306528424248,47.6914600545144],[-122.306552894608,47.6914428005343],[-122.306767007431,47.6912931504228],[-122.306799947839,47.6912701265999],[-122.306848535986,47.6912361664294],[-122.306958652751,47.6911592005501],[-122.307528526769,47.690760882353],[-122.30794768753,47.6904679033226],[-122.308091946187,47.6903670707442],[-122.308134878408,47.6903370631673],[-122.308169633521,47.6903127686023],[-122.308247829268,47.6902581242746],[-122.308942102921,47.6897729479725],[-122.308991955749,47.6897381104566],[-122.309111927485,47.6896543172774],[-122.3094934954,47.6893878103794],[-122.309549493317,47.6893486972756],[-122.309931601488,47.6890818076169],[-122.310051608178,47.6889979904639],[-122.310171576909,47.6889141637756],[-122.310553553165,47.6886472619584],[-122.310609577865,47.688608115579],[-122.310642635402,47.6885850189113],[-122.310759729575,47.6885031998665],[-122.310876893787,47.688421373491],[-122.310991851258,47.6883410905313],[-122.311062718696,47.6882915967679],[-122.31111190962,47.6882572418579],[-122.311231962497,47.6881734012202],[-122.311614163284,47.6879064819912],[-122.311670166024,47.6878673686384],[-122.312032576699,47.6876142661565],[-122.312172617277,47.6875164642054],[-122.312829334225,47.6870577049806],[-122.313127405468,47.6868494786382],[-122.313179748128,47.6868129120325],[-122.313275810508,47.6867458029113],[-122.313357169255,47.6866889665041],[-122.313380580289,47.6866726117609],[-122.313538415617,47.6865623486629],[-122.314465605872,47.6859146069104],[-122.314512397872,47.6858809851393],[-122.314557195702,47.6858469052838],[-122.314601701949,47.6858111514435],[-122.3146441436,47.6857749926145],[-122.314685066588,47.6857380447693],[-122.314724439797,47.6857003380009],[-122.314762973717,47.6856610453364],[-122.314798408198,47.6856227600246],[-122.31482138464,47.685596568982],[-122.315009356127,47.6853806477793],[-122.315017283497,47.6853660917037],[-122.315097266779,47.685273778102],[-122.315217597724,47.6851348936379],[-122.315252407361,47.6850947163422],[-122.315273330753,47.6850703133213],[-122.315346989266,47.6849844059845],[-122.315364730509,47.6849637147062],[-122.315425454187,47.6848928936368],[-122.31623422579,47.6839513744919],[-122.316579707568,47.6835489462269],[-122.316892153428,47.6831849920315],[-122.316960977517,47.6831048248058],[-122.316998599233,47.6830608176013],[-122.317033696806,47.6830197633587],[-122.317096605723,47.682946178089],[-122.317480485662,47.6827667809503],[-122.317928624907,47.6825582761671],[-122.318803504239,47.6821374640452],[-122.319770768565,47.6816784266035],[-122.319832029338,47.6816493538038],[-122.319973870785,47.6815820382724],[-122.32006373821,47.6815393886354],[-122.320281917587,47.6814326114122],[-122.320360990622,47.6813947704384],[-122.320379777962,47.6813842122032],[-122.320439876399,47.6813504367189],[-122.320519430832,47.6813064774466],[-122.320544608161,47.6812904669504],[-122.320584831904,47.6812619363938],[-122.320633767957,47.6812256409773],[-122.320725585035,47.6815524377089],[-122.320873364382,47.6819630988759],[-122.320927162719,47.681944188564],[-122.32102399786,47.6819092413626],[-122.321125998779,47.681863494362],[-122.321142368637,47.6819011026294],[-122.321186562193,47.6820037667217],[-122.321200503208,47.6820302876024],[-122.321234855021,47.6820956396078],[-122.321259674013,47.6821418240977],[-122.321371030735,47.6823490409574],[-122.321485176298,47.682545642862],[-122.321550661086,47.6826478641307],[-122.321604672049,47.6827321747937],[-122.321752172612,47.6829399249821],[-122.321890629344,47.6831162098687],[-122.32192861794,47.6831645773435],[-122.322144536137,47.6834065717385],[-122.322370784186,47.6836533776802],[-122.32254444138,47.6838176158367],[-122.322748056541,47.6840006642026],[-122.322916788844,47.6841473564557],[-122.323998912336,47.6849930295047],[-122.326274370585,47.6867816935374],[-122.326308576125,47.6868012382018],[-122.326766669224,47.6871588655058],[-122.327207513157,47.6875030206938],[-122.327469970432,47.6877370087659],[-122.327624865179,47.6878829851774],[-122.327826919662,47.688080762871],[-122.327982703117,47.6882575611058],[-122.328162377814,47.6884710482835],[-122.328283351395,47.6886290035244],[-122.328323704706,47.6886816929505],[-122.328466418744,47.6888802471264],[-122.328619239396,47.6891125872142],[-122.328759340681,47.6893790118096],[-122.328778750203,47.6894145136915],[-122.3288798529,47.6895994410554],[-122.32897816337,47.6898417466764],[-122.329073069589,47.6900928572514],[-122.329082199502,47.690129530349],[-122.329141105973,47.6903661493415],[-122.329202365858,47.6906010065781],[-122.329248011068,47.6907803904232],[-122.329256495483,47.6908452601915],[-122.329300346721,47.6911805474478],[-122.329300091222,47.6912557973255],[-122.329299954532,47.6912957955385],[-122.329301828053,47.6913609068136],[-122.329308982226,47.6917382743783],[-122.329303009255,47.6920798624545],[-122.329299634037,47.6922728566354],[-122.329277995381,47.6931888228935],[-122.329277334056,47.6932168029758],[-122.329288786514,47.6949035378208],[-122.329331060686,47.6955125998642],[-122.329369289576,47.6959209619721],[-122.329491005409,47.6967714893358],[-122.32959357007,47.6977393506033],[-122.329638642588,47.6981233739517],[-122.329645438928,47.6982239090751],[-122.329866744839,47.7000667263453],[-122.329897127091,47.7003255601216],[-122.329899949397,47.7003496054735],[-122.329911169933,47.7004354000511],[-122.329924675999,47.7005514453005],[-122.329936267137,47.7006675831612],[-122.329944096397,47.7007616158585],[-122.329945943073,47.7007838046413],[-122.329953707197,47.7009000890057],[-122.329959556494,47.7010164245994],[-122.329963490562,47.7011327979335],[-122.329965506284,47.701249193756],[-122.329965525407,47.7012717807692],[-122.329965607151,47.7013655949283],[-122.329964432037,47.701440810078],[-122.32996378887,47.7014819916111],[-122.329962277966,47.701529040961],[-122.329960238085,47.7015925591146],[-122.329956224694,47.7016771737104],[-122.329954402292,47.7017147075372],[-122.329946838471,47.7018309979337],[-122.329937359041,47.7019472235191],[-122.329896077293,47.7025338684646],[-122.32984689852,47.7034007789675],[-122.329877059101,47.7044475699097],[-122.329888721505,47.7048523286135],[-122.329908564424,47.7050645312083],[-122.329917254344,47.7051574685729],[-122.329992708378,47.7059643800069],[-122.330018986588,47.7062453960707],[-122.330022076761,47.7063271475016],[-122.330145548918,47.7086389337246],[-122.330140121324,47.7090241092576],[-122.330106198525,47.7094652445276],[-122.330037264174,47.7097704351753],[-122.329971139727,47.7101652964779],[-122.329823354001,47.7105159939779],[-122.329605222816,47.7109160536725],[-122.329334238691,47.7112696141243],[-122.329094652879,47.7115875361697],[-122.328563937999,47.7122610355085],[-122.328526661516,47.712308681588],[-122.328490720877,47.7123107821054],[-122.32817972131,47.7123137824417],[-122.328105279418,47.7123108046974],[-122.328004720715,47.7123067830065],[-122.327700421519,47.7122797562973],[-122.327433151134,47.7122548046993],[-122.327410171816,47.7122546785262],[-122.327216037278,47.7122536069217],[-122.326050191691,47.7122471641595],[-122.324767738097,47.7122400660035],[-122.324716136276,47.7122397802442],[-122.323459312491,47.7122332685961],[-122.323381438701,47.7122323783233],[-122.322661110656,47.7122280587133],[-122.322013249098,47.7122241710481],[-122.320645061208,47.71221594554],[-122.319827566634,47.7122110232824],[-122.319276912419,47.7122077040108],[-122.317908704104,47.7121994468464],[-122.317908010101,47.7121402459411],[-122.317900972195,47.7115288634441],[-122.317896130291,47.711390584938],[-122.317892812629,47.7111769341962],[-122.317889278361,47.7109492704876],[-122.317883742029,47.7105926300458],[-122.317672776182,47.7102785041546],[-122.317682443801,47.7102634044242],[-122.317696202992,47.7102412975047],[-122.317711050855,47.710216056592],[-122.317725150893,47.7101909531574],[-122.317736792698,47.7101691931595],[-122.317758350101,47.7101258557648],[-122.317780462051,47.7100760870931],[-122.31779581973,47.7100380022218],[-122.317811702147,47.7099935620302],[-122.317825663486,47.7099488283918],[-122.317837688869,47.7099038401839],[-122.317865313316,47.7098096790631],[-122.317871275406,47.7097893559034],[-122.317868812751,47.7096306956276],[-122.317861415488,47.7091540600043],[-122.317858814661,47.7089864603869],[-122.317853481667,47.708642887571],[-122.317852209584,47.7085609873493],[-122.317777205027,47.7085610041391],[-122.31681098639,47.708554403549],[-122.315902089388,47.7085486488325],[-122.315599497007,47.7085467307278],[-122.315203933644,47.7085442220396],[-122.315173700964,47.7085440311742],[-122.315141220711,47.7085438254342],[-122.314724252236,47.7085411776874],[-122.313785849509,47.7085352182631],[-122.313111137875,47.7085318299086],[-122.312430359746,47.7085284065193],[-122.311162978495,47.708516482804],[-122.309965248661,47.7085052009729],[-122.308648891684,47.7084927978598],[-122.308104953181,47.7084876685911],[-122.307346020824,47.7084805191484],[-122.306236519403,47.7084700589866],[-122.306193816157,47.7084696517255],[-122.305869660243,47.7084665587336]]]},"properties":{"beat":"L2","first_precinct":"N","sector":"L"}},{"type":"Feature","geometry":{"type":"Polygon","coordinates":[[[-122.288443410027,47.7337434143147],[-122.288413245658,47.7337434141065],[-122.288387422084,47.7337445684681],[-122.287914016113,47.7337449572813],[-122.28672080237,47.733745927358],[-122.28668644637,47.7337459549159],[-122.285708881032,47.7337455868503],[-122.28510554554,47.7337425123052],[-122.284952386212,47.7337417943565],[-122.284804144937,47.7337425150373],[-122.284766711891,47.733742515504],[-122.284665287574,47.7337425790647],[-122.28454870294,47.7337427328726],[-122.284494047518,47.7337425187711],[-122.284450517846,47.7337425184358],[-122.284372235422,47.7337425194062],[-122.284265636834,47.7337425197958],[-122.284214129107,47.7337425219026],[-122.284125659532,47.7337425416381],[-122.284000487893,47.7337425702149],[-122.283665604674,47.7336508622346],[-122.283531815669,47.733613871001],[-122.283424814965,47.7334538715357],[-122.283345815351,47.7333238718477],[-122.283024812546,47.7329598724145],[-122.282499810638,47.7323638740086],[-122.280873805906,47.7312028775056],[-122.281303800123,47.7300248767332],[-122.281262794113,47.7288228766684],[-122.28004278392,47.7263518799523],[-122.280005783071,47.7263008800735],[-122.279526779493,47.7253528815617],[-122.279888772895,47.7239258807673],[-122.279714517959,47.7225011824732],[-122.279502214289,47.7207313800741],[-122.279493095982,47.7207140157407],[-122.279435756528,47.7202218815993],[-122.27818875432,47.719753884939],[-122.277836950069,47.7196199255163],[-122.277910039933,47.7193618836634],[-122.278035750617,47.718921884819],[-122.277242737314,47.7160268867648],[-122.275312711141,47.7099328916377],[-122.274435698916,47.7071688938171],[-122.274432691521,47.7056328943674],[-122.274160686441,47.7045558951216],[-122.273213679355,47.7028458968613],[-122.272325671882,47.7012148989543],[-122.271423619333,47.6974745256863],[-122.271425272736,47.6974465500225],[-122.271427464401,47.697430027462],[-122.27141665498,47.6973469012636],[-122.271440508679,47.6973467613249],[-122.272334654983,47.6973218995085],[-122.274525654655,47.6973968944749],[-122.274651655369,47.6973378946417],[-122.274964936676,47.6973449004602],[-122.276443713645,47.6973480309252],[-122.276511527551,47.6973497154505],[-122.276543794359,47.6973505168434],[-122.277622386942,47.6973592121368],[-122.277760752259,47.6973600055039],[-122.277906082838,47.6973611386317],[-122.278199746801,47.6973634256398],[-122.2782727213,47.6973639938746],[-122.278355658632,47.6973646399626],[-122.278590898512,47.6973664710861],[-122.27897893147,47.6973694908762],[-122.280017748485,47.6973775776905],[-122.281043114577,47.6973855353214],[-122.281357582773,47.6973879745588],[-122.281754438023,47.6973910545419],[-122.281888736997,47.6973920960832],[-122.282699158522,47.6973983785212],[-122.283824655693,47.6974068747985],[-122.284254650783,47.6974101171739],[-122.284306702508,47.6974105097837],[-122.284336656173,47.6974107356913],[-122.28527446159,47.6974178016149],[-122.285297432909,47.6974179839752],[-122.285958286908,47.6974232166928],[-122.28785135553,47.6974381861827],[-122.290531177939,47.6974587970351],[-122.290572655023,47.6974591015779],[-122.293112122058,47.6974777056369],[-122.29326763744,47.6974788506746],[-122.296018435196,47.6974988156782],[-122.296041404527,47.6974991119478],[-122.296632130044,47.6975035131053],[-122.298784079587,47.6975195651778],[-122.300864702017,47.6975341569771],[-122.301547311219,47.6975391020125],[-122.30418049439,47.6975590096322],[-122.304890804672,47.6975643409414],[-122.305466724973,47.6975688559955],[-122.305458395501,47.6975863573221],[-122.305449945323,47.6976038314198],[-122.305438555462,47.6976269452868],[-122.305427174805,47.697649584945],[-122.305386648971,47.6977267829596],[-122.305346951887,47.6977978214965],[-122.305305224814,47.6978683284826],[-122.305261484271,47.6979382758146],[-122.305243799265,47.6979655281453],[-122.305225807904,47.6979926917704],[-122.305207432787,47.6980198567496],[-122.305171526464,47.6980714752051],[-122.3051344306,47.6981228292333],[-122.305096231483,47.6981738133653],[-122.305055106098,47.6982267298225],[-122.305012791847,47.6982792181116],[-122.304969300334,47.6983312645876],[-122.304934516366,47.6983721389564],[-122.304899896143,47.6984128213844],[-122.30485159017,47.698469583594],[-122.304805752563,47.6985234486936],[-122.304756470093,47.6985813569607],[-122.304678091824,47.6986734567099],[-122.304581847708,47.6987865497476],[-122.304469065889,47.6989190760715],[-122.304309955936,47.6991060366404],[-122.30421291062,47.6992200689685],[-122.304131188894,47.6993160959256],[-122.304085283994,47.6993700371487],[-122.30403817051,47.6994253964202],[-122.303364517338,47.7002169475128],[-122.303318164563,47.7002714114492],[-122.302552017913,47.7011715999878],[-122.302505667253,47.7012260572449],[-122.302377649092,47.7013764755182],[-122.302326288915,47.7014381040829],[-122.302276579796,47.701500346462],[-122.302228537142,47.7015631817685],[-122.302182192257,47.7016266329906],[-122.302137518406,47.7016905556398],[-122.302094569088,47.7017550506832],[-122.302053346603,47.7018200578201],[-122.302013863641,47.7018855543992],[-122.301976134302,47.7019515204493],[-122.301940167306,47.7020179342696],[-122.301930676752,47.7020361033773],[-122.301921316352,47.7020543040923],[-122.301912091436,47.7020725363461],[-122.301898977302,47.7020883466102],[-122.301894118828,47.7021089119399],[-122.301885329691,47.7021271448741],[-122.301852816385,47.7021974121263],[-122.301822257281,47.7022680779031],[-122.301793665023,47.7023391177543],[-122.30176704959,47.7024105072637],[-122.301742420933,47.7024822211158],[-122.301719849546,47.7025541126691],[-122.301699154441,47.7026265207059],[-122.301680527645,47.7026990721195],[-122.301664721298,47.7027681075541],[-122.301650732896,47.7028373390706],[-122.301638569369,47.7029067287975],[-122.301628236751,47.7029762541677],[-122.301621788239,47.7030296806814],[-122.30161897434,47.7030529958191],[-122.301611940592,47.7031298473007],[-122.301607139955,47.7032067770698],[-122.301604572908,47.7032837545344],[-122.301604251892,47.7033620209793],[-122.301609342686,47.7038821667219],[-122.301612452504,47.7041993311383],[-122.301613829308,47.7043401562296],[-122.301615826877,47.7045443805725],[-122.30167567574,47.7045939385836],[-122.301722404866,47.7046486169493],[-122.301766393227,47.7047061904237],[-122.30178681039,47.7047554907568],[-122.301801124165,47.7047900533342],[-122.301808400086,47.7048128408764],[-122.302247950831,47.7061895556125],[-122.302264834832,47.7062424476105],[-122.303024710704,47.7086227351425],[-122.303034434446,47.7086497029767],[-122.303046262447,47.7086762838433],[-122.303060161979,47.7087024043967],[-122.303076093626,47.7087279904777],[-122.303094011414,47.7087529716098],[-122.303113865318,47.7087772755698],[-122.303139549291,47.7088046493562],[-122.30315915537,47.7088235859044],[-122.303184463846,47.7088454607825],[-122.303211454554,47.7088663999744],[-122.303240051178,47.7088863441899],[-122.303277246353,47.7089092226701],[-122.303513235113,47.7090146333749],[-122.303671010886,47.7090845385725],[-122.303774133399,47.7091302278268],[-122.303656885166,47.7091364566344],[-122.303573443509,47.7091381336855],[-122.303323715298,47.7091431531788],[-122.303248391333,47.7091446668471],[-122.302896570879,47.7091517375506],[-122.302643804072,47.7091568172116],[-122.302605242444,47.7091569156711],[-122.302566736177,47.7091583115236],[-122.302528380921,47.709160993641],[-122.302490268553,47.7091649590401],[-122.302452497487,47.7091702001559],[-122.302415155197,47.7091766996684],[-122.30237833992,47.7091844437182],[-122.302342140387,47.7091934122705],[-122.30230664538,47.7092035870898],[-122.302271947297,47.7092149363997],[-122.30223812411,47.7092274367063],[-122.302205260248,47.709241057236],[-122.302173443961,47.7092557608687],[-122.302142748944,47.70927151427],[-122.302113251431,47.7092882795754],[-122.302085024761,47.709306010861],[-122.302058135765,47.7093246676845],[-122.302032659091,47.7093442032056],[-122.302007978586,47.7093651696195],[-122.301973869767,47.7093953362248],[-122.301922001089,47.7094394207752],[-122.301868648558,47.7094826931866],[-122.301813833982,47.7095251234892],[-122.301757588803,47.7095666923843],[-122.30169994444,47.709607379674],[-122.300484894936,47.7104068912908],[-122.300472461142,47.7104199335316],[-122.300438720789,47.7104771179147],[-122.300285630041,47.7107360047128],[-122.299520476598,47.7120298439744],[-122.299511974189,47.7120442524086],[-122.299463592656,47.7121260470121],[-122.299076848011,47.7127800203327],[-122.298952688106,47.7129899621715],[-122.298827597325,47.7132014811233],[-122.298741366211,47.7133472896063],[-122.298345769822,47.7140161911954],[-122.298274916573,47.7141359913654],[-122.298229726513,47.7142124070741],[-122.298184525988,47.714288834592],[-122.297951102471,47.7146835131258],[-122.297936715235,47.7147078404078],[-122.297920933407,47.7147345209542],[-122.297448902587,47.7155326167621],[-122.297400774525,47.7156139861258],[-122.297352641286,47.7156953663286],[-122.297270213971,47.7158347313017],[-122.297200671412,47.7159523071911],[-122.296653485048,47.7168774255275],[-122.296339933497,47.7174073979086],[-122.296312494477,47.7174538317731],[-122.29626102879,47.7175409225744],[-122.296201358433,47.7176417996671],[-122.29626177966,47.7176951891476],[-122.296301149652,47.7177671374803],[-122.29633696477,47.7178830514855],[-122.296317799167,47.7191750370614],[-122.296317252715,47.7192026733608],[-122.296313995506,47.7192848914356],[-122.296315002415,47.7193675189924],[-122.296334924147,47.7210105659049],[-122.296336042928,47.7210924300616],[-122.296348013494,47.7220552379796],[-122.296358518169,47.7229000511948],[-122.29637022169,47.7238021118557],[-122.296373438766,47.7240500828087],[-122.29638192389,47.7247042057773],[-122.29640483179,47.7265106974317],[-122.296425863496,47.7279079258397],[-122.296383997142,47.7279095307529],[-122.294993729154,47.7279628302686],[-122.294941084761,47.7279654984693],[-122.294888616639,47.7279694553056],[-122.294836400707,47.7279746980056],[-122.294790414322,47.7279804716778],[-122.294732978852,47.7279889981684],[-122.294670996738,47.7280001773206],[-122.294388456913,47.7280570920101],[-122.294348277246,47.7280651948301],[-122.293626703521,47.7282107025264],[-122.293384213793,47.7282595740685],[-122.293332345993,47.7282689614481],[-122.293286283936,47.7282758518741],[-122.293239841002,47.7282814787284],[-122.293193100711,47.7282858247486],[-122.293146137577,47.7282888844828],[-122.293099027552,47.7282906560589],[-122.293051850459,47.7282911330576],[-122.292453517917,47.7282889994116],[-122.292250178247,47.7282882731599],[-122.292257668646,47.7285116447156],[-122.292265260437,47.7287380052239],[-122.292279666528,47.7291676076044],[-122.292311405469,47.7301139437997],[-122.292314381883,47.7302028198398],[-122.292370355857,47.7318716403588],[-122.292372746128,47.7319429278233],[-122.292374951472,47.7320087265293],[-122.292431061833,47.7336815015635],[-122.292433451494,47.7337528088202],[-122.292307769182,47.7337518050177],[-122.291096888494,47.7337422409281],[-122.289754994984,47.7337434021743],[-122.288443410027,47.7337434143147]]]},"properties":{"beat":"L3","first_precinct":"N","sector":"L"}},{"type":"Feature","geometry":{"type":"Polygon","coordinates":[[[-122.338903694202,47.609285142681],[-122.337995359398,47.6082921650427],[-122.337609080748,47.6078699474765],[-122.337086797675,47.6072990585449],[-122.336521534834,47.606681257442],[-122.336434188117,47.6065857907085],[-122.33754426984,47.6061217584511],[-122.337709449269,47.6060525123096],[-122.338071993366,47.6059005232149],[-122.33813289427,47.6058749920108],[-122.33865392696,47.6056570568044],[-122.338715475558,47.6056311271807],[-122.3389948865,47.6055134125662],[-122.339238342998,47.6054108439647],[-122.339335381548,47.6053699614477],[-122.339409700545,47.6053382821257],[-122.339456402243,47.6053189754311],[-122.339500980469,47.6052993774661],[-122.339570498969,47.6052690435288],[-122.339673367341,47.6052229260763],[-122.339719579736,47.6052022088641],[-122.339772566611,47.6051784539157],[-122.339228400185,47.6046269758729],[-122.339090957141,47.6044876840265],[-122.339213242308,47.6044828026836],[-122.339248242238,47.604497802817],[-122.339297242156,47.6045458024236],[-122.339335243205,47.6046218031059],[-122.339375242913,47.6046218026049],[-122.340268243344,47.6046218010738],[-122.340585242601,47.6046718007934],[-122.340935243893,47.6050217996242],[-122.339835245254,47.6051218014372],[-122.340035246126,47.6053218009078],[-122.341735245077,47.6052217985527],[-122.341443242664,47.6047017996089],[-122.341394242668,47.6046137997454],[-122.341344242266,47.6045267999946],[-122.341849406192,47.6044235858756],[-122.342039241156,47.6043847982449],[-122.34291823998,47.6041327971787],[-122.345441295158,47.6031747174212],[-122.349874837957,47.6076261895531],[-122.351254130597,47.6090108906581],[-122.351353131492,47.6090618904476],[-122.349880262549,47.609080784097],[-122.347584266761,47.6091003873019],[-122.347453148168,47.6091057054183],[-122.346979764503,47.6094647889014],[-122.346425266783,47.609887789509],[-122.346300565706,47.6099939743692],[-122.346167710547,47.6100943462588],[-122.346100344638,47.6101452323701],[-122.345674476204,47.6104669167618],[-122.345624619194,47.6105045767893],[-122.345543105032,47.6105759997873],[-122.345467102087,47.6106356077658],[-122.345430641211,47.6106642033267],[-122.345325638185,47.6107437766043],[-122.345244503859,47.6108071005332],[-122.345207078353,47.6108360659816],[-122.345144435197,47.6108845461649],[-122.344819405061,47.6111360896839],[-122.34477198482,47.611172770562],[-122.34443251397,47.611435119242],[-122.34391211388,47.6118372879435],[-122.343052604452,47.6125019016836],[-122.342192705944,47.6131668322522],[-122.341148691087,47.6125494784826],[-122.340938351526,47.6124250956998],[-122.340892455481,47.6123980254688],[-122.339591914187,47.6116291353071],[-122.339418067694,47.6115262846764],[-122.338798506535,47.6108489891994],[-122.338701509139,47.6107429508982],[-122.33883857337,47.6106856640129],[-122.339169991399,47.6105470443087],[-122.339812456815,47.6102783210501],[-122.339435192923,47.6098660188035],[-122.338903694202,47.609285142681]]]},"properties":{"beat":"M1","first_precinct":"W","sector":"M"}},{"type":"Feature","geometry":{"type":"Polygon","coordinates":[[[-122.333166747221,47.6148212413648],[-122.332950313353,47.6145210608541],[-122.332913510405,47.6145364550391],[-122.332721383094,47.614616820739],[-122.331840399899,47.6149853228724],[-122.331800232048,47.6150021176063],[-122.331428171787,47.6151576815738],[-122.330729695138,47.6154497182547],[-122.329832050827,47.6158251140706],[-122.32961975877,47.6159138918161],[-122.329247884684,47.6160695287972],[-122.329050017037,47.6161523403661],[-122.329294853696,47.6155563981166],[-122.329407911427,47.615257403726],[-122.329524118156,47.6149500752243],[-122.329689544524,47.6145125397816],[-122.329733808175,47.61436059255],[-122.330187455019,47.6133142863616],[-122.330310815617,47.613029754227],[-122.330364374084,47.6128596751913],[-122.330394110817,47.6127984552364],[-122.330671101465,47.6120292719788],[-122.330953193791,47.6112458987446],[-122.331096919792,47.61084676198],[-122.331101658943,47.6108224695734],[-122.331224716337,47.6109540510112],[-122.331297107711,47.6110363935984],[-122.331333811379,47.6110730722956],[-122.331423385842,47.6111677084327],[-122.331583656664,47.6113470419185],[-122.331616206571,47.611259133698],[-122.331629148155,47.6112235133586],[-122.331642775121,47.611186008311],[-122.331671090752,47.611118395197],[-122.331680652874,47.6110955604921],[-122.331708988364,47.6110529867827],[-122.331730545023,47.6110205977271],[-122.33183723418,47.6109096898352],[-122.332010693841,47.6108255815672],[-122.332057560083,47.6108028564367],[-122.332446723791,47.6106141542815],[-122.332563667214,47.6107420859852],[-122.333353806697,47.6116063497652],[-122.333734794318,47.6120231826997],[-122.334217103755,47.6125508798958],[-122.334232793139,47.6125680452888],[-122.334262399852,47.6126004382964],[-122.335373137012,47.6121364583658],[-122.336308212351,47.611745495094],[-122.336483966199,47.6116720100109],[-122.336503457924,47.6116638368702],[-122.337016767254,47.6114485696564],[-122.337048869336,47.6114351074063],[-122.337591982009,47.6112073727322],[-122.33776884993,47.6111333410185],[-122.338301121326,47.6109105456255],[-122.338468114637,47.6108406457602],[-122.338599172668,47.6107857874966],[-122.338701509139,47.6107429508982],[-122.338798506535,47.6108489891994],[-122.339418067694,47.6115262846764],[-122.339591914187,47.6116291353071],[-122.340892455481,47.6123980254688],[-122.340938351526,47.6124250956998],[-122.341148691087,47.6125494784826],[-122.342192705944,47.6131668322522],[-122.341537733307,47.6136730622398],[-122.341442925023,47.6137463388226],[-122.341401084331,47.6137786774367],[-122.34136802319,47.61380422998],[-122.341333145455,47.613831186588],[-122.341191970447,47.6139403205],[-122.340523303317,47.6144572152878],[-122.340503147209,47.6144730562861],[-122.340473669149,47.6144955698999],[-122.340458583887,47.6145072523066],[-122.339614348628,47.6151601575658],[-122.339056282251,47.6148301518079],[-122.338314342937,47.6143914034307],[-122.33799521313,47.6146381050412],[-122.337744567772,47.6148318633893],[-122.337525593553,47.6150014789466],[-122.337454228884,47.6150567568052],[-122.337274584656,47.6151957142113],[-122.336595221613,47.6157212017441],[-122.335788476102,47.6163446816535],[-122.335735807526,47.6163853969784],[-122.334436320026,47.6156164796297],[-122.334033887521,47.615378408292],[-122.333183372992,47.6148319254846],[-122.333166747221,47.6148212413648]]]},"properties":{"beat":"M2","first_precinct":"W","sector":"M"}},{"type":"Feature","geometry":{"type":"Polygon","coordinates":[[[-122.330882601195,47.6109563787793],[-122.330964550407,47.61068267781],[-122.331030280292,47.6103427731359],[-122.331042059585,47.6101401731367],[-122.331052810865,47.6099018605554],[-122.331047054841,47.6098003724389],[-122.331034927782,47.6095865181506],[-122.330954751962,47.6092481794412],[-122.330839122368,47.6089317008602],[-122.331007432781,47.6088594700685],[-122.331050689517,47.6088409355362],[-122.33116690761,47.6087908647008],[-122.331213358872,47.6087714280282],[-122.331419957002,47.6086843888163],[-122.331995363307,47.6084435648319],[-122.333103869991,47.6079794582602],[-122.333535427353,47.6077988060861],[-122.333834060972,47.607673807974],[-122.334213453964,47.607515004355],[-122.334550227678,47.6073740468378],[-122.335227884851,47.6070904048182],[-122.33529383542,47.6070627996898],[-122.335323718644,47.6070502910832],[-122.335415382613,47.6070119496667],[-122.336251667433,47.6066621388262],[-122.336434188117,47.6065857907085],[-122.336521534834,47.606681257442],[-122.337086797675,47.6072990585449],[-122.337609080748,47.6078699474765],[-122.337995359398,47.6082921650427],[-122.338903694202,47.609285142681],[-122.339435192923,47.6098660188035],[-122.339812456815,47.6102783210501],[-122.339169991399,47.6105470443087],[-122.33883857337,47.6106856640129],[-122.338701509139,47.6107429508982],[-122.338599172668,47.6107857874966],[-122.338468114637,47.6108406457602],[-122.338301121326,47.6109105456255],[-122.33776884993,47.6111333410185],[-122.337591982009,47.6112073727322],[-122.337048869336,47.6114351074063],[-122.337016767254,47.6114485696564],[-122.336503457924,47.6116638368702],[-122.336483966199,47.6116720100109],[-122.336308212351,47.611745495094],[-122.335373137012,47.6121364583658],[-122.334262399852,47.6126004382964],[-122.334232793139,47.6125680452888],[-122.334217103755,47.6125508798958],[-122.333734794318,47.6120231826997],[-122.333353806697,47.6116063497652],[-122.332563667214,47.6107420859852],[-122.332446723791,47.6106141542815],[-122.332057560083,47.6108028564367],[-122.332010693841,47.6108255815672],[-122.33183723418,47.6109096898352],[-122.331730545023,47.6110205977271],[-122.331708988364,47.6110529867827],[-122.331680652874,47.6110955604921],[-122.331671090752,47.611118395197],[-122.331642775121,47.611186008311],[-122.331629148155,47.6112235133586],[-122.331616206571,47.611259133698],[-122.331583656664,47.6113470419185],[-122.331423385842,47.6111677084327],[-122.331333811379,47.6110730722956],[-122.331297107711,47.6110363935984],[-122.331224716337,47.6109540510112],[-122.331101658943,47.6108224695734],[-122.331096919792,47.61084676198],[-122.330953193791,47.6112458987446],[-122.330671101465,47.6120292719788],[-122.330394110817,47.6127984552364],[-122.330364374084,47.6128596751913],[-122.330271448559,47.6128996437403],[-122.330158803179,47.6129453673069],[-122.330525108268,47.6118700669989],[-122.330533461453,47.6118456506032],[-122.330759008074,47.6112926016525],[-122.330807641744,47.6111733493117],[-122.330882601195,47.6109563787793]]]},"properties":{"beat":"M3","first_precinct":"W","sector":"M"}},{"type":"Feature","geometry":{"type":"Polygon","coordinates":[[[-122.397339109015,47.6647280884356],[-122.393680505652,47.6636816797731],[-122.392598923414,47.6639911014722],[-122.392509507056,47.6640166809056],[-122.392221494864,47.6639778352691],[-122.391218506484,47.6638406833962],[-122.391045506062,47.6638116841843],[-122.390663505123,47.663748685014],[-122.390113505629,47.6636596859933],[-122.387438502749,47.6632216915085],[-122.38601788385,47.6625870340251],[-122.380399489176,47.6600767057188],[-122.376223912204,47.6593549608464],[-122.376223366611,47.65839902845],[-122.376223181373,47.6580736603218],[-122.376223069762,47.6578788633487],[-122.376222869198,47.6575266427651],[-122.37622214411,47.6562557632385],[-122.376222496163,47.6559596253488],[-122.376222890253,47.655627979915],[-122.376223142103,47.6554167159149],[-122.376223306521,47.6553467477974],[-122.376223243489,47.6553307156824],[-122.376223359914,47.6552548233393],[-122.376218059369,47.65487661082],[-122.376218242024,47.6548405472092],[-122.376218181478,47.6547480134535],[-122.376218123036,47.6546586463198],[-122.376218060584,47.6545651958799],[-122.376218000355,47.6544726279335],[-122.376217979048,47.6544388889962],[-122.376217944739,47.6543882014558],[-122.376217832501,47.6542169816216],[-122.376217766842,47.6541170521839],[-122.376217746107,47.6540873255291],[-122.376217035113,47.6540633225916],[-122.376215547742,47.654015177262],[-122.376214873516,47.6539933553969],[-122.376214504562,47.653915329438],[-122.376212468522,47.6534833997402],[-122.376211222394,47.6530562821798],[-122.376209946228,47.6525961175977],[-122.376209486986,47.652430566442],[-122.37620626133,47.6521680686772],[-122.376248226289,47.6513958285901],[-122.376257684979,47.651221773012],[-122.376267048665,47.6510494531798],[-122.376305548251,47.6503409393525],[-122.3763781245,47.6485862067193],[-122.376382818905,47.6484727158019],[-122.376349709795,47.6465584898568],[-122.376312017148,47.6461683419477],[-122.376240549437,47.6454285837346],[-122.376233031327,47.6453507661808],[-122.376213160928,47.6451450870097],[-122.376176888132,47.6447696123713],[-122.376169703495,47.6429436634575],[-122.376169562779,47.642911955662],[-122.376167511058,47.6424486914666],[-122.376160076744,47.6407694553721],[-122.376159676963,47.6406789880944],[-122.376153798801,47.6395936481822],[-122.376148598328,47.6386328582493],[-122.376144883481,47.6377032063999],[-122.376140946876,47.636719053322],[-122.376138002046,47.6359828410831],[-122.37613788357,47.635953048265],[-122.376136311367,47.6355223067406],[-122.376133750658,47.6348221909132],[-122.376131652642,47.6342477768246],[-122.376169844884,47.6337988638632],[-122.376176854407,47.6335986067089],[-122.376195353032,47.6334990499369],[-122.376188034754,47.6333961879198],[-122.376183699816,47.6333352553159],[-122.376179125167,47.6332480256481],[-122.376172775463,47.6332146936214],[-122.376157331899,47.6331342162505],[-122.376136488633,47.6330448923535],[-122.376119579422,47.6329820790367],[-122.376090160957,47.6328988933879],[-122.376082711207,47.6328778281538],[-122.376041100531,47.6327826215109],[-122.375998829762,47.6326984045287],[-122.375991458787,47.6326837174082],[-122.375893675124,47.6325360118974],[-122.375874536261,47.6325127948308],[-122.375820221993,47.6324469096557],[-122.375747037919,47.6323620697091],[-122.375695905527,47.6323029406727],[-122.375665748785,47.6322680689779],[-122.375652198797,47.6322524004092],[-122.375617154757,47.632224789158],[-122.37479063274,47.6315735647595],[-122.374662896413,47.631472917998],[-122.374626051378,47.6314437331216],[-122.373246280333,47.6303507792462],[-122.373169016093,47.6302895736843],[-122.37314803874,47.630273010331],[-122.37230828101,47.6296099378776],[-122.371090239993,47.6286571996143],[-122.371002950461,47.6285889212597],[-122.370987256376,47.6285762273737],[-122.370363277032,47.6280715210177],[-122.370170693077,47.6279157466837],[-122.36977305556,47.6276273640849],[-122.369652207661,47.6275397191774],[-122.368915839194,47.6270056608035],[-122.368579197174,47.6267615031626],[-122.368411680895,47.6266280752748],[-122.368356997976,47.6265845201719],[-122.369016522276,47.6261772307471],[-122.36920420857,47.6261127948511],[-122.369245338576,47.6260747438569],[-122.36935333811,47.6259947436838],[-122.369468337224,47.6259627442043],[-122.369485337166,47.6259517436689],[-122.369759835971,47.6257757441801],[-122.37055333437,47.6252407428965],[-122.370630732471,47.6251854857732],[-122.370779334348,47.6251297418072],[-122.371158333379,47.6251037416314],[-122.37125733384,47.6250977412663],[-122.372150400525,47.6245659459215],[-122.376285880589,47.622103155368],[-122.379854996963,47.6239710368919],[-122.387726889562,47.6253131416949],[-122.389746167276,47.6256568547438],[-122.393660893035,47.6266921346285],[-122.398644172531,47.6280098465051],[-122.398947898609,47.6280891281882],[-122.40601917682,47.6299468394031],[-122.408668180126,47.6314438370923],[-122.416391920276,47.6358091054908],[-122.417643191075,47.6365158274191],[-122.420518199342,47.6399688238035],[-122.421759203659,47.6419378219312],[-122.422389947913,47.6450000933226],[-122.422516211561,47.6456108194617],[-122.423017218473,47.6483908187744],[-122.42438796257,47.6499040884065],[-122.425430224141,47.6510538156681],[-122.431580233868,47.655178808198],[-122.431916233293,47.6553848081117],[-122.438729239414,47.6578867998312],[-122.441230245352,47.6608347970687],[-122.44010525425,47.664202796572],[-122.436978258228,47.6659717987571],[-122.431233014517,47.6673570711464],[-122.425242273922,47.6732748061871],[-122.419547286631,47.6788998097871],[-122.414257559285,47.6756926329022],[-122.41349955612,47.6752326341333],[-122.411086549435,47.6737686402651],[-122.408383542998,47.672129646562],[-122.408038541263,47.6719206473764],[-122.406671536342,47.6707456502209],[-122.406714535535,47.6703676508318],[-122.406025529628,47.6690336532166],[-122.405714527123,47.6685816539556],[-122.4053335249,47.6680276544637],[-122.40434852112,47.6671736577566],[-122.403640846448,47.6667278348811],[-122.403621519263,47.6667156586325],[-122.403512517975,47.6666616589787],[-122.402730516211,47.6662746613276],[-122.40204451601,47.6660736620778],[-122.402001775583,47.6660614409548],[-122.397339109015,47.6647280884356]]]},"properties":{"beat":"Q1","first_precinct":"W","sector":"Q"}},{"type":"Feature","geometry":{"type":"Polygon","coordinates":[[[-122.319998198206,47.5830138894129],[-122.319878716981,47.5825631638481],[-122.319400528191,47.5807591871979],[-122.31934570497,47.5805152298509],[-122.319317959257,47.58039176354],[-122.319278022129,47.5801149550845],[-122.319262297528,47.5795639445384],[-122.319261817001,47.5795471075085],[-122.319293773072,47.5789830980607],[-122.319300683432,47.5789294641586],[-122.319347706833,47.5785692846678],[-122.319410081476,47.5782879267633],[-122.319526388238,47.5777891274664],[-122.319533717791,47.5777576921239],[-122.319613308479,47.5774254280084],[-122.319647677985,47.5772689404428],[-122.319669421116,47.577175690131],[-122.319795380711,47.5766354670319],[-122.3198355258,47.576358563682],[-122.319874898571,47.5760545769919],[-122.319894115513,47.5759648420208],[-122.319953412545,47.5748775926457],[-122.319988110924,47.5743476951071],[-122.32006849216,47.5730985657069],[-122.320088868237,47.5724397862666],[-122.320094037559,47.5723167596962],[-122.320155118017,47.5718243634854],[-122.320167328182,47.5717067702163],[-122.320226791899,47.5706882508937],[-122.320282526587,47.5702448684132],[-122.32037259465,47.5695283412186],[-122.320391481367,47.5693780930662],[-122.32041612602,47.5691820291532],[-122.320421512279,47.5691474462356],[-122.320503726775,47.5686196437099],[-122.320816835296,47.5672072537259],[-122.320938377612,47.5666589712844],[-122.320956118931,47.5665564782636],[-122.321950980076,47.5619254245199],[-122.322035745135,47.5614681261115],[-122.322099628036,47.5608676706091],[-122.322062985117,47.5604404202047],[-122.322061416297,47.5604221274699],[-122.322044739634,47.5602276783182],[-122.322012228613,47.5600455839075],[-122.321940493197,47.5596437813906],[-122.321926998008,47.5596011287683],[-122.321784087316,47.5591494691375],[-122.321767657445,47.5591083806574],[-122.321742485164,47.5590454256722],[-122.321742233363,47.5590299170634],[-122.32157671314,47.5586308212542],[-122.321541752816,47.5585433838573],[-122.321489417059,47.5584124899581],[-122.321434845327,47.5583139409524],[-122.3213593261,47.5581775633276],[-122.321281701121,47.5580373809003],[-122.321099042432,47.5577730709586],[-122.320915115235,47.5574643260265],[-122.319948940698,47.5561638781889],[-122.319879407085,47.5560702848944],[-122.319481932126,47.5555643048978],[-122.319230061646,47.5551749541147],[-122.319116354823,47.5549946437187],[-122.319048983429,47.5548878073888],[-122.319039663559,47.5548730272439],[-122.31879450469,47.5544842598597],[-122.318234896642,47.5535178967399],[-122.318201376853,47.5534606312622],[-122.318290283505,47.5534605528987],[-122.318444922273,47.5534611242744],[-122.318575219378,47.5534635752304],[-122.318634846085,47.5534644828307],[-122.318704437854,47.5534643155897],[-122.319029363544,47.5534625482543],[-122.319082614658,47.5534609031114],[-122.319220214074,47.5534566511739],[-122.319254991487,47.5534517506837],[-122.319372173443,47.5534220844407],[-122.31947360532,47.5533807636091],[-122.319505565111,47.5533681650734],[-122.319525958635,47.5533594376317],[-122.319546389499,47.5533420518947],[-122.319578880661,47.5533144049858],[-122.319649302641,47.5532544799067],[-122.319693242037,47.5531681612211],[-122.320111530706,47.5536595184117],[-122.320142148536,47.5536954853682],[-122.321602405763,47.5538476614814],[-122.321595902628,47.5538327906814],[-122.321460322938,47.5536605388481],[-122.321344409243,47.553563575616],[-122.32132949652,47.5535511016932],[-122.321164845982,47.5534497672956],[-122.321064213689,47.5533878332232],[-122.321004404157,47.5533510233232],[-122.321032183399,47.5533511887012],[-122.321146726744,47.553351870067],[-122.321402009758,47.5533533887761],[-122.321525040595,47.553355234284],[-122.321677025697,47.55335502276],[-122.321975028201,47.5533567922352],[-122.322043589152,47.5533571996019],[-122.323566356046,47.5533662292551],[-122.323612210958,47.5533665033603],[-122.323769410605,47.5533673595709],[-122.32388564699,47.5533679916879],[-122.323908556167,47.5533681167735],[-122.325391902457,47.5533762679348],[-122.326122773692,47.553380275265],[-122.326875383323,47.5533843961788],[-122.326869436387,47.5526470402467],[-122.326863810747,47.5519491107737],[-122.326863084727,47.5518590399501],[-122.328345150141,47.5518679892896],[-122.32896572871,47.5518717302781],[-122.329489739534,47.5518748876956],[-122.329564916141,47.5518753365578],[-122.330587828153,47.5518814929411],[-122.330947551855,47.5518836554733],[-122.332404866415,47.5518924066287],[-122.333677357476,47.5519000336304],[-122.334121010073,47.5519026885034],[-122.334144749687,47.5519028302396],[-122.334216048306,47.551903257064],[-122.334511340171,47.5519052731595],[-122.336150760895,47.551916450445],[-122.336220793316,47.5519169269394],[-122.336052992111,47.5515825226145],[-122.336038923863,47.5515562187205],[-122.33585107593,47.551207626048],[-122.335659724344,47.5508410359482],[-122.335644150727,47.550811406262],[-122.335498039345,47.5505334276732],[-122.335479093118,47.5504973815488],[-122.335301426662,47.5501593678455],[-122.335275376597,47.5501098026835],[-122.335263236617,47.5500867046177],[-122.334421548671,47.5484852788552],[-122.33435725535,47.5483629481616],[-122.334339700964,47.5483295445285],[-122.334309131865,47.5482713837152],[-122.334292356522,47.5482397905953],[-122.334235278253,47.5481322908634],[-122.33416792299,47.5480054367951],[-122.334128238309,47.5477556473925],[-122.334103022108,47.5475577839607],[-122.33410454718,47.5474888178018],[-122.334105359874,47.5474520400575],[-122.334107259433,47.5473661392148],[-122.334104939092,47.5471378095537],[-122.334100786476,47.5467292710594],[-122.334089400111,47.5456087805108],[-122.334093797133,47.5455897469967],[-122.334086391267,47.5453545143244],[-122.334108586181,47.5448566826675],[-122.334111285485,47.5447961501262],[-122.334133463295,47.5445772954796],[-122.334164042084,47.544448617321],[-122.334170605151,47.5444217600856],[-122.334197768161,47.5443011182516],[-122.334206175374,47.5442506021347],[-122.334213754954,47.54420912992],[-122.334232188142,47.54408625629],[-122.334254240897,47.5440010329602],[-122.334316255823,47.5437258457739],[-122.334332365138,47.5436269171188],[-122.334417405694,47.5432963579754],[-122.334457485505,47.5431899625767],[-122.33455469171,47.5428150862029],[-122.334641345541,47.5424808999105],[-122.334657357938,47.5424229055835],[-122.334663849449,47.5423993922052],[-122.335071967565,47.5426888330256],[-122.335315968772,47.5428618327311],[-122.335561969423,47.5430358319572],[-122.336677972752,47.5438268306109],[-122.337514979752,47.5454118288113],[-122.337719980656,47.5458008278183],[-122.338099984746,47.5465208274677],[-122.340544653495,47.5511345100587],[-122.340585004955,47.5512198220637],[-122.345055040382,47.5591838126574],[-122.34534904564,47.5601708117192],[-122.346478446719,47.5639998576166],[-122.346593450775,47.5643582182865],[-122.346632063973,47.5644878088364],[-122.346646615984,47.5646830512558],[-122.346663890403,47.5647886003435],[-122.346687067458,47.565225808037],[-122.346794074069,47.5666488070454],[-122.346669074857,47.5669048073563],[-122.346546076864,47.567221807827],[-122.346135325507,47.5682845694101],[-122.345744086016,47.5692968075432],[-122.345198035989,47.5707268589697],[-122.345192302614,47.5707418750494],[-122.345161650275,47.5708098785121],[-122.345154990564,47.5708247188879],[-122.345106093344,47.5709538074304],[-122.345052903067,47.5710892458074],[-122.34502209465,47.5711598079973],[-122.344992411769,47.571231046115],[-122.344534538378,47.5712727976852],[-122.344510072177,47.5712757308336],[-122.344016014362,47.5713393593623],[-122.343797456194,47.5713676545101],[-122.343724394309,47.5713768430168],[-122.3436265806,47.5713887460232],[-122.343557964137,47.5713984457273],[-122.343497462819,47.5714062986587],[-122.343197035953,47.5714347290876],[-122.342021686708,47.5715459484139],[-122.34196010985,47.5715499104836],[-122.341391124673,47.5715865239848],[-122.34118800424,47.5715950733928],[-122.340976063633,47.5715978838257],[-122.340091888094,47.5715876743539],[-122.340062660231,47.5715836373887],[-122.340004121185,47.5715861907339],[-122.339818095194,47.5715943051616],[-122.339784208915,47.5715955367886],[-122.339676910513,47.5715999486441],[-122.339652088403,47.5716002882828],[-122.339584811828,47.5715998157271],[-122.339491096072,47.5715991562937],[-122.339463815495,47.571599247779],[-122.339387634426,47.5715988912582],[-122.339306096,47.5715992650579],[-122.339245060748,47.5715998530399],[-122.339184747032,47.5715997414325],[-122.337686171028,47.5715921105888],[-122.337295860296,47.5715903046901],[-122.33725918392,47.571589932481],[-122.337171077463,47.5715894830185],[-122.336921297826,47.5715851243746],[-122.336865026873,47.5715879204895],[-122.33678645216,47.5715844929254],[-122.335679044645,47.5715818588397],[-122.33523789294,47.5715796012123],[-122.334459916203,47.5715783796951],[-122.334194858747,47.5715766403121],[-122.333265728427,47.571577504693],[-122.333137393517,47.5715774100564],[-122.332459095161,47.5715774616591],[-122.332110604141,47.5715774867368],[-122.332069660583,47.5715772023882],[-122.332001313779,47.5715772720223],[-122.331967528959,47.571643003687],[-122.331948183472,47.5717096200615],[-122.331939324348,47.5717239236463],[-122.331700087715,47.5717198400884],[-122.331700235059,47.5721282260521],[-122.331700567591,47.5721474975734],[-122.331697328418,47.5721628506893],[-122.331696660381,47.5734230737279],[-122.331453252014,47.5735637410794],[-122.331453447428,47.5736668263912],[-122.331453511216,47.5737007407745],[-122.33145317441,47.5743779188762],[-122.331696287172,47.5743852149161],[-122.331695121696,47.5747021046334],[-122.331702985316,47.5749753730236],[-122.331768800752,47.5752970845258],[-122.331833066123,47.5755243485773],[-122.331837503354,47.5755400404419],[-122.331843845434,47.5755624686586],[-122.33198261727,47.5759886310896],[-122.332015077432,47.5768356557562],[-122.332011868002,47.5786891598082],[-122.331980741858,47.5798132912028],[-122.331940140953,47.5798132190122],[-122.330335876336,47.5798103624011],[-122.329988275724,47.5798097406023],[-122.329056505289,47.5798094510065],[-122.328434235525,47.5798094338529],[-122.327663569133,47.5798094058311],[-122.327623132522,47.579809404608],[-122.32751648882,47.57980940067],[-122.327395927467,47.5798093950636],[-122.326746375489,47.5798093654639],[-122.326372512884,47.5798093464746],[-122.325976674316,47.5798093250311],[-122.325333884654,47.5798088333651],[-122.325206877787,47.5798087354787],[-122.324533707794,47.5798066928893],[-122.324437128742,47.5798068734479],[-122.323920608547,47.5798078352186],[-122.323666709768,47.5798083075466],[-122.323565640128,47.579808461652],[-122.323504950754,47.5798085543359],[-122.322896301002,47.5798104199929],[-122.32139775649,47.579807812128],[-122.321396971038,47.5810396704876],[-122.319939177649,47.5810357144594],[-122.320042454517,47.5816924077142],[-122.320069903134,47.5818669375642],[-122.320248856639,47.5830047740579],[-122.320185146437,47.583009839652],[-122.320097147221,47.5830038400364],[-122.319998198206,47.5830138894129]]]},"properties":{"beat":"O2","first_precinct":"S","sector":"O"}},{"type":"Feature","geometry":{"type":"Polygon","coordinates":[[[-122.299675664686,47.5536428145669],[-122.299536164412,47.5536357179736],[-122.299492112719,47.5536362862073],[-122.299431069734,47.5536370735877],[-122.299408332104,47.5536406800975],[-122.299381189015,47.5536449848403],[-122.29935780313,47.5536486941593],[-122.299339739981,47.5536582344056],[-122.299316283345,47.553670668059],[-122.299285739141,47.5537030023305],[-122.299274169388,47.5537383934149],[-122.296878753883,47.5535912887505],[-122.2954277066,47.5535548798529],[-122.294218948454,47.5535245442579],[-122.294117775149,47.5535220032696],[-122.293581273123,47.5535085309761],[-122.293375353543,47.5535033596315],[-122.292674935252,47.5534857668644],[-122.291557883717,47.5534576997994],[-122.290459730813,47.5534527978624],[-122.290436820795,47.5534528243769],[-122.289395027413,47.55345404459],[-122.289234814153,47.5534542310804],[-122.289136626949,47.5534586202048],[-122.289115790472,47.553451628214],[-122.288914708866,47.5530259674996],[-122.288808528765,47.552827632502],[-122.288751807102,47.5527120011384],[-122.288648840979,47.5525020937983],[-122.288447948696,47.5520925516338],[-122.288387082652,47.5519748240249],[-122.2880057454,47.5512372215764],[-122.287759828628,47.5506965848443],[-122.287426131697,47.5499629508866],[-122.287345524316,47.5497857339207],[-122.287332284357,47.5497582091659],[-122.28729594588,47.5496832391217],[-122.286526496416,47.5480957282023],[-122.286473430964,47.5479862410148],[-122.285538828182,47.5460578468125],[-122.28519458751,47.5453288020096],[-122.284848286559,47.5445953718728],[-122.28484121414,47.5445803921424],[-122.284682347818,47.5442652742392],[-122.284499536805,47.5439026545814],[-122.284487456628,47.5438786915238],[-122.284245830239,47.5433528204704],[-122.284169146795,47.5431958130564],[-122.28381304121,47.5424547264825],[-122.282962554986,47.5406976495156],[-122.282955338117,47.5406829306081],[-122.2820740256,47.5388852472341],[-122.281466683479,47.5376027525848],[-122.28118727861,47.5370478432691],[-122.281072183342,47.5367842489125],[-122.281029050913,47.536674138138],[-122.280943946109,47.5364568740361],[-122.280911567208,47.5363586034562],[-122.280878059405,47.53624240479],[-122.280858367398,47.5361520365592],[-122.280814730022,47.5359517880412],[-122.280766260612,47.5356702514174],[-122.280752704913,47.5354059956899],[-122.28073282829,47.5341539416613],[-122.280720453323,47.5333743413234],[-122.280710138432,47.5327244734992],[-122.280707560208,47.5325620589388],[-122.280701288048,47.5321668784638],[-122.280691324454,47.5315391596425],[-122.280689885487,47.5314516220096],[-122.280664898455,47.5299313184592],[-122.280646875386,47.5297333578737],[-122.280640292933,47.5296610538678],[-122.280645453469,47.5295461347981],[-122.280620520755,47.5294438659893],[-122.280589379942,47.5292082471564],[-122.280523747297,47.5289476333853],[-122.280429691482,47.5286986931561],[-122.280217085469,47.5282151779538],[-122.28004784892,47.5278847738481],[-122.280040146302,47.5278697353205],[-122.279142905459,47.5261179599176],[-122.279077403539,47.5259900702589],[-122.27904673153,47.5259086350938],[-122.279006754614,47.5258024921682],[-122.278992325561,47.5257641829515],[-122.278969742891,47.5257042243482],[-122.278956832117,47.5256699430918],[-122.278951115273,47.5256537394405],[-122.278932306841,47.525600421303],[-122.278918556643,47.5255614440358],[-122.278897498224,47.525501750297],[-122.278884698061,47.5254654678232],[-122.278868496141,47.5253968467598],[-122.278858277748,47.5253535667563],[-122.278844214262,47.5252939990066],[-122.278827255323,47.5252221661165],[-122.278820521416,47.5251734055119],[-122.278813561493,47.5251230078187],[-122.278804891499,47.5250602264493],[-122.27880232731,47.5250416608192],[-122.278796572405,47.5249810283773],[-122.278790859043,47.5249208398073],[-122.278784721718,47.524856186537],[-122.27878409101,47.524818981856],[-122.278783405787,47.5247785663095],[-122.278782902067,47.5247488617475],[-122.278781718153,47.5246790186506],[-122.278781240451,47.5246508268787],[-122.278781996437,47.5245894908714],[-122.278782898291,47.5245162702389],[-122.278783480909,47.5244689881337],[-122.278795678899,47.5243878386613],[-122.27880469578,47.524327846791],[-122.278807087244,47.5243119312877],[-122.278810999306,47.5242859083616],[-122.278814156731,47.5242649039904],[-122.278816476663,47.5242494742796],[-122.278819691997,47.5242280679513],[-122.278831647255,47.5241814129895],[-122.278838833511,47.5241075663348],[-122.278863525849,47.5240570078734],[-122.279067936832,47.5233653966646],[-122.279082624247,47.523315703147],[-122.279099319748,47.5232592128074],[-122.279107938286,47.5232333809562],[-122.279114995907,47.5232122261814],[-122.279327119109,47.5225763911087],[-122.279536772832,47.521947946615],[-122.279550425333,47.5219065029086],[-122.279569195325,47.5218495236844],[-122.279580652734,47.5218147406462],[-122.279592110102,47.5217799567075],[-122.279603568782,47.5217451727509],[-122.279615026144,47.5217103897092],[-122.279626484794,47.5216756057502],[-122.279637943453,47.5216408226893],[-122.279649402072,47.521606038728],[-122.279660859373,47.5215712556818],[-122.279669409643,47.5215452330362],[-122.27968345422,47.5215016063957],[-122.279694664728,47.5214667851063],[-122.279705873919,47.521431964732],[-122.279717084372,47.5213971425411],[-122.27972829486,47.5213623221478],[-122.279739505308,47.521327500854],[-122.279750715766,47.5212926804584],[-122.279761926184,47.5212578591625],[-122.279773140195,47.5212230243255],[-122.279782899249,47.521192708696],[-122.279791312722,47.5211524768535],[-122.279798679102,47.5211172484062],[-122.279804663259,47.5210886334019],[-122.279813416669,47.5210467743563],[-122.279820852287,47.521011218472],[-122.279828235167,47.5209759160453],[-122.279835612172,47.5209406415802],[-122.279842991399,47.5209053517932],[-122.279850369438,47.5208700674182],[-122.279857748744,47.5208347812274],[-122.279864954449,47.5208003221767],[-122.279872332483,47.5207650386996],[-122.279879715193,47.5207297326725],[-122.279888364108,47.5206883715278],[-122.279901596192,47.5206598423376],[-122.279909334099,47.5206121182504],[-122.279922961708,47.520517690364],[-122.279931984746,47.5204439227779],[-122.279937983996,47.5203864763989],[-122.279941985375,47.5203426960469],[-122.27994719219,47.5202742585912],[-122.27995343177,47.5201591998792],[-122.279929661589,47.5197702048399],[-122.279755554956,47.5190206524784],[-122.279315245797,47.5171249728997],[-122.279311438075,47.5171085803476],[-122.279282493001,47.5169839552891],[-122.279213984747,47.516667900446],[-122.279111051332,47.5160402488404],[-122.278857419112,47.5139972910236],[-122.278802615225,47.513511466994],[-122.278784782119,47.5133850271828],[-122.278723055671,47.512947358468],[-122.278644908687,47.5122760891113],[-122.278620047013,47.5121080280456],[-122.278521914188,47.5110524706387],[-122.278418534199,47.5098877006164],[-122.278404792397,47.5098482401583],[-122.278562861177,47.5098569177571],[-122.278602596062,47.5098578154716],[-122.278643008529,47.5098587288383],[-122.28075902606,47.5099065141116],[-122.281275935386,47.5099181814003],[-122.282461768932,47.5099449381351],[-122.282520691224,47.5099462670467],[-122.282603016373,47.5099481240133],[-122.282781380259,47.5099521476292],[-122.282965702809,47.5099563045133],[-122.28320396159,47.5099616778865],[-122.2833633255,47.5099653161302],[-122.283432775868,47.5100568783027],[-122.283633205959,47.5103211197564],[-122.283674182868,47.5103751417604],[-122.28693374062,47.5146720023686],[-122.287729507879,47.5157208881207],[-122.287987931639,47.5160810327007],[-122.288388752269,47.516745417659],[-122.288415280528,47.5167893911414],[-122.288677190635,47.5172708148839],[-122.289482460652,47.5189199283039],[-122.290625661045,47.5212151065197],[-122.290661158485,47.5212863725499],[-122.290700774265,47.5213659034264],[-122.290759236133,47.5215270722015],[-122.290798319805,47.5216348186033],[-122.291271761366,47.5229399674314],[-122.291272085276,47.5231947360588],[-122.291272137179,47.5232358569708],[-122.291272189234,47.5232769832784],[-122.291272458843,47.5234891682767],[-122.291273384133,47.523684104042],[-122.291273600162,47.5237297154459],[-122.291275466516,47.5241229512757],[-122.291269548947,47.5242352567177],[-122.291275606614,47.5242806051342],[-122.29149266655,47.5242848405564],[-122.291642662635,47.5242879969608],[-122.291691100114,47.5243929899028],[-122.292084787301,47.5252463329328],[-122.293630842818,47.5285972248681],[-122.294014011535,47.5294276288013],[-122.294417572213,47.5303021943005],[-122.294424760795,47.5303169290595],[-122.295056862101,47.53161240876],[-122.295156549831,47.5318005531739],[-122.295719832275,47.5328636352327],[-122.295840418325,47.5330912112825],[-122.296562938482,47.5344547465666],[-122.297007681407,47.5351455708431],[-122.297329559261,47.5355918252417],[-122.297609405597,47.5359181648384],[-122.297865662506,47.5361923611196],[-122.297904422316,47.5362338342045],[-122.298102846154,47.5364145800126],[-122.3004306444,47.5382998974009],[-122.302590337757,47.540048898738],[-122.303970775914,47.5412775050958],[-122.305045451114,47.5423581768283],[-122.307874950531,47.5452581405251],[-122.308073311194,47.5454614254803],[-122.308692072752,47.5460955355471],[-122.308770613973,47.5461760244448],[-122.30879734681,47.546203420241],[-122.308902538116,47.5462979063289],[-122.309297386587,47.5466525681592],[-122.309364308547,47.5467114722555],[-122.30956711255,47.546889977743],[-122.309956691852,47.5471569540323],[-122.310015815797,47.5471959842871],[-122.310083807421,47.5472408681557],[-122.309636335827,47.5472497457048],[-122.308841485046,47.547240864141],[-122.308714588494,47.5471389006728],[-122.308616717924,47.5470613875323],[-122.308548374381,47.5470072594543],[-122.30847138109,47.5469483884513],[-122.308445134533,47.5469283198279],[-122.308402321348,47.5469074352755],[-122.308373886576,47.5468935645149],[-122.30829900505,47.5468856177056],[-122.30822849807,47.5468969771305],[-122.308137672802,47.5469263637396],[-122.307936697963,47.5469809776176],[-122.308332878404,47.5472007426226],[-122.308622605624,47.547361455569],[-122.308752537954,47.5474313979443],[-122.308853423347,47.5474857034596],[-122.308881627328,47.5475008860251],[-122.308806416832,47.5475700739795],[-122.308786847225,47.5475880763104],[-122.308778603742,47.5476027551009],[-122.308774870919,47.5476254456716],[-122.308774467585,47.5476558682877],[-122.308761248427,47.5486513967439],[-122.308749730776,47.5486978857185],[-122.308738000876,47.5487203661411],[-122.30869963664,47.5487648601534],[-122.308693207121,47.5493728413966],[-122.3086907647,47.5496038165033],[-122.308687325482,47.5499289507086],[-122.309276471622,47.5499312124643],[-122.309640285809,47.5499326082621],[-122.309902115152,47.5499336123427],[-122.309898564037,47.5502610961006],[-122.309888010669,47.5512338636383],[-122.309869128572,47.5534280570259],[-122.308027800609,47.5534205413027],[-122.307335356994,47.553405716922],[-122.306933557546,47.5533957316112],[-122.306225895596,47.5533781425851],[-122.30568854838,47.5533647842427],[-122.305117124257,47.5533505763877],[-122.304478233803,47.5533357770481],[-122.304058429085,47.5533260506142],[-122.303990583436,47.55381185893],[-122.303985770449,47.5538463192849],[-122.30289358221,47.5537827314656],[-122.302870757336,47.5537814027838],[-122.30258396576,47.5537703864976],[-122.301593867102,47.5537455977747],[-122.301325410746,47.5537284157978],[-122.300784570211,47.5536994191018],[-122.300426493579,47.5536802191148],[-122.300403646286,47.5536790809439],[-122.300157780805,47.5536668331168],[-122.299796199332,47.5536488197728],[-122.299724865664,47.5536452654624],[-122.299675664686,47.5536428145669]]]},"properties":{"beat":"S1","first_precinct":"S","sector":"S"}},{"type":"Feature","geometry":{"type":"MultiPolygon","coordinates":[[[[-122.309865376248,47.5539063546853],[-122.309869128572,47.5534280570259],[-122.309888010669,47.5512338636383],[-122.309898564037,47.5502610961006],[-122.309902115152,47.5499336123427],[-122.309640285809,47.5499326082621],[-122.309276471622,47.5499312124643],[-122.308687325482,47.5499289507086],[-122.3086907647,47.5496038165033],[-122.308693207121,47.5493728413966],[-122.30869963664,47.5487648601534],[-122.308738000876,47.5487203661411],[-122.308749730776,47.5486978857185],[-122.308761248427,47.5486513967439],[-122.308774467585,47.5476558682877],[-122.308774870919,47.5476254456716],[-122.308778603742,47.5476027551009],[-122.308786847225,47.5475880763104],[-122.308806416832,47.5475700739795],[-122.308881627328,47.5475008860251],[-122.308853423347,47.5474857034596],[-122.308752537954,47.5474313979443],[-122.308622605624,47.547361455569],[-122.308332878404,47.5472007426226],[-122.307936697963,47.5469809776176],[-122.308137672802,47.5469263637396],[-122.30822849807,47.5468969771305],[-122.30829900505,47.5468856177056],[-122.308373886576,47.5468935645149],[-122.308402321348,47.5469074352755],[-122.308445134533,47.5469283198279],[-122.30847138109,47.5469483884513],[-122.308548374381,47.5470072594543],[-122.308616717924,47.5470613875323],[-122.308714588494,47.5471389006728],[-122.308841485046,47.547240864141],[-122.309636335827,47.5472497457048],[-122.310083807421,47.5472408681557],[-122.310015815797,47.5471959842871],[-122.309956691852,47.5471569540323],[-122.30956711255,47.546889977743],[-122.309364308547,47.5467114722555],[-122.309297386587,47.5466525681592],[-122.308902538116,47.5462979063289],[-122.30879734681,47.546203420241],[-122.308770613973,47.5461760244448],[-122.308692072752,47.5460955355471],[-122.308073311194,47.5454614254803],[-122.307874950531,47.5452581405251],[-122.305045451114,47.5423581768283],[-122.303970775914,47.5412775050958],[-122.302590337757,47.540048898738],[-122.3004306444,47.5382998974009],[-122.298102846154,47.5364145800126],[-122.297904422316,47.5362338342045],[-122.297865662506,47.5361923611196],[-122.297609405597,47.5359181648384],[-122.297329559261,47.5355918252417],[-122.297007681407,47.5351455708431],[-122.296562938482,47.5344547465666],[-122.295840418325,47.5330912112825],[-122.295719832275,47.5328636352327],[-122.295156549831,47.5318005531739],[-122.295056862101,47.53161240876],[-122.294424760795,47.5303169290595],[-122.294417572213,47.5303021943005],[-122.294014011535,47.5294276288013],[-122.293630842818,47.5285972248681],[-122.292084787301,47.5252463329328],[-122.291691100114,47.5243929899028],[-122.291642662635,47.5242879969608],[-122.292289575138,47.5243009238127],[-122.29253653335,47.5243058572757],[-122.292725332966,47.5243096284151],[-122.292822439002,47.5243115681593],[-122.292975888488,47.5243146334576],[-122.293033124908,47.5243157763798],[-122.293191533082,47.5243171637889],[-122.293324157048,47.5243202011721],[-122.293399394432,47.5243209074513],[-122.293463970908,47.524321513214],[-122.293592571168,47.5243225752037],[-122.293660703264,47.5243235219773],[-122.293720769657,47.5243242287518],[-122.293821126246,47.5243224446935],[-122.293973066635,47.5243271986044],[-122.295324834101,47.5243524923396],[-122.295529007134,47.5243563110627],[-122.296678052615,47.5243777971964],[-122.296890938869,47.5243817765124],[-122.297417415519,47.5243916162038],[-122.298897147107,47.5244192592091],[-122.299915121094,47.5244382653591],[-122.300756877587,47.5244539738753],[-122.300973327827,47.52445332414],[-122.301287109607,47.5244638658914],[-122.301369728235,47.5244619940129],[-122.301286107453,47.524483361509],[-122.301203285216,47.5245061112073],[-122.301121310311,47.5245302307845],[-122.301040235332,47.5245557015705],[-122.300960101101,47.5245825113453],[-122.300880962843,47.5246106405056],[-122.300802869322,47.5246400758291],[-122.300725859957,47.5246708024151],[-122.300649984486,47.5247027944345],[-122.300575292901,47.524736035051],[-122.300501821916,47.5247705076],[-122.300429624003,47.524806188916],[-122.300358738379,47.5248430569047],[-122.300289205619,47.5248810903536],[-122.300271017731,47.5248915482837],[-122.300221068925,47.524920267117],[-122.300154371476,47.5249605641497],[-122.300089151013,47.5250019539791],[-122.300025449388,47.5250444135771],[-122.299963300487,47.525087920019],[-122.299928090257,47.5251143955493],[-122.299892882596,47.5251408692358],[-122.299861075518,47.5251692520456],[-122.299829268431,47.5251976357459],[-122.299801088552,47.525227722338],[-122.299772906061,47.5252578116552],[-122.299748550776,47.5252893952776],[-122.299724195486,47.5253209797942],[-122.299703836434,47.5253538351356],[-122.299683477382,47.5253866913727],[-122.299667028376,47.5254205397742],[-122.29965398934,47.5254485102463],[-122.299637991769,47.5254890116632],[-122.299628185517,47.5255240202656],[-122.299618380578,47.5255590288499],[-122.299612945455,47.5255944704149],[-122.29960751035,47.5256299128789],[-122.299606481851,47.5256655377604],[-122.299605454679,47.5257011626249],[-122.299608839092,47.5257367215531],[-122.299612223535,47.5257722813805],[-122.299620128828,47.5258219029949],[-122.299630025754,47.5258713612637],[-122.299641901308,47.5259206185712],[-122.299655753156,47.5259696389628],[-122.299671564409,47.526018388471],[-122.299689325968,47.5260668267305],[-122.299709030213,47.5261149187542],[-122.299730653591,47.526162629761],[-122.299971701996,47.5266120174274],[-122.300008927644,47.5266894539923],[-122.300044177006,47.5267673127854],[-122.300077441348,47.5268455669334],[-122.300108713594,47.526924201236],[-122.300137978345,47.5270031880058],[-122.300165229548,47.5270825012341],[-122.300190047793,47.5271560641341],[-122.300213014407,47.5272299028261],[-122.300234131355,47.5273039929964],[-122.300253384871,47.5273783177314],[-122.300270768903,47.5274528510217],[-122.300286280155,47.5275275704204],[-122.300301877603,47.5276069549361],[-122.300319704408,47.5276861244457],[-122.300339767709,47.5277650491692],[-122.300362045462,47.527843700603],[-122.300386540751,47.5279220463205],[-122.300413238294,47.5280000622285],[-122.300442130679,47.5280777205335],[-122.300473211692,47.5281549889288],[-122.300506463374,47.5282318424556],[-122.300541871619,47.5283082516075],[-122.300579432997,47.5283841885392],[-122.300619126739,47.5284596229307],[-122.300660941648,47.5285345342333],[-122.300704859536,47.5286088893948],[-122.300750866423,47.5286826634043],[-122.300798945624,47.5287558294869],[-122.300849075117,47.528828360037],[-122.300901243528,47.5289002282107],[-122.300955432917,47.5289714099479],[-122.301011613272,47.5290418768463],[-122.301069774567,47.5291116029439],[-122.301129888294,47.5291805661162],[-122.301174517691,47.5292260958875],[-122.301220834612,47.5292708445754],[-122.301268811719,47.5293147846434],[-122.301318417639,47.529357886808],[-122.301369622378,47.529400123567],[-122.301422389252,47.5294414657054],[-122.301476684433,47.5294818911682],[-122.301532475298,47.5295213733867],[-122.301589729117,47.5295598821953],[-122.301648401467,47.5295973965754],[-122.3017084611,47.5296338917399],[-122.301769867523,47.5296693448203],[-122.301832580244,47.5297037329481],[-122.30189655744,47.5297370332722],[-122.301961764007,47.5297692255532],[-122.302028148827,47.5298002870603],[-122.302095678223,47.5298302011343],[-122.302164306364,47.5298589440764],[-122.302233985041,47.5298865021143],[-122.302315113384,47.5299191027708],[-122.302397075463,47.5299508370689],[-122.302479856004,47.5299815873564],[-122.302563418927,47.5300113460017],[-122.302647742754,47.5300401051844],[-122.302732808565,47.5300678534525],[-122.302825726214,47.5300929776176],[-122.302917874948,47.5301193755943],[-122.303009209324,47.5301470371772],[-122.303099695772,47.5301759493086],[-122.303189294134,47.5302061008152],[-122.303277972244,47.5302374813203],[-122.303365689765,47.530270073356],[-122.303452407918,47.5303038675305],[-122.303538098392,47.5303388489195],[-122.303622716967,47.5303750037039],[-122.303706235231,47.5304123133622],[-122.303788615704,47.5304507675868],[-122.30386982599,47.5304903479079],[-122.303949832389,47.5305310367721],[-122.304028598621,47.5305728193584],[-122.304106094944,47.5306156771628],[-122.304182290339,47.5306595934971],[-122.304257151002,47.5307045472111],[-122.304311320769,47.5307342389364],[-122.304364106315,47.5307650523708],[-122.304415452389,47.5307969594444],[-122.304465318245,47.5308299283011],[-122.304513651209,47.5308639281388],[-122.304560405223,47.5308989271702],[-122.304605534075,47.5309348882125],[-122.304648997066,47.530971781208],[-122.304690747959,47.5310095680747],[-122.304730755146,47.5310482114404],[-122.304768969859,47.5310876777537],[-122.304805367079,47.5311279277578],[-122.304824206734,47.5311502916595],[-122.304839900489,47.5311689206727],[-122.304872539758,47.5312106173103],[-122.304903258612,47.531252981129],[-122.304932023988,47.5312959702771],[-122.304958809358,47.5313395392199],[-122.304983589802,47.5313836522976],[-122.305006336111,47.5314282631104],[-122.305027033783,47.5314733286664],[-122.305045659047,47.5315188069932],[-122.305062193442,47.5315646560497],[-122.305076622391,47.5316108301458],[-122.30508893134,47.5316572844906],[-122.305099108339,47.5317039724603],[-122.305528875852,47.5317100912386],[-122.307134040465,47.5317225624673],[-122.307785979565,47.5317276014412],[-122.308427959642,47.5317325599671],[-122.30848954669,47.5317330350943],[-122.308583288439,47.5317337592853],[-122.308922032564,47.5317363736583],[-122.30898972586,47.5317368960534],[-122.309302686167,47.5317394114627],[-122.309396617458,47.5317401667056],[-122.309744041894,47.5317429573286],[-122.31138934702,47.5317582626448],[-122.311948212232,47.5317634557842],[-122.313137044806,47.531774493769],[-122.31328296204,47.5317758479302],[-122.313334516813,47.5317821321114],[-122.313561858674,47.5317823388595],[-122.313589279815,47.5317829774664],[-122.31365646225,47.5317845409822],[-122.313753548751,47.5317868006341],[-122.313853642032,47.531780813033],[-122.313948211022,47.5317817037406],[-122.313985531883,47.5317820558101],[-122.314056130428,47.5317827199467],[-122.314157375971,47.5317836737006],[-122.314239670728,47.5317844470641],[-122.314266180222,47.5317846961668],[-122.314336829282,47.5317853612698],[-122.314359864337,47.5317855782746],[-122.314433979897,47.5317862763957],[-122.314478312101,47.5317866934345],[-122.314531134474,47.5317871904873],[-122.31456235277,47.5317874842862],[-122.314628289029,47.5317881035965],[-122.314663596927,47.5317884349085],[-122.314725439629,47.5317890175739],[-122.314764842493,47.5317893881211],[-122.314846883988,47.5317901760422],[-122.314886267166,47.5317905549004],[-122.314968331212,47.5317913415401],[-122.315007695752,47.5317917188001],[-122.315069530978,47.531792271689],[-122.315108874861,47.5317926230948],[-122.315170734809,47.5317932043935],[-122.315210053975,47.5317935740788],[-122.315271936498,47.531794155028],[-122.315311233068,47.5317945240734],[-122.315373140899,47.5317951073362],[-122.315412413595,47.5317954775577],[-122.315474341319,47.5317960596063],[-122.31551359272,47.5317964282714],[-122.315575545701,47.531797010835],[-122.315614769194,47.5317973789297],[-122.315676746078,47.5317979611262],[-122.315715948327,47.5317983294632],[-122.315777950442,47.5317989112754],[-122.315817127439,47.5317992790073],[-122.315879150877,47.5317998631849],[-122.315918307984,47.5318002320412],[-122.315980356627,47.5318008149351],[-122.316019487128,47.5318011823044],[-122.316081557019,47.5318017648658],[-122.316120666276,47.5318021324776],[-122.31618276007,47.5318027146717],[-122.316221846729,47.531803081644],[-122.316283961822,47.5318036653041],[-122.316323021901,47.531804031689],[-122.316385166208,47.5318046149125],[-122.316424202388,47.5318049815745],[-122.316486366691,47.5318055671805],[-122.316525381627,47.5318059340851],[-122.316607811943,47.531806705764],[-122.316646797618,47.5318070712097],[-122.316871906759,47.5318091860581],[-122.316908770583,47.5318095323406],[-122.317026655103,47.5318106396058],[-122.318012485653,47.5318210739035],[-122.318041679387,47.531817767794],[-122.318469720681,47.5318233060608],[-122.318480163692,47.5318095036503],[-122.31847978286,47.5317835559155],[-122.320069923313,47.5326958552212],[-122.327181943499,47.5372268452547],[-122.328385946775,47.5379938430791],[-122.329002948136,47.5383868422169],[-122.334164010376,47.5420459631316],[-122.334246979526,47.5421035964843],[-122.334269965363,47.5421198339974],[-122.334663849449,47.5423993922052],[-122.334657357938,47.5424229055835],[-122.334641345541,47.5424808999105],[-122.33455469171,47.5428150862029],[-122.334457485505,47.5431899625767],[-122.334417405694,47.5432963579754],[-122.334332365138,47.5436269171188],[-122.334316255823,47.5437258457739],[-122.334254240897,47.5440010329602],[-122.334232188142,47.54408625629],[-122.334213754954,47.54420912992],[-122.334206175374,47.5442506021347],[-122.334197768161,47.5443011182516],[-122.334170605151,47.5444217600856],[-122.334164042084,47.544448617321],[-122.334133463295,47.5445772954796],[-122.334111285485,47.5447961501262],[-122.334108586181,47.5448566826675],[-122.334086391267,47.5453545143244],[-122.334093797133,47.5455897469967],[-122.334089400111,47.5456087805108],[-122.334100786476,47.5467292710594],[-122.334104939092,47.5471378095537],[-122.334107259433,47.5473661392148],[-122.334105359874,47.5474520400575],[-122.33410454718,47.5474888178018],[-122.334103022108,47.5475577839607],[-122.334128238309,47.5477556473925],[-122.33416792299,47.5480054367951],[-122.334235278253,47.5481322908634],[-122.334292356522,47.5482397905953],[-122.334309131865,47.5482713837152],[-122.334339700964,47.5483295445285],[-122.33435725535,47.5483629481616],[-122.334421548671,47.5484852788552],[-122.335263236617,47.5500867046177],[-122.335275376597,47.5501098026835],[-122.335301426662,47.5501593678455],[-122.335479093118,47.5504973815488],[-122.335498039345,47.5505334276732],[-122.335644150727,47.550811406262],[-122.335659724344,47.5508410359482],[-122.33585107593,47.551207626048],[-122.336038923863,47.5515562187205],[-122.336052992111,47.5515825226145],[-122.336220793316,47.5519169269394],[-122.336150760895,47.551916450445],[-122.334511340171,47.5519052731595],[-122.334216048306,47.551903257064],[-122.334144749687,47.5519028302396],[-122.334121010073,47.5519026885034],[-122.333677357476,47.5519000336304],[-122.332404866415,47.5518924066287],[-122.330947551855,47.5518836554733],[-122.330587828153,47.5518814929411],[-122.329564916141,47.5518753365578],[-122.329489739534,47.5518748876956],[-122.32896572871,47.5518717302781],[-122.328345150141,47.5518679892896],[-122.326863084727,47.5518590399501],[-122.326863810747,47.5519491107737],[-122.326869436387,47.5526470402467],[-122.326875383323,47.5533843961788],[-122.326122773692,47.553380275265],[-122.325391902457,47.5533762679348],[-122.323908556167,47.5533681167735],[-122.32388564699,47.5533679916879],[-122.323769410605,47.5533673595709],[-122.323612210958,47.5533665033603],[-122.323566356046,47.5533662292551],[-122.322043589152,47.5533571996019],[-122.321975028201,47.5533567922352],[-122.321677025697,47.55335502276],[-122.321525040595,47.553355234284],[-122.321402009758,47.5533533887761],[-122.321146726744,47.553351870067],[-122.321032183399,47.5533511887012],[-122.321004404157,47.5533510233232],[-122.321064213689,47.5533878332232],[-122.321164845982,47.5534497672956],[-122.32132949652,47.5535511016932],[-122.321344409243,47.553563575616],[-122.321460322938,47.5536605388481],[-122.321595902628,47.5538327906814],[-122.321602405763,47.5538476614814],[-122.320142148536,47.5536954853682],[-122.320111530706,47.5536595184117],[-122.319693242037,47.5531681612211],[-122.319649302641,47.5532544799067],[-122.319578880661,47.5533144049858],[-122.319546389499,47.5533420518947],[-122.319525958635,47.5533594376317],[-122.319505565111,47.5533681650734],[-122.31947360532,47.5533807636091],[-122.319372173443,47.5534220844407],[-122.319254991487,47.5534517506837],[-122.319220214074,47.5534566511739],[-122.319082614658,47.5534609031114],[-122.319029363544,47.5534625482543],[-122.318704437854,47.5534643155897],[-122.318634846085,47.5534644828307],[-122.318575219378,47.5534635752304],[-122.318444922273,47.5534611242744],[-122.318290283505,47.5534605528987],[-122.318201376853,47.5534606312622],[-122.318234896642,47.5535178967399],[-122.31879450469,47.5544842598597],[-122.319039663559,47.5548730272439],[-122.318887093923,47.555355347623],[-122.318820117245,47.5556219087796],[-122.318797207089,47.5556220156664],[-122.31840620076,47.5556238286833],[-122.318265441796,47.5556244819323],[-122.317171958535,47.5556295452212],[-122.317110879595,47.555629852253],[-122.316665705446,47.5556320901753],[-122.316121819227,47.5556298431211],[-122.313456428725,47.5556264086944],[-122.310520298947,47.5556085356112],[-122.310527527581,47.554744874526],[-122.310424849275,47.5547444033715],[-122.309858810189,47.5547417819302],[-122.309863942703,47.5540883594599],[-122.309865376248,47.5539063546853]]],[[[-122.283432775868,47.5100568783027],[-122.2833633255,47.5099653161302],[-122.283616030668,47.5099710871295],[-122.283902604224,47.5099776304469],[-122.284422265236,47.5099894929792],[-122.284671032675,47.5099951707102],[-122.284883286578,47.5100000146708],[-122.285103043062,47.5100050295096],[-122.285174622102,47.5100066630436],[-122.285322791625,47.5100100440251],[-122.285538990252,47.5100149775652],[-122.285755783618,47.5100203348952],[-122.285873075023,47.510023232944],[-122.285925947708,47.5100245394089],[-122.285971923335,47.5100256758836],[-122.286049119802,47.5100275833609],[-122.286110351085,47.5100290958812],[-122.286135742093,47.5100297822249],[-122.286211913796,47.5100318412389],[-122.286531151522,47.510037698276],[-122.287502729886,47.5100555173844],[-122.287560852499,47.5100565831449],[-122.289844303907,47.5101131104645],[-122.290049661373,47.5101181915579],[-122.290255037374,47.5101228888137],[-122.291338071222,47.5101476547459],[-122.291332111614,47.5106970381729],[-122.291333366951,47.5108398712011],[-122.291336664705,47.511215115532],[-122.29132927707,47.5116330156928],[-122.291328283332,47.5116989420781],[-122.291327461547,47.511753450343],[-122.291321867811,47.5121244493634],[-122.291320614375,47.5122075830163],[-122.291316490119,47.512481146482],[-122.291309638977,47.5129355238965],[-122.291304658847,47.5132658009817],[-122.291304049062,47.5133062412925],[-122.291302381228,47.5134168153396],[-122.291301680315,47.5135300101011],[-122.291301285106,47.5135938858133],[-122.291301164859,47.5136134203529],[-122.291300885216,47.5136586386948],[-122.291300784593,47.5136748867469],[-122.291300630512,47.5136997635405],[-122.29130034559,47.5137458851477],[-122.291299756047,47.5138412223365],[-122.291299472948,47.513886886924],[-122.291298121198,47.5141055248584],[-122.291293256086,47.5148919170225],[-122.291292473219,47.5150184206067],[-122.291290019204,47.5154150062049],[-122.291286685491,47.5159537694475],[-122.291268906522,47.5165313648883],[-122.291264961518,47.5168890358731],[-122.291263893015,47.5169858635487],[-122.291269779577,47.517937867058],[-122.291272094724,47.5183121650487],[-122.291271023443,47.5184853831228],[-122.291270834552,47.5185159008502],[-122.291270344649,47.5185950529726],[-122.291269978796,47.5186542359999],[-122.291268994119,47.5188133634404],[-122.291268518962,47.518890146729],[-122.291267544601,47.5190476016824],[-122.29126482874,47.5191366203918],[-122.291270927395,47.5191539709487],[-122.291267001122,47.5191911199128],[-122.291267052059,47.5192311145381],[-122.291267089404,47.5192608898914],[-122.291267181715,47.5193329879809],[-122.291267235903,47.5193752828396],[-122.291267391398,47.5194980689325],[-122.291267597929,47.5196608055694],[-122.291267681622,47.5197262332418],[-122.291267975762,47.5199585257618],[-122.291268197669,47.5201332070794],[-122.291268262724,47.5201846741118],[-122.291268720156,47.5205446365499],[-122.291268844541,47.5206422855435],[-122.291269193317,47.5209171733841],[-122.291268383469,47.5209979920728],[-122.291269401789,47.5210816408261],[-122.291269425509,47.5211004835259],[-122.291269724611,47.5213360865089],[-122.291269805406,47.5213996061694],[-122.291269909282,47.5214818506904],[-122.291270007209,47.5215588497251],[-122.291270322336,47.5218074175263],[-122.291270373449,47.521847798078],[-122.291270878768,47.5222457931587],[-122.291270930821,47.5222869194662],[-122.291270982874,47.5223280457736],[-122.29127153141,47.5227592067231],[-122.291271713794,47.5229028946602],[-122.291271761366,47.5229399674314],[-122.290798319805,47.5216348186033],[-122.290759236133,47.5215270722015],[-122.290700774265,47.5213659034264],[-122.290661158485,47.5212863725499],[-122.290625661045,47.5212151065197],[-122.289482460652,47.5189199283039],[-122.288677190635,47.5172708148839],[-122.288415280528,47.5167893911414],[-122.288388752269,47.516745417659],[-122.287987931639,47.5160810327007],[-122.287729507879,47.5157208881207],[-122.28693374062,47.5146720023686],[-122.283674182868,47.5103751417604],[-122.283633205959,47.5103211197564],[-122.283432775868,47.5100568783027]]]]},"properties":{"beat":"O3","first_precinct":"S","sector":"O"}},{"type":"Feature","geometry":{"type":"Polygon","coordinates":[[[-122.343523717432,47.6302495533989],[-122.3435276265,47.6298109120531],[-122.343528397625,47.6297244385209],[-122.343535784289,47.6288960148464],[-122.343544141227,47.6280195220153],[-122.343619346706,47.6280198205224],[-122.343738798956,47.6280202956273],[-122.343877628561,47.6280207680479],[-122.344935927656,47.6280243673506],[-122.345109966707,47.6280257452876],[-122.345196831188,47.6280260903156],[-122.34623825331,47.6280302174404],[-122.346856364105,47.6280326237043],[-122.347543446313,47.628035294803],[-122.347672957054,47.6280693772758],[-122.348848342123,47.6281125468569],[-122.349987328579,47.6281057373158],[-122.350019196465,47.6281122990751],[-122.350153399663,47.6281399316827],[-122.350149252987,47.6286737425786],[-122.350147335971,47.628922073463],[-122.350139982147,47.6297506145781],[-122.350181686781,47.6297507740369],[-122.350693025926,47.6297527337901],[-122.351162989239,47.6297545340758],[-122.351213006849,47.629754715452],[-122.351334346837,47.6297551565689],[-122.351571797452,47.6297560191019],[-122.352603402325,47.6297597588054],[-122.352629590376,47.6297598536816],[-122.352751216534,47.6297602939672],[-122.354056764619,47.6297650109234],[-122.354095803625,47.6297651685761],[-122.354153356577,47.6297654009223],[-122.355362051326,47.6297702777642],[-122.355428522006,47.6297634101314],[-122.35547190605,47.6297582428793],[-122.355509128244,47.6297507065653],[-122.355548386035,47.6297396498217],[-122.355576009391,47.6297296266743],[-122.355602028788,47.6297181379106],[-122.355634589109,47.629696825158],[-122.355660787394,47.6296743524166],[-122.355687645388,47.6296530952186],[-122.355721370398,47.6296317470722],[-122.35576539456,47.6296102611675],[-122.355819721853,47.6295886374394],[-122.355898154347,47.6295686542136],[-122.356622063275,47.6295725711282],[-122.356757628897,47.6295730364929],[-122.357117349766,47.6295742706174],[-122.357919003255,47.629577017077],[-122.358471843384,47.6295788772038],[-122.359225107644,47.6295814081685],[-122.359265663068,47.6295815437189],[-122.360449028593,47.6295855086628],[-122.360530571694,47.6295857694795],[-122.361813282745,47.6295920127673],[-122.361815267898,47.6291802831261],[-122.361817425372,47.6287327537219],[-122.363167662186,47.6287360136879],[-122.363206239646,47.6280869523668],[-122.363215006668,47.6279394417041],[-122.36321810721,47.6278574487539],[-122.363216486474,47.6276258360115],[-122.36321615062,47.6275754594178],[-122.363217341101,47.6268139386712],[-122.363217455556,47.6267404584225],[-122.363669805685,47.6267884623388],[-122.363804660543,47.6268027729406],[-122.364024629342,47.6268873700043],[-122.364357623102,47.6270154325549],[-122.364527355246,47.6270807374369],[-122.364570244299,47.6270972387564],[-122.36452734124,47.6268737515609],[-122.364535337089,47.6259537518981],[-122.364536629227,47.6258642858163],[-122.364533336742,47.6257937526298],[-122.364538113377,47.6257008733128],[-122.364537081501,47.6255531605483],[-122.364534688143,47.6252102802727],[-122.364534434479,47.6251739050616],[-122.36468344651,47.6252984554342],[-122.364772227304,47.6253726612452],[-122.36644167865,47.6260093265841],[-122.367397265306,47.6263963429912],[-122.367833581358,47.6265730484609],[-122.367994868277,47.6266202871336],[-122.368068570783,47.6266409111448],[-122.368155880892,47.6266582641393],[-122.368210542654,47.6266528940266],[-122.368273398257,47.6266298151093],[-122.368339096864,47.6265942192471],[-122.368356997976,47.6265845201719],[-122.368411680895,47.6266280752748],[-122.368579197174,47.6267615031626],[-122.368915839194,47.6270056608035],[-122.369652207661,47.6275397191774],[-122.36977305556,47.6276273640849],[-122.370170693077,47.6279157466837],[-122.370363277032,47.6280715210177],[-122.370987256376,47.6285762273737],[-122.371002950461,47.6285889212597],[-122.371090239993,47.6286571996143],[-122.37230828101,47.6296099378776],[-122.37314803874,47.630273010331],[-122.373169016093,47.6302895736843],[-122.373246280333,47.6303507792462],[-122.374626051378,47.6314437331216],[-122.374662896413,47.631472917998],[-122.37479063274,47.6315735647595],[-122.375617154757,47.632224789158],[-122.375652198797,47.6322524004092],[-122.375665748785,47.6322680689779],[-122.375695905527,47.6323029406727],[-122.375747037919,47.6323620697091],[-122.375820221993,47.6324469096557],[-122.375874536261,47.6325127948308],[-122.375893675124,47.6325360118974],[-122.375991458787,47.6326837174082],[-122.375998829762,47.6326984045287],[-122.376041100531,47.6327826215109],[-122.376082711207,47.6328778281538],[-122.376090160957,47.6328988933879],[-122.376119579422,47.6329820790367],[-122.376136488633,47.6330448923535],[-122.376157331899,47.6331342162505],[-122.376172775463,47.6332146936214],[-122.376179125167,47.6332480256481],[-122.376183699816,47.6333352553159],[-122.376188034754,47.6333961879198],[-122.376195353032,47.6334990499369],[-122.376176854407,47.6335986067089],[-122.376169844884,47.6337988638632],[-122.376131652642,47.6342477768246],[-122.376133750658,47.6348221909132],[-122.376136311367,47.6355223067406],[-122.37613788357,47.635953048265],[-122.376138002046,47.6359828410831],[-122.376140946876,47.636719053322],[-122.376144883481,47.6377032063999],[-122.376148598328,47.6386328582493],[-122.376153798801,47.6395936481822],[-122.376159676963,47.6406789880944],[-122.376160076744,47.6407694553721],[-122.376167511058,47.6424486914666],[-122.376169562779,47.642911955662],[-122.376169703495,47.6429436634575],[-122.376176888132,47.6447696123713],[-122.376213160928,47.6451450870097],[-122.376233031327,47.6453507661808],[-122.376240549437,47.6454285837346],[-122.376312017148,47.6461683419477],[-122.376349709795,47.6465584898568],[-122.376382818905,47.6484727158019],[-122.3763781245,47.6485862067193],[-122.376305548251,47.6503409393525],[-122.376267048665,47.6510494531798],[-122.376257684979,47.651221773012],[-122.376248226289,47.6513958285901],[-122.37620626133,47.6521680686772],[-122.376209486986,47.652430566442],[-122.376209946228,47.6525961175977],[-122.376211222394,47.6530562821798],[-122.376212468522,47.6534833997402],[-122.376214504562,47.653915329438],[-122.376214873516,47.6539933553969],[-122.376215547742,47.654015177262],[-122.376217035113,47.6540633225916],[-122.376217746107,47.6540873255291],[-122.376217766842,47.6541170521839],[-122.376217832501,47.6542169816216],[-122.376217944739,47.6543882014558],[-122.376217979048,47.6544388889962],[-122.376218000355,47.6544726279335],[-122.376218060584,47.6545651958799],[-122.376218123036,47.6546586463198],[-122.376218181478,47.6547480134535],[-122.376218242024,47.6548405472092],[-122.376218059369,47.65487661082],[-122.376223359914,47.6552548233393],[-122.376223243489,47.6553307156824],[-122.376223306521,47.6553467477974],[-122.376223142103,47.6554167159149],[-122.376222890253,47.655627979915],[-122.376222496163,47.6559596253488],[-122.37622214411,47.6562557632385],[-122.376222869198,47.6575266427651],[-122.376223069762,47.6578788633487],[-122.376223181373,47.6580736603218],[-122.376223366611,47.65839902845],[-122.376223912204,47.6593549608464],[-122.376025486507,47.6593207140367],[-122.372088682983,47.6580057283404],[-122.371711478923,47.6578797230543],[-122.370499478296,47.6574757253435],[-122.369141919437,47.6570232248414],[-122.367337472739,47.6564217313654],[-122.366105469696,47.6557897340593],[-122.364395093266,47.6549131448555],[-122.362435462442,47.6539087419653],[-122.360537457164,47.6529217456646],[-122.355446446702,47.6504177555538],[-122.354461444458,47.6499337577125],[-122.351387640756,47.6485515113022],[-122.351223451654,47.6484795226181],[-122.350097373833,47.6479734793102],[-122.34974765695,47.6478116766902],[-122.348403431933,47.6472687699382],[-122.34736343004,47.6468507720136],[-122.347293979768,47.6468228872169],[-122.347287983507,47.6461256070625],[-122.347287181865,47.6460323704179],[-122.347304181593,47.6453384387046],[-122.347304984006,47.6452977809434],[-122.347299102143,47.6451044942144],[-122.347296150765,47.6450274035686],[-122.347293751136,47.6445252064294],[-122.347282523831,47.6441377064289],[-122.34727555843,47.6438984622146],[-122.347211399855,47.6433492296543],[-122.347196433167,47.6432293711544],[-122.347178522706,47.6431263178306],[-122.347158115433,47.6429973961208],[-122.347140974191,47.6429277117066],[-122.347130492826,47.6428850997795],[-122.34710600802,47.6428123634609],[-122.347085030537,47.6427320246807],[-122.347051773457,47.6426140574231],[-122.34701829665,47.6424885363519],[-122.346969109279,47.6423355107373],[-122.346943257506,47.6422551242834],[-122.346510507026,47.6410517076341],[-122.346419920387,47.6408377193749],[-122.346314762408,47.6405893067892],[-122.346059768338,47.6400373666374],[-122.345828383673,47.6396073531539],[-122.345748550473,47.6394620552301],[-122.345619068104,47.6392395537085],[-122.345538494091,47.6391023385921],[-122.345526881374,47.6390847417308],[-122.345057098945,47.6383728084344],[-122.344969450127,47.6382517404309],[-122.344355021981,47.6374237986538],[-122.34381697546,47.6366156582682],[-122.343636439652,47.6363031369899],[-122.34355530825,47.6360472460744],[-122.343524967992,47.6359247060985],[-122.343482216279,47.6357494894836],[-122.343477888253,47.6357001322354],[-122.343466230122,47.6355671959268],[-122.343460274753,47.6354992878231],[-122.343462590192,47.6353447968242],[-122.343491474705,47.6334179651174],[-122.343495444104,47.633163450645],[-122.343508672964,47.6323150852781],[-122.343508914748,47.6322995772959],[-122.343513391703,47.6314083644441],[-122.34352071673,47.630586372944],[-122.343523717432,47.6302495533989]]]},"properties":{"beat":"Q2","first_precinct":"W","sector":"Q"}},{"type":"Feature","geometry":{"type":"Polygon","coordinates":[[[-122.350139982147,47.6297506145781],[-122.350147335971,47.628922073463],[-122.350149252987,47.6286737425786],[-122.350153399663,47.6281399316827],[-122.350019196465,47.6281122990751],[-122.349987328579,47.6281057373158],[-122.348848342123,47.6281125468569],[-122.347672957054,47.6280693772758],[-122.347543446313,47.628035294803],[-122.346856364105,47.6280326237043],[-122.34623825331,47.6280302174404],[-122.345196831188,47.6280260903156],[-122.345109966707,47.6280257452876],[-122.344935927656,47.6280243673506],[-122.343877628561,47.6280207680479],[-122.343738798956,47.6280202956273],[-122.343619346706,47.6280198205224],[-122.343544141227,47.6280195220153],[-122.343551284267,47.6271442219549],[-122.343599693083,47.6262676402542],[-122.343646313155,47.6254248841717],[-122.3436472489,47.6254079806781],[-122.343649954782,47.6250810283038],[-122.343654339861,47.624552225241],[-122.343654759995,47.624502071806],[-122.343655807275,47.6243774997071],[-122.34365712447,47.6242208376357],[-122.343660342338,47.6238384210962],[-122.343660769326,47.623787587464],[-122.343660962829,47.62376436956],[-122.343661338337,47.6237223959703],[-122.343663709084,47.6234577883025],[-122.343665753639,47.6232295202104],[-122.34367501583,47.6220608317327],[-122.343684649382,47.6208931701387],[-122.343694237867,47.6197251168723],[-122.343579286532,47.618622695706],[-122.343577551603,47.6186060606487],[-122.343574293513,47.6185748145454],[-122.343581663563,47.618554929817],[-122.34366629041,47.6185553279877],[-122.343761882872,47.6185557496864],[-122.343784821187,47.618555838375],[-122.345005818662,47.6185605459638],[-122.345365732287,47.6185624262804],[-122.346151490222,47.6185652666162],[-122.346316318209,47.6185658615228],[-122.347039055684,47.6185687490808],[-122.3472731134,47.6185716504698],[-122.347551640859,47.6185708677372],[-122.347575128957,47.6185709645401],[-122.347621139088,47.6185711547927],[-122.347672351953,47.6185713567621],[-122.348605491956,47.6185750383175],[-122.348678481556,47.6185753259205],[-122.348798167246,47.6185757824247],[-122.348925203609,47.618576265957],[-122.349368863737,47.6185780303617],[-122.350229985466,47.6185814506802],[-122.350355314392,47.6185819193905],[-122.350627374029,47.6185831333197],[-122.351360069594,47.6185863995481],[-122.351534358126,47.6185868148266],[-122.352441330057,47.6185904325948],[-122.352679638425,47.6185913814444],[-122.352839350011,47.6185920361124],[-122.35335479421,47.6185940113015],[-122.353443586893,47.6185943492627],[-122.354099855851,47.6185968410401],[-122.354147466461,47.6185970216619],[-122.354992299552,47.6186002871728],[-122.355453142457,47.6186020662035],[-122.35675629499,47.6186070611798],[-122.357032157981,47.6186081369217],[-122.357361098254,47.6186094179252],[-122.35774436708,47.6186122849686],[-122.358478025297,47.6186177685154],[-122.359322304487,47.6185867646209],[-122.359438304941,47.6185867645651],[-122.359499805414,47.6185904019216],[-122.359530574689,47.6185828004761],[-122.359645549449,47.6185855721802],[-122.359866648687,47.6185899511056],[-122.36046366809,47.6185815437295],[-122.360508470918,47.6185806672364],[-122.360964935203,47.618571735918],[-122.362749752386,47.6185758480181],[-122.369574870159,47.6185941643058],[-122.369902152393,47.6187648732636],[-122.374206877024,47.6210161586906],[-122.375528159758,47.6217068683446],[-122.376285880589,47.622103155368],[-122.372150400525,47.6245659459215],[-122.37125733384,47.6250977412663],[-122.371158333379,47.6251037416314],[-122.370779334348,47.6251297418072],[-122.370630732471,47.6251854857732],[-122.37055333437,47.6252407428965],[-122.369759835971,47.6257757441801],[-122.369485337166,47.6259517436689],[-122.369468337224,47.6259627442043],[-122.36935333811,47.6259947436838],[-122.369245338576,47.6260747438569],[-122.36920420857,47.6261127948511],[-122.369016522276,47.6261772307471],[-122.368356997976,47.6265845201719],[-122.368339096864,47.6265942192471],[-122.368273398257,47.6266298151093],[-122.368210542654,47.6266528940266],[-122.368155880892,47.6266582641393],[-122.368068570783,47.6266409111448],[-122.367994868277,47.6266202871336],[-122.367833581358,47.6265730484609],[-122.367397265306,47.6263963429912],[-122.36644167865,47.6260093265841],[-122.364772227304,47.6253726612452],[-122.36468344651,47.6252984554342],[-122.364534434479,47.6251739050616],[-122.364534688143,47.6252102802727],[-122.364537081501,47.6255531605483],[-122.364538113377,47.6257008733128],[-122.364533336742,47.6257937526298],[-122.364536629227,47.6258642858163],[-122.364535337089,47.6259537518981],[-122.36452734124,47.6268737515609],[-122.364570244299,47.6270972387564],[-122.364527355246,47.6270807374369],[-122.364357623102,47.6270154325549],[-122.364024629342,47.6268873700043],[-122.363804660543,47.6268027729406],[-122.363669805685,47.6267884623388],[-122.363217455556,47.6267404584225],[-122.363217341101,47.6268139386712],[-122.36321615062,47.6275754594178],[-122.363216486474,47.6276258360115],[-122.36321810721,47.6278574487539],[-122.363215006668,47.6279394417041],[-122.363206239646,47.6280869523668],[-122.363167662186,47.6287360136879],[-122.361817425372,47.6287327537219],[-122.361815267898,47.6291802831261],[-122.361813282745,47.6295920127673],[-122.360530571694,47.6295857694795],[-122.360449028593,47.6295855086628],[-122.359265663068,47.6295815437189],[-122.359225107644,47.6295814081685],[-122.358471843384,47.6295788772038],[-122.357919003255,47.629577017077],[-122.357117349766,47.6295742706174],[-122.356757628897,47.6295730364929],[-122.356622063275,47.6295725711282],[-122.355898154347,47.6295686542136],[-122.355819721853,47.6295886374394],[-122.35576539456,47.6296102611675],[-122.355721370398,47.6296317470722],[-122.355687645388,47.6296530952186],[-122.355660787394,47.6296743524166],[-122.355634589109,47.629696825158],[-122.355602028788,47.6297181379106],[-122.355576009391,47.6297296266743],[-122.355548386035,47.6297396498217],[-122.355509128244,47.6297507065653],[-122.35547190605,47.6297582428793],[-122.355428522006,47.6297634101314],[-122.355362051326,47.6297702777642],[-122.354153356577,47.6297654009223],[-122.354095803625,47.6297651685761],[-122.354056764619,47.6297650109234],[-122.352751216534,47.6297602939672],[-122.352629590376,47.6297598536816],[-122.352603402325,47.6297597588054],[-122.351571797452,47.6297560191019],[-122.351334346837,47.6297551565689],[-122.351213006849,47.629754715452],[-122.351162989239,47.6297545340758],[-122.350693025926,47.6297527337901],[-122.350181686781,47.6297507740369],[-122.350139982147,47.6297506145781]]]},"properties":{"beat":"Q3","first_precinct":"W","sector":"Q"}},{"type":"Feature","geometry":{"type":"Polygon","coordinates":[[[-122.275988664489,47.5460266236713],[-122.275969997724,47.546017635272],[-122.275699167305,47.5460289407127],[-122.275641865621,47.5460293989652],[-122.275408715,47.546031264638],[-122.275358954035,47.546031503819],[-122.274989914437,47.5460330201149],[-122.274808962326,47.5460337626985],[-122.273715339671,47.546043485074],[-122.272996225688,47.5460489661308],[-122.272895979546,47.5460497295063],[-122.272642512849,47.5460516606252],[-122.272107172835,47.5460557674463],[-122.271529987519,47.5460601925919],[-122.270413329214,47.5460687443358],[-122.269885604435,47.5460727821771],[-122.26989281844,47.5451349203986],[-122.269899376414,47.544282271101],[-122.269905665944,47.5431916878431],[-122.269909705183,47.5424911837116],[-122.26991486397,47.5415956153432],[-122.269917945749,47.54106093927],[-122.26992002855,47.5406996852613],[-122.267165833038,47.5406894447235],[-122.266445786205,47.5406867566068],[-122.266028726253,47.5406851975238],[-122.26642402401,47.5403300056861],[-122.266472528517,47.5402852518056],[-122.266519337776,47.5402396772644],[-122.266564422086,47.5401933130252],[-122.266607752998,47.5401461873365],[-122.266649302189,47.5400983329428],[-122.266689043868,47.540049778059],[-122.266726865535,47.540000586178],[-122.26676299804,47.5399506977153],[-122.266797164439,47.5399002349126],[-122.266829425972,47.5398492023966],[-122.266858624792,47.5398013399937],[-122.266896727973,47.5397348210216],[-122.266932996791,47.5396678330999],[-122.266967421293,47.539600400645],[-122.266999987496,47.5395325463248],[-122.267030686755,47.5394642936397],[-122.267059506439,47.53939566614],[-122.267087129186,47.539324628429],[-122.267111468563,47.5392573825456],[-122.267134595065,47.5391877743333],[-122.267155806129,47.5391178871214],[-122.267175093112,47.5390477444096],[-122.267192454058,47.5389773714123],[-122.267208981743,47.5388976234629],[-122.267222203386,47.5388269239627],[-122.267233482502,47.5387560699536],[-122.267242818439,47.5386850857337],[-122.267250205283,47.5386139974662],[-122.267254026196,47.5385639938996],[-122.26725564366,47.5385428276338],[-122.267259127655,47.5384716023995],[-122.267260659274,47.5384003460276],[-122.267261712334,47.5382658875259],[-122.26726424819,47.5379422517964],[-122.267264368728,47.537926743075],[-122.267264507696,47.5379088627915],[-122.267269962401,47.5372124668697],[-122.267271807693,47.5369767976504],[-122.267272517053,47.5368863318296],[-122.267273936995,47.536705396574],[-122.267276772865,47.5363435261131],[-122.267279607294,47.5359816529711],[-122.267279753383,47.5359629215817],[-122.267282441807,47.5356197843255],[-122.267283455408,47.5354903163679],[-122.267283618885,47.5354697549849],[-122.267284320597,47.5353873640153],[-122.267284670915,47.5353399941742],[-122.267284934472,47.5353042913623],[-122.267285277509,47.5352579120661],[-122.267285024129,47.5352325808993],[-122.267170844661,47.5347736168294],[-122.267119920525,47.5345689226338],[-122.267073510109,47.5343823657508],[-122.26705782632,47.5343193644852],[-122.267026364856,47.5341929871034],[-122.266966596291,47.5339528974832],[-122.266959509769,47.5339241279267],[-122.266874968755,47.5335842953059],[-122.266869529254,47.5335624228414],[-122.266849515019,47.5334819691941],[-122.266780167066,47.5332032071724],[-122.266688085009,47.5328330516162],[-122.266654483878,47.5326979732882],[-122.26659959845,47.5324773287084],[-122.266592420794,47.532448466726],[-122.266509623152,47.5321156314324],[-122.266504960822,47.5320968914321],[-122.266419651957,47.5317539412461],[-122.26640092179,47.5316784946727],[-122.266385180293,47.5316094712828],[-122.266380433127,47.5315885607293],[-122.264647154706,47.5315914729194],[-122.264350918739,47.5316449258608],[-122.263928917868,47.5316619259482],[-122.263131919227,47.5317229267307],[-122.262315918469,47.5317289276922],[-122.262062916155,47.5310379287919],[-122.261806899805,47.5307397232025],[-122.261164204774,47.5299985267821],[-122.259302901411,47.5278039318632],[-122.259302897917,47.5269329323551],[-122.259311806228,47.5234828269348],[-122.259302881491,47.5233059325088],[-122.259450917293,47.523306052367],[-122.261804880969,47.523307928763],[-122.262976880778,47.5233089280136],[-122.2631718817,47.5233099272883],[-122.263470881234,47.5233059268654],[-122.263766881515,47.523302926886],[-122.264555261175,47.5232932694465],[-122.264595782326,47.5232933742372],[-122.26462674597,47.5232934546],[-122.266082398667,47.5232972238694],[-122.266331709637,47.523297867377],[-122.267314132576,47.5233003999269],[-122.2673370289,47.5233004581422],[-122.269275884554,47.5233054480671],[-122.269684371767,47.5233064955455],[-122.269986039435,47.5233072678593],[-122.270020578827,47.5233076073926],[-122.271322549743,47.5233088063554],[-122.271401173976,47.5233088779805],[-122.271506787243,47.5233089910965],[-122.272810657814,47.5233103810523],[-122.272833554532,47.5233104039703],[-122.273954479857,47.5233099157862],[-122.274242257906,47.5233097887215],[-122.274368630098,47.5233100325858],[-122.275320053336,47.5233118618143],[-122.276403254072,47.5233123393],[-122.276432850162,47.5233123807417],[-122.277027248373,47.523314053591],[-122.277418155659,47.5233139104056],[-122.277573834348,47.5233138528177],[-122.277603282121,47.5233139093341],[-122.277886197075,47.5233144555893],[-122.278278048301,47.5233146329913],[-122.278352090904,47.5233142291208],[-122.278982484636,47.5232707068208],[-122.279099319748,47.5232592128074],[-122.279082624247,47.523315703147],[-122.279067936832,47.5233653966646],[-122.278863525849,47.5240570078734],[-122.278838833511,47.5241075663348],[-122.278831647255,47.5241814129895],[-122.278819691997,47.5242280679513],[-122.278816476663,47.5242494742796],[-122.278814156731,47.5242649039904],[-122.278810999306,47.5242859083616],[-122.278807087244,47.5243119312877],[-122.27880469578,47.524327846791],[-122.278795678899,47.5243878386613],[-122.278783480909,47.5244689881337],[-122.278782898291,47.5245162702389],[-122.278781996437,47.5245894908714],[-122.278781240451,47.5246508268787],[-122.278781718153,47.5246790186506],[-122.278782902067,47.5247488617475],[-122.278783405787,47.5247785663095],[-122.27878409101,47.524818981856],[-122.278784721718,47.524856186537],[-122.278790859043,47.5249208398073],[-122.278796572405,47.5249810283773],[-122.27880232731,47.5250416608192],[-122.278804891499,47.5250602264493],[-122.278813561493,47.5251230078187],[-122.278820521416,47.5251734055119],[-122.278827255323,47.5252221661165],[-122.278844214262,47.5252939990066],[-122.278858277748,47.5253535667563],[-122.278868496141,47.5253968467598],[-122.278884698061,47.5254654678232],[-122.278897498224,47.525501750297],[-122.278918556643,47.5255614440358],[-122.278932306841,47.525600421303],[-122.278951115273,47.5256537394405],[-122.278956832117,47.5256699430918],[-122.278969742891,47.5257042243482],[-122.278992325561,47.5257641829515],[-122.279006754614,47.5258024921682],[-122.27904673153,47.5259086350938],[-122.279077403539,47.5259900702589],[-122.279142905459,47.5261179599176],[-122.280040146302,47.5278697353205],[-122.28004784892,47.5278847738481],[-122.280217085469,47.5282151779538],[-122.280429691482,47.5286986931561],[-122.280523747297,47.5289476333853],[-122.280589379942,47.5292082471564],[-122.280620520755,47.5294438659893],[-122.280645453469,47.5295461347981],[-122.280640292933,47.5296610538678],[-122.280646875386,47.5297333578737],[-122.280664898455,47.5299313184592],[-122.280689885487,47.5314516220096],[-122.280691324454,47.5315391596425],[-122.280701288048,47.5321668784638],[-122.280707560208,47.5325620589388],[-122.280710138432,47.5327244734992],[-122.280720453323,47.5333743413234],[-122.28073282829,47.5341539416613],[-122.280752704913,47.5354059956899],[-122.280766260612,47.5356702514174],[-122.280814730022,47.5359517880412],[-122.280858367398,47.5361520365592],[-122.280878059405,47.53624240479],[-122.280911567208,47.5363586034562],[-122.280943946109,47.5364568740361],[-122.281029050913,47.536674138138],[-122.281072183342,47.5367842489125],[-122.28118727861,47.5370478432691],[-122.281466683479,47.5376027525848],[-122.2820740256,47.5388852472341],[-122.282955338117,47.5406829306081],[-122.282962554986,47.5406976495156],[-122.28381304121,47.5424547264825],[-122.284169146795,47.5431958130564],[-122.284245830239,47.5433528204704],[-122.284487456628,47.5438786915238],[-122.284499536805,47.5439026545814],[-122.284682347818,47.5442652742392],[-122.28484121414,47.5445803921424],[-122.284848286559,47.5445953718728],[-122.28519458751,47.5453288020096],[-122.285538828182,47.5460578468125],[-122.285451425335,47.5460545789832],[-122.284863209898,47.5460429273677],[-122.283341097149,47.5460212561625],[-122.282901854846,47.5460150909815],[-122.280910283986,47.5459871180702],[-122.280848543035,47.5459876157024],[-122.280825638085,47.5459878003852],[-122.278153376021,47.5460098409128],[-122.277058972737,47.5460183306708],[-122.275988664489,47.5460266236713]]]},"properties":{"beat":"S2","first_precinct":"S","sector":"S"}},{"type":"Feature","geometry":{"type":"Polygon","coordinates":[[[-122.31715778672,47.5947472874018],[-122.317115528837,47.594697189979],[-122.316944911019,47.5947350163123],[-122.316653024403,47.594788005995],[-122.316269873266,47.5948387680188],[-122.316023262762,47.5948611856116],[-122.315803733937,47.5948578539068],[-122.315612584755,47.5948445451054],[-122.31542287615,47.5948328302053],[-122.315317431752,47.5948263189537],[-122.315221583655,47.5948204004766],[-122.315192220646,47.5948185870558],[-122.315014502824,47.5947813653307],[-122.314837349856,47.5947442619192],[-122.314560825492,47.5946784018602],[-122.314346991477,47.5946078764514],[-122.314225186341,47.5945647375238],[-122.314091663867,47.5945174481919],[-122.313973293054,47.5944588837675],[-122.313912541697,47.5944288270924],[-122.313584028529,47.5942662925369],[-122.313232245289,47.5940535128699],[-122.313177210629,47.5940202247308],[-122.313043693905,47.5939394652704],[-122.312900722949,47.593751411461],[-122.312881241824,47.5937257877531],[-122.312207878276,47.5928400656809],[-122.311963298328,47.5925051400914],[-122.311673226727,47.5921079139913],[-122.311386040958,47.5917052889713],[-122.311051093713,47.5913284780665],[-122.310901083696,47.5911884865098],[-122.310690510132,47.590991973977],[-122.310576058817,47.5908851644206],[-122.310529379754,47.5908546155906],[-122.310489600296,47.5908285822086],[-122.310470784879,47.5908168240497],[-122.310432726487,47.5907913611365],[-122.310350631316,47.5907376350747],[-122.310272282842,47.5906863621023],[-122.310152448108,47.5906079370467],[-122.310115385785,47.5905918862396],[-122.309667851587,47.5903980739467],[-122.309122150058,47.59021257306],[-122.308495943555,47.5900723327904],[-122.308032477065,47.5900193350067],[-122.307567259273,47.5899945227998],[-122.307037086681,47.5899935603241],[-122.3069583707,47.5898901129518],[-122.306924767353,47.58984770924],[-122.306882784092,47.5897931039236],[-122.306792106118,47.5896759431431],[-122.306779104392,47.5896591090875],[-122.306696633159,47.5895508820277],[-122.305949975645,47.5885710151703],[-122.305897742723,47.5885026604596],[-122.305827397064,47.5884106009067],[-122.30524939953,47.5877389340668],[-122.305012275282,47.5873916354363],[-122.304683338105,47.5869098569614],[-122.304661094466,47.586880538816],[-122.304454745379,47.5866112781797],[-122.304312814582,47.5864260740929],[-122.30423939971,47.586330275895],[-122.304234117242,47.5863151841224],[-122.303986878837,47.5859989777137],[-122.303604804838,47.5854975641275],[-122.30301268337,47.5846836857377],[-122.302909505008,47.5845418636095],[-122.302910524355,47.5845176349649],[-122.302911195043,47.5845016862596],[-122.30294596372,47.5836749377077],[-122.302946653052,47.5836585668477],[-122.302953378953,47.5830143769383],[-122.302954094993,47.5829456804098],[-122.302957131848,47.5825057036314],[-122.302963281053,47.5816131690608],[-122.302975187504,47.5815122346346],[-122.303004138783,47.5813678657762],[-122.303052138723,47.5812508658032],[-122.303224532009,47.5810045794244],[-122.303237139175,47.5809740729123],[-122.30325266365,47.5809361825445],[-122.303287042032,47.5808165229782],[-122.30332078445,47.5806882831229],[-122.303321434313,47.579996048351],[-122.303321131611,47.5796496687454],[-122.303320714785,47.5791733278612],[-122.303321573483,47.5790119911961],[-122.303324717831,47.5784270412451],[-122.303325115182,47.5783510791416],[-122.302652030602,47.5783496798481],[-122.302310206215,47.5783490716796],[-122.301447268299,47.578349720846],[-122.301297310063,47.5783498332357],[-122.300282704168,47.5783505862357],[-122.300282981481,47.5782560498878],[-122.300283279912,47.5780495318357],[-122.300285113452,47.5775282100979],[-122.300287738567,47.5767060416733],[-122.300288490204,47.5763768796629],[-122.300289616019,47.575883763238],[-122.300290501585,47.5754978706562],[-122.300291309849,47.5751426905491],[-122.300291345273,47.5751268661101],[-122.300291443669,47.5750837847469],[-122.299707999694,47.5750830814782],[-122.299372089345,47.5750826754631],[-122.299372614393,47.5750610476877],[-122.299374139267,47.5749983924213],[-122.299395453824,47.574122255454],[-122.299397108834,47.5740542143971],[-122.299397558935,47.5740356858127],[-122.299398745071,47.5739879619885],[-122.299399399027,47.5739616591241],[-122.299408821807,47.5735825214064],[-122.299409521427,47.5735543467831],[-122.299416324743,47.5731942199152],[-122.299410880669,47.5731730550305],[-122.299403864431,47.5731543618285],[-122.299394766156,47.5731360840982],[-122.299380994751,47.5731144382404],[-122.299365598461,47.573094902204],[-122.299347669115,47.5730763820881],[-122.299324523354,47.5730557359968],[-122.299310290094,47.5730422842524],[-122.299294610051,47.5730261721476],[-122.299276521748,47.5730060176966],[-122.299262703358,47.5729891691028],[-122.299249740288,47.5729719145558],[-122.299239013548,47.572956419583],[-122.299229017174,47.5729406606063],[-122.299217202611,47.5729200033527],[-122.299206242062,47.5728983743146],[-122.299196576521,47.5728760916634],[-122.299188694171,47.5728549609018],[-122.299182418964,47.5728346784356],[-122.299176650342,47.5728114243542],[-122.299172874695,47.5727915801556],[-122.299170389069,47.5727730777238],[-122.299168786204,47.5727545306267],[-122.299168152427,47.5727363137845],[-122.299168419076,47.5727177353897],[-122.299167093414,47.5726988824531],[-122.299169858444,47.5725819094993],[-122.299170641451,47.5725488066902],[-122.299181031616,47.572109349094],[-122.29918197022,47.5720752574164],[-122.299189285892,47.5718092168161],[-122.29920786896,47.5711329155351],[-122.299214782292,47.5709088329987],[-122.299199248536,47.5706394921672],[-122.299195990286,47.5705830086553],[-122.299186901681,47.5704254177073],[-122.299173281988,47.5701892609623],[-122.299161527675,47.5701277475628],[-122.299110669812,47.5698616014055],[-122.299141012235,47.5695827082172],[-122.299148470939,47.56951414524],[-122.299179499022,47.5692958924843],[-122.299192368734,47.569205359859],[-122.299229745035,47.5689898958652],[-122.299259117342,47.5688419943212],[-122.299267791873,47.5687983103108],[-122.299286854769,47.5685679781114],[-122.299291333876,47.5685138489504],[-122.299294128088,47.5684800922842],[-122.299292744377,47.5684189912427],[-122.29928689154,47.5681605978852],[-122.299267504311,47.5678577129524],[-122.299246679533,47.5675186250242],[-122.299250938613,47.5674327400914],[-122.299255074306,47.5673891262947],[-122.299256549257,47.5673735738693],[-122.299276706798,47.5673142200832],[-122.299289313707,47.56724511482],[-122.299337870709,47.567160772762],[-122.299538410992,47.5667888510897],[-122.299555498982,47.5667561281364],[-122.299662680102,47.5665508728724],[-122.299703548026,47.5664518565631],[-122.299723845992,47.5663974261904],[-122.299729314695,47.5663333364515],[-122.299766829981,47.5660671176389],[-122.299777632433,47.5659904663404],[-122.299779808196,47.5659750272117],[-122.299756667576,47.5657543575988],[-122.299757535978,47.5656458032415],[-122.299797014164,47.5655076127948],[-122.299856259654,47.5653777855256],[-122.299946596523,47.5652643841788],[-122.300041388993,47.5651425113046],[-122.300107353148,47.5650726959618],[-122.300189760305,47.5649854761494],[-122.300309175629,47.5648337388419],[-122.300393542168,47.5647292356413],[-122.300502366679,47.5645993295632],[-122.300618586443,47.5644530226572],[-122.300736421324,47.564343966155],[-122.300759837028,47.5643278453301],[-122.300926906969,47.5642274423889],[-122.300989504699,47.5642001203458],[-122.301025733777,47.5641843072381],[-122.301260201602,47.5641135688385],[-122.301406491904,47.5640664550818],[-122.301431445693,47.5640584187612],[-122.301679149573,47.5640157911273],[-122.301931966289,47.563942717359],[-122.301978627678,47.5639292304865],[-122.302031259969,47.5639140174879],[-122.302208317773,47.5638070847166],[-122.302258258555,47.5637542247753],[-122.30229110505,47.5637183623603],[-122.302351931459,47.5636107118235],[-122.302368563294,47.5635617277088],[-122.302370410803,47.5635033466806],[-122.302350570634,47.5634334485224],[-122.302314394639,47.5633511175456],[-122.302260422543,47.5632601347376],[-122.302198989961,47.5631747925444],[-122.302107980988,47.5630882698354],[-122.302003377195,47.5630191005781],[-122.301816779661,47.5629096554992],[-122.301756972418,47.5628670708346],[-122.301704795198,47.5628182487085],[-122.301659410756,47.5627601278064],[-122.301628171358,47.5627008544261],[-122.30160869508,47.5626363688548],[-122.301603128397,47.56257105682],[-122.301642921188,47.5624257538217],[-122.301802374493,47.5622184447702],[-122.301819388859,47.562198392376],[-122.301911083982,47.5620903307201],[-122.302216395689,47.5616862299498],[-122.302235919207,47.5616603885176],[-122.302307314298,47.5616076687242],[-122.302382624182,47.5615520573534],[-122.30245870939,47.5615143262883],[-122.30258201078,47.5614531809424],[-122.30287898997,47.561363179352],[-122.303190015204,47.5612924951305],[-122.303340643348,47.5612710485853],[-122.303628706001,47.5612472792451],[-122.304772139905,47.561211194829],[-122.304859332322,47.5612084559207],[-122.304854798689,47.5611932537548],[-122.30453256348,47.5601126581434],[-122.304386360573,47.5596376081544],[-122.303673610316,47.5597356065714],[-122.303299089492,47.5597959438698],[-122.303111538454,47.5598348046135],[-122.302930966204,47.5598722182248],[-122.302570715874,47.5599641182547],[-122.3025102232,47.5599821337494],[-122.302460794698,47.5599968540188],[-122.302321880951,47.5600382217743],[-122.302077793038,47.5601199280129],[-122.301890273527,47.5601863276076],[-122.301208057779,47.5604293302057],[-122.301058490333,47.5604826052378],[-122.300401427035,47.5607166419758],[-122.299685749207,47.5609848897808],[-122.29853139443,47.5614492305923],[-122.298436919306,47.5614846105488],[-122.298386596983,47.561502136492],[-122.298350014643,47.5615139042226],[-122.29830935331,47.5615262831581],[-122.298268307994,47.5615380525996],[-122.298227092774,47.5615492160855],[-122.298189144238,47.5615588153386],[-122.298147059442,47.5615687854347],[-122.297986876742,47.5616034733333],[-122.297932692181,47.5616109894984],[-122.297837024528,47.5616242604339],[-122.297692528308,47.5616374360927],[-122.297636157171,47.5616393199947],[-122.297508834102,47.5616435741781],[-122.297331275516,47.56163862544],[-122.297283101727,47.5616372828866],[-122.297148623376,47.5616227309028],[-122.296998878895,47.5616015842322],[-122.296960334331,47.5615934353327],[-122.29680596903,47.5615608006319],[-122.296672819679,47.5615235754461],[-122.296633057248,47.5615072701445],[-122.295059891435,47.5608621108468],[-122.294724690334,47.560852247261],[-122.294297859919,47.5608396857294],[-122.294231424684,47.5608377300568],[-122.294192482929,47.5608368487047],[-122.293648916821,47.5608245397628],[-122.293511886604,47.5608214358161],[-122.293378776301,47.5608172135344],[-122.292579972562,47.5595593228271],[-122.292463508825,47.5593759195206],[-122.292442991541,47.5593436083798],[-122.29204678576,47.5587196682019],[-122.292016058618,47.558671278126],[-122.291861260603,47.5584239062673],[-122.291645033177,47.5581050826859],[-122.291496379156,47.5578650469487],[-122.29122826988,47.55743137062],[-122.291113244912,47.5572285198545],[-122.291010107527,47.5570586946575],[-122.290836823984,47.5567733651965],[-122.29047956442,47.5561254501216],[-122.290115888008,47.5554284792826],[-122.290045451448,47.5552894610698],[-122.290007580524,47.5552147138436],[-122.289531019739,47.5542538440335],[-122.289136626949,47.5534586202048],[-122.289234814153,47.5534542310804],[-122.289395027413,47.55345404459],[-122.290436820795,47.5534528243769],[-122.290459730813,47.5534527978624],[-122.291557883717,47.5534576997994],[-122.292674935252,47.5534857668644],[-122.293375353543,47.5535033596315],[-122.293581273123,47.5535085309761],[-122.294117775149,47.5535220032696],[-122.294218948454,47.5535245442579],[-122.2954277066,47.5535548798529],[-122.296878753883,47.5535912887505],[-122.299274169388,47.5537383934149],[-122.299285739141,47.5537030023305],[-122.299316283345,47.553670668059],[-122.299339739981,47.5536582344056],[-122.29935780313,47.5536486941593],[-122.299381189015,47.5536449848403],[-122.299408332104,47.5536406800975],[-122.299431069734,47.5536370735877],[-122.299492112719,47.5536362862073],[-122.299536164412,47.5536357179736],[-122.299675664686,47.5536428145669],[-122.299724865664,47.5536452654624],[-122.299796199332,47.5536488197728],[-122.300157780805,47.5536668331168],[-122.300403646286,47.5536790809439],[-122.300426493579,47.5536802191148],[-122.300784570211,47.5536994191018],[-122.301325410746,47.5537284157978],[-122.301593867102,47.5537455977747],[-122.30258396576,47.5537703864976],[-122.302870757336,47.5537814027838],[-122.30289358221,47.5537827314656],[-122.303985770449,47.5538463192849],[-122.303990583436,47.55381185893],[-122.304058429085,47.5533260506142],[-122.304478233803,47.5533357770481],[-122.305117124257,47.5533505763877],[-122.30568854838,47.5533647842427],[-122.306225895596,47.5533781425851],[-122.306933557546,47.5533957316112],[-122.307335356994,47.553405716922],[-122.308027800609,47.5534205413027],[-122.309869128572,47.5534280570259],[-122.309865376248,47.5539063546853],[-122.309863942703,47.5540883594599],[-122.309858810189,47.5547417819302],[-122.310424849275,47.5547444033715],[-122.310527527581,47.554744874526],[-122.310520298947,47.5556085356112],[-122.313456428725,47.5556264086944],[-122.316121819227,47.5556298431211],[-122.316665705446,47.5556320901753],[-122.317110879595,47.555629852253],[-122.317171958535,47.5556295452212],[-122.318265441796,47.5556244819323],[-122.31840620076,47.5556238286833],[-122.318797207089,47.5556220156664],[-122.318820117245,47.5556219087796],[-122.318887093923,47.555355347623],[-122.319039663559,47.5548730272439],[-122.319048983429,47.5548878073888],[-122.319116354823,47.5549946437187],[-122.319230061646,47.5551749541147],[-122.319481932126,47.5555643048978],[-122.319879407085,47.5560702848944],[-122.319948940698,47.5561638781889],[-122.320915115235,47.5574643260265],[-122.321099042432,47.5577730709586],[-122.321281701121,47.5580373809003],[-122.3213593261,47.5581775633276],[-122.321434845327,47.5583139409524],[-122.321489417059,47.5584124899581],[-122.321541752816,47.5585433838573],[-122.32157671314,47.5586308212542],[-122.321742233363,47.5590299170634],[-122.321742485164,47.5590454256722],[-122.321767657445,47.5591083806574],[-122.321784087316,47.5591494691375],[-122.321926998008,47.5596011287683],[-122.321940493197,47.5596437813906],[-122.322012228613,47.5600455839075],[-122.322044739634,47.5602276783182],[-122.322061416297,47.5604221274699],[-122.322062985117,47.5604404202047],[-122.322099628036,47.5608676706091],[-122.322035745135,47.5614681261115],[-122.321950980076,47.5619254245199],[-122.320956118931,47.5665564782636],[-122.320938377612,47.5666589712844],[-122.320816835296,47.5672072537259],[-122.320503726775,47.5686196437099],[-122.320421512279,47.5691474462356],[-122.32041612602,47.5691820291532],[-122.320391481367,47.5693780930662],[-122.32037259465,47.5695283412186],[-122.320282526587,47.5702448684132],[-122.320226791899,47.5706882508937],[-122.320167328182,47.5717067702163],[-122.320155118017,47.5718243634854],[-122.320094037559,47.5723167596962],[-122.320088868237,47.5724397862666],[-122.32006849216,47.5730985657069],[-122.319988110924,47.5743476951071],[-122.319953412545,47.5748775926457],[-122.319894115513,47.5759648420208],[-122.319874898571,47.5760545769919],[-122.3198355258,47.576358563682],[-122.319795380711,47.5766354670319],[-122.319669421116,47.577175690131],[-122.319647677985,47.5772689404428],[-122.319613308479,47.5774254280084],[-122.319533717791,47.5777576921239],[-122.319526388238,47.5777891274664],[-122.319410081476,47.5782879267633],[-122.319347706833,47.5785692846678],[-122.319300683432,47.5789294641586],[-122.319293773072,47.5789830980607],[-122.319261817001,47.5795471075085],[-122.319262297528,47.5795639445384],[-122.319278022129,47.5801149550845],[-122.319317959257,47.58039176354],[-122.31934570497,47.5805152298509],[-122.319400528191,47.5807591871979],[-122.319878716981,47.5825631638481],[-122.319998198206,47.5830138894129],[-122.320064763088,47.5832649951144],[-122.32015043601,47.5837407604224],[-122.320184719204,47.5841878335175],[-122.320189428423,47.5842281372451],[-122.320218900534,47.5844803881191],[-122.3202564072,47.5848014149308],[-122.320272857058,47.5849422130107],[-122.320285290115,47.5851422279534],[-122.320295467141,47.5853059436265],[-122.320344908089,47.5860948772786],[-122.320372968187,47.586414846395],[-122.320377891658,47.5864705053802],[-122.320400384158,47.5867247762365],[-122.320455406058,47.587346782582],[-122.320468465487,47.587463668484],[-122.320483670489,47.587599754497],[-122.320494511243,47.5876967836292],[-122.320503578912,47.5877459895312],[-122.320525945582,47.5878673498168],[-122.320555480707,47.5880276106626],[-122.320592170749,47.5883078374854],[-122.320661390376,47.5886026992244],[-122.320666760615,47.5886318571807],[-122.320786067863,47.5891034102911],[-122.320980743165,47.5898407600845],[-122.321015311959,47.5899796820323],[-122.321227830215,47.5908336991463],[-122.321279372516,47.591393865092],[-122.321276249027,47.5916249030613],[-122.321241475646,47.5918340898042],[-122.321179476074,47.5921059483339],[-122.321082864614,47.5925295677683],[-122.320873123587,47.5934492057713],[-122.320823909502,47.5936649800786],[-122.320810354088,47.5937244125462],[-122.320806450551,47.5937415273062],[-122.320793565242,47.5937980236926],[-122.32071767913,47.5941307427665],[-122.320577557179,47.594745090948],[-122.320541115079,47.5949387747303],[-122.320374031482,47.595827598302],[-122.320240758257,47.5958268727829],[-122.320008798948,47.5958262799871],[-122.319940592825,47.5958260504447],[-122.319773051242,47.5958258477722],[-122.319719660691,47.5958257573562],[-122.319653402076,47.5958256371354],[-122.319522031362,47.5958255399294],[-122.319375898171,47.5958250200917],[-122.319251184334,47.5958249867448],[-122.319215445807,47.595824977677],[-122.319062353137,47.5958245546385],[-122.319059569368,47.5958245478153],[-122.318925282298,47.5958241776462],[-122.318768195578,47.5958237460985],[-122.318617800192,47.5958233277227],[-122.318575327069,47.5958232336616],[-122.318567197885,47.5958232138545],[-122.318542903548,47.5958231586103],[-122.31844968712,47.5958229497428],[-122.31827330663,47.5958225543906],[-122.317875331338,47.5958216620364],[-122.317371658627,47.5958205297594],[-122.317315943718,47.5958204046667],[-122.317293506115,47.5958203537214],[-122.317270360791,47.5958203893698],[-122.317255394246,47.5958204118822],[-122.317256047007,47.5957929744241],[-122.317268778558,47.5951966322996],[-122.317269868936,47.5951267952666],[-122.317270829461,47.5950524969892],[-122.317266160966,47.5950341016027],[-122.317236900704,47.5949269283787],[-122.317227706227,47.5948873910508],[-122.317217278128,47.5948661587754],[-122.31720777894,47.594836737876],[-122.31717558768,47.5947779845053],[-122.31715778672,47.5947472874018]]]},"properties":{"beat":"R1","first_precinct":"S","sector":"R"}},{"type":"Feature","geometry":{"type":"Polygon","coordinates":[[[-122.292409788134,47.5901100982192],[-122.291358014847,47.590091762816],[-122.290455295042,47.5901057974393],[-122.289221431819,47.5900857734051],[-122.289148866671,47.5900889134073],[-122.288841293321,47.5900731223522],[-122.288592531933,47.5900603491479],[-122.28798956704,47.5900293855699],[-122.286785361851,47.5899313142597],[-122.286422010954,47.5899162267156],[-122.286354484774,47.5899134225909],[-122.285873983177,47.5899049646888],[-122.285773241266,47.5899031916185],[-122.285544097682,47.5898991572339],[-122.285447140862,47.589897449798],[-122.284816916416,47.5898863513175],[-122.284706044697,47.5898844007061],[-122.284437175893,47.589492891745],[-122.284556164518,47.586975891571],[-122.286402155744,47.5851058892455],[-122.286582154579,47.5849198888295],[-122.286587147335,47.5832198890996],[-122.285498144257,47.5825038910618],[-122.283868139924,47.5814518940377],[-122.280744112404,47.5752918992977],[-122.279652902082,47.5744898642381],[-122.276998282378,47.5725426081251],[-122.276615098728,47.5722569058202],[-122.277493099523,47.5722689043958],[-122.278465093939,47.5711679032441],[-122.278994094401,47.5711529022691],[-122.279547094494,47.5711519016563],[-122.279561091968,47.5706679017415],[-122.279502255347,47.5701157850976],[-122.279552440081,47.5701354794607],[-122.279550468142,47.5699788937914],[-122.279545138479,47.5695556564575],[-122.279542578412,47.5693524278936],[-122.279537237409,47.5687967674007],[-122.279990272645,47.5687983186231],[-122.280438372151,47.5687966050524],[-122.280743499064,47.5687954396675],[-122.280743397984,47.5687623429906],[-122.280742996791,47.5679889800586],[-122.280749663046,47.567968375391],[-122.28076660529,47.5679160082808],[-122.28077263622,47.5678973665237],[-122.281817935918,47.5679036986754],[-122.282895602419,47.5679102139938],[-122.283973267886,47.5679167200148],[-122.285050893659,47.5679232127343],[-122.286143576848,47.5679297808164],[-122.286745020105,47.5679333946858],[-122.287211940932,47.5679361977862],[-122.28723720969,47.5679363496476],[-122.287679009326,47.5679389979819],[-122.288014926769,47.5679410121508],[-122.288311868903,47.5679427918341],[-122.288464753756,47.5679437085581],[-122.289192904154,47.567948070789],[-122.289243642459,47.5679483755527],[-122.289151903857,47.5676148366031],[-122.289015346578,47.5671183208161],[-122.288998457229,47.5670569109567],[-122.288976000467,47.5669752630386],[-122.288953547837,47.5668936177627],[-122.288893589051,47.5666756138261],[-122.288747844866,47.5661456891553],[-122.288706473898,47.565994711969],[-122.288616068875,47.565664794474],[-122.288611890517,47.5656495448882],[-122.288235207131,47.5642748272456],[-122.288210212374,47.5641836003751],[-122.288185947388,47.5640950377677],[-122.28783614368,47.5628182723966],[-122.287831948582,47.5628030257006],[-122.287453664299,47.5614222829467],[-122.28744111138,47.561380248755],[-122.287426933927,47.5613392932692],[-122.287410380114,47.5612970511657],[-122.287392229151,47.5612559638822],[-122.287372244447,47.5612152688859],[-122.28735044433,47.5611750037248],[-122.287326847082,47.5611352041479],[-122.287299985376,47.5610938684234],[-122.287274351801,47.5610571526155],[-122.287245502283,47.561018972005],[-122.287215340749,47.5609818759905],[-122.28702675958,47.5607476762211],[-122.287275197306,47.5607486020914],[-122.287691700066,47.5607501508711],[-122.28882157766,47.5607535976145],[-122.288844490422,47.5607536973754],[-122.289924424118,47.5607589357933],[-122.29101390558,47.5607642016569],[-122.291370995649,47.560765374277],[-122.291494262154,47.5607657786299],[-122.291540425275,47.560765929559],[-122.292579516806,47.560793819288],[-122.293240253037,47.5608084465658],[-122.293326446783,47.5608139012893],[-122.293355962683,47.5608157694117],[-122.293378776301,47.5608172135344],[-122.293511886604,47.5608214358161],[-122.293648916821,47.5608245397628],[-122.294192482929,47.5608368487047],[-122.294231424684,47.5608377300568],[-122.294297859919,47.5608396857294],[-122.294724690334,47.560852247261],[-122.295059891435,47.5608621108468],[-122.296633057248,47.5615072701445],[-122.296672819679,47.5615235754461],[-122.29680596903,47.5615608006319],[-122.296960334331,47.5615934353327],[-122.296998878895,47.5616015842322],[-122.297148623376,47.5616227309028],[-122.297283101727,47.5616372828866],[-122.297331275516,47.56163862544],[-122.297508834102,47.5616435741781],[-122.297636157171,47.5616393199947],[-122.297692528308,47.5616374360927],[-122.297837024528,47.5616242604339],[-122.297932692181,47.5616109894984],[-122.297986876742,47.5616034733333],[-122.298147059442,47.5615687854347],[-122.298189144238,47.5615588153386],[-122.298227092774,47.5615492160855],[-122.298268307994,47.5615380525996],[-122.29830935331,47.5615262831581],[-122.298350014643,47.5615139042226],[-122.298386596983,47.561502136492],[-122.298436919306,47.5614846105488],[-122.29853139443,47.5614492305923],[-122.299685749207,47.5609848897808],[-122.300401427035,47.5607166419758],[-122.301058490333,47.5604826052378],[-122.301208057779,47.5604293302057],[-122.301890273527,47.5601863276076],[-122.302077793038,47.5601199280129],[-122.302321880951,47.5600382217743],[-122.302460794698,47.5599968540188],[-122.3025102232,47.5599821337494],[-122.302570715874,47.5599641182547],[-122.302930966204,47.5598722182248],[-122.303111538454,47.5598348046135],[-122.303299089492,47.5597959438698],[-122.303673610316,47.5597356065714],[-122.304386360573,47.5596376081544],[-122.30453256348,47.5601126581434],[-122.304854798689,47.5611932537548],[-122.304859332322,47.5612084559207],[-122.304772139905,47.561211194829],[-122.303628706001,47.5612472792451],[-122.303340643348,47.5612710485853],[-122.303190015204,47.5612924951305],[-122.30287898997,47.561363179352],[-122.30258201078,47.5614531809424],[-122.30245870939,47.5615143262883],[-122.302382624182,47.5615520573534],[-122.302307314298,47.5616076687242],[-122.302235919207,47.5616603885176],[-122.302216395689,47.5616862299498],[-122.301911083982,47.5620903307201],[-122.301819388859,47.562198392376],[-122.301802374493,47.5622184447702],[-122.301642921188,47.5624257538217],[-122.301603128397,47.56257105682],[-122.30160869508,47.5626363688548],[-122.301628171358,47.5627008544261],[-122.301659410756,47.5627601278064],[-122.301704795198,47.5628182487085],[-122.301756972418,47.5628670708346],[-122.301816779661,47.5629096554992],[-122.302003377195,47.5630191005781],[-122.302107980988,47.5630882698354],[-122.302198989961,47.5631747925444],[-122.302260422543,47.5632601347376],[-122.302314394639,47.5633511175456],[-122.302350570634,47.5634334485224],[-122.302370410803,47.5635033466806],[-122.302368563294,47.5635617277088],[-122.302351931459,47.5636107118235],[-122.30229110505,47.5637183623603],[-122.302258258555,47.5637542247753],[-122.302208317773,47.5638070847166],[-122.302031259969,47.5639140174879],[-122.301978627678,47.5639292304865],[-122.301931966289,47.563942717359],[-122.301679149573,47.5640157911273],[-122.301431445693,47.5640584187612],[-122.301406491904,47.5640664550818],[-122.301260201602,47.5641135688385],[-122.301025733777,47.5641843072381],[-122.300989504699,47.5642001203458],[-122.300926906969,47.5642274423889],[-122.300759837028,47.5643278453301],[-122.300736421324,47.564343966155],[-122.300618586443,47.5644530226572],[-122.300502366679,47.5645993295632],[-122.300393542168,47.5647292356413],[-122.300309175629,47.5648337388419],[-122.300189760305,47.5649854761494],[-122.300107353148,47.5650726959618],[-122.300041388993,47.5651425113046],[-122.299946596523,47.5652643841788],[-122.299856259654,47.5653777855256],[-122.299797014164,47.5655076127948],[-122.299757535978,47.5656458032415],[-122.299756667576,47.5657543575988],[-122.299779808196,47.5659750272117],[-122.299777632433,47.5659904663404],[-122.299766829981,47.5660671176389],[-122.299729314695,47.5663333364515],[-122.299723845992,47.5663974261904],[-122.299703548026,47.5664518565631],[-122.299662680102,47.5665508728724],[-122.299555498982,47.5667561281364],[-122.299538410992,47.5667888510897],[-122.299337870709,47.567160772762],[-122.299289313707,47.56724511482],[-122.299276706798,47.5673142200832],[-122.299256549257,47.5673735738693],[-122.299255074306,47.5673891262947],[-122.299250938613,47.5674327400914],[-122.299246679533,47.5675186250242],[-122.299267504311,47.5678577129524],[-122.29928689154,47.5681605978852],[-122.299292744377,47.5684189912427],[-122.299294128088,47.5684800922842],[-122.299291333876,47.5685138489504],[-122.299286854769,47.5685679781114],[-122.299267791873,47.5687983103108],[-122.299259117342,47.5688419943212],[-122.299229745035,47.5689898958652],[-122.299192368734,47.569205359859],[-122.299179499022,47.5692958924843],[-122.299148470939,47.56951414524],[-122.299141012235,47.5695827082172],[-122.299110669812,47.5698616014055],[-122.299161527675,47.5701277475628],[-122.299173281988,47.5701892609623],[-122.299186901681,47.5704254177073],[-122.299195990286,47.5705830086553],[-122.299199248536,47.5706394921672],[-122.299214782292,47.5709088329987],[-122.29920786896,47.5711329155351],[-122.299189285892,47.5718092168161],[-122.29918197022,47.5720752574164],[-122.299181031616,47.572109349094],[-122.299170641451,47.5725488066902],[-122.299169858444,47.5725819094993],[-122.299167093414,47.5726988824531],[-122.299168419076,47.5727177353897],[-122.299168152427,47.5727363137845],[-122.299168786204,47.5727545306267],[-122.299170389069,47.5727730777238],[-122.299172874695,47.5727915801556],[-122.299176650342,47.5728114243542],[-122.299182418964,47.5728346784356],[-122.299188694171,47.5728549609018],[-122.299196576521,47.5728760916634],[-122.299206242062,47.5728983743146],[-122.299217202611,47.5729200033527],[-122.299229017174,47.5729406606063],[-122.299239013548,47.572956419583],[-122.299249740288,47.5729719145558],[-122.299262703358,47.5729891691028],[-122.299276521748,47.5730060176966],[-122.299294610051,47.5730261721476],[-122.299310290094,47.5730422842524],[-122.299324523354,47.5730557359968],[-122.299347669115,47.5730763820881],[-122.299365598461,47.573094902204],[-122.299380994751,47.5731144382404],[-122.299394766156,47.5731360840982],[-122.299403864431,47.5731543618285],[-122.299410880669,47.5731730550305],[-122.299416324743,47.5731942199152],[-122.299409521427,47.5735543467831],[-122.299408821807,47.5735825214064],[-122.299399399027,47.5739616591241],[-122.299398745071,47.5739879619885],[-122.299397558935,47.5740356858127],[-122.299397108834,47.5740542143971],[-122.299395453824,47.574122255454],[-122.299374139267,47.5749983924213],[-122.299372614393,47.5750610476877],[-122.299372089345,47.5750826754631],[-122.299707999694,47.5750830814782],[-122.300291443669,47.5750837847469],[-122.300291345273,47.5751268661101],[-122.300291309849,47.5751426905491],[-122.300290501585,47.5754978706562],[-122.300289616019,47.575883763238],[-122.300288490204,47.5763768796629],[-122.300287738567,47.5767060416733],[-122.300285113452,47.5775282100979],[-122.300283279912,47.5780495318357],[-122.300282981481,47.5782560498878],[-122.300282704168,47.5783505862357],[-122.301297310063,47.5783498332357],[-122.301447268299,47.578349720846],[-122.302310206215,47.5783490716796],[-122.302652030602,47.5783496798481],[-122.303325115182,47.5783510791416],[-122.303324717831,47.5784270412451],[-122.303321573483,47.5790119911961],[-122.303320714785,47.5791733278612],[-122.303321131611,47.5796496687454],[-122.303321434313,47.579996048351],[-122.30332078445,47.5806882831229],[-122.303287042032,47.5808165229782],[-122.30325266365,47.5809361825445],[-122.303237139175,47.5809740729123],[-122.303224532009,47.5810045794244],[-122.303052138723,47.5812508658032],[-122.303004138783,47.5813678657762],[-122.302975187504,47.5815122346346],[-122.302963281053,47.5816131690608],[-122.302957131848,47.5825057036314],[-122.302954094993,47.5829456804098],[-122.302953378953,47.5830143769383],[-122.302946653052,47.5836585668477],[-122.30294596372,47.5836749377077],[-122.302911195043,47.5845016862596],[-122.302910524355,47.5845176349649],[-122.302909505008,47.5845418636095],[-122.30301268337,47.5846836857377],[-122.303604804838,47.5854975641275],[-122.303986878837,47.5859989777137],[-122.304234117242,47.5863151841224],[-122.30423939971,47.586330275895],[-122.304312814582,47.5864260740929],[-122.304454745379,47.5866112781797],[-122.304661094466,47.586880538816],[-122.304683338105,47.5869098569614],[-122.305012275282,47.5873916354363],[-122.30524939953,47.5877389340668],[-122.305827397064,47.5884106009067],[-122.305897742723,47.5885026604596],[-122.305949975645,47.5885710151703],[-122.306696633159,47.5895508820277],[-122.306779104392,47.5896591090875],[-122.306792106118,47.5896759431431],[-122.306882784092,47.5897931039236],[-122.306924767353,47.58984770924],[-122.3069583707,47.5898901129518],[-122.307037086681,47.5899935603241],[-122.305165526368,47.5900246845467],[-122.303896506915,47.5900440015022],[-122.303803428268,47.5900454180618],[-122.303129851001,47.5900556641557],[-122.30248079936,47.5900721448748],[-122.302280861085,47.590089295307],[-122.30215623491,47.5900959155083],[-122.301288824789,47.5901246367854],[-122.300191577044,47.5901360143992],[-122.299435075215,47.5901440864995],[-122.299085126992,47.5901478184671],[-122.298016052427,47.590134120699],[-122.29748922611,47.5901175273262],[-122.2954923678,47.5901125072157],[-122.294483390421,47.5901099908778],[-122.29345942312,47.5901041720706],[-122.292409788134,47.5901100982192]]]},"properties":{"beat":"R2","first_precinct":"S","sector":"R"}},{"type":"Feature","geometry":{"type":"Polygon","coordinates":[[[-122.274471095352,47.5715009085435],[-122.271671086094,47.5694399130336],[-122.267294083294,47.56888691939],[-122.264095069235,47.5656539239555],[-122.264061068662,47.5653809241016],[-122.263777057757,47.5630809242524],[-122.263689054283,47.562362924706],[-122.263633684181,47.5622782922518],[-122.263441172734,47.5620200246917],[-122.262359046617,47.5605789261352],[-122.260627037142,47.5582799284993],[-122.260374035356,47.5579439288752],[-122.259951031726,47.5571329303447],[-122.258295017091,47.5539599325789],[-122.256422021505,47.554870934864],[-122.256265482263,47.5580607302076],[-122.256273069287,47.558078972509],[-122.256278444516,47.5581089236921],[-122.256075930223,47.562150076234],[-122.256059056427,47.5626179355096],[-122.252094042687,47.5639028562743],[-122.252032061917,47.5639229403568],[-122.25154263396,47.5635803521006],[-122.250877900666,47.5631052512719],[-122.250032055852,47.5625229434741],[-122.249135677132,47.5620988140541],[-122.249126918365,47.5620793453591],[-122.248221207466,47.561647773081],[-122.244032045693,47.5596229568368],[-122.240935558526,47.5554159699559],[-122.241516604308,47.5535753608724],[-122.241598570777,47.5533178781251],[-122.242832000066,47.5493229597632],[-122.242892218113,47.5493047852234],[-122.254948981227,47.5456649372297],[-122.259207957322,47.5403719315113],[-122.260094952978,47.5392699309407],[-122.260154950683,47.5389149307157],[-122.260431943837,47.5372859301556],[-122.261573921068,47.5361427182227],[-122.261588573581,47.5361233403358],[-122.261672675088,47.5360399974253],[-122.261694440713,47.5360157586685],[-122.261709620217,47.5359971450912],[-122.261731942021,47.5359744430363],[-122.261773862895,47.5359219834507],[-122.261787133292,47.535909034309],[-122.261813724949,47.5358806309151],[-122.261877359848,47.535819361168],[-122.261897353204,47.5357926509803],[-122.261903477262,47.5357760367714],[-122.261936281736,47.5357357156953],[-122.261950338832,47.5357130896184],[-122.261974642012,47.5356765169685],[-122.261991896738,47.5356597619056],[-122.262029453451,47.5356081784198],[-122.262042722835,47.5355937440315],[-122.262065946684,47.5355731877883],[-122.262082574464,47.5355520280914],[-122.262102547141,47.5355329043912],[-122.262114017039,47.5355174230058],[-122.262141663335,47.5354920333986],[-122.262172005137,47.5354528937966],[-122.262218941714,47.5354063172719],[-122.262228773039,47.5353834015539],[-122.263213930693,47.5343779269251],[-122.262315918469,47.5317289276922],[-122.263131919227,47.5317229267307],[-122.263928917868,47.5316619259482],[-122.264350918739,47.5316449258608],[-122.264647154706,47.5315914729194],[-122.266380433127,47.5315885607293],[-122.266385180293,47.5316094712828],[-122.26640092179,47.5316784946727],[-122.266419651957,47.5317539412461],[-122.266504960822,47.5320968914321],[-122.266509623152,47.5321156314324],[-122.266592420794,47.532448466726],[-122.26659959845,47.5324773287084],[-122.266654483878,47.5326979732882],[-122.266688085009,47.5328330516162],[-122.266780167066,47.5332032071724],[-122.266849515019,47.5334819691941],[-122.266869529254,47.5335624228414],[-122.266874968755,47.5335842953059],[-122.266959509769,47.5339241279267],[-122.266966596291,47.5339528974832],[-122.267026364856,47.5341929871034],[-122.26705782632,47.5343193644852],[-122.267073510109,47.5343823657508],[-122.267119920525,47.5345689226338],[-122.267170844661,47.5347736168294],[-122.267285024129,47.5352325808993],[-122.267285277509,47.5352579120661],[-122.267284934472,47.5353042913623],[-122.267284670915,47.5353399941742],[-122.267284320597,47.5353873640153],[-122.267283618885,47.5354697549849],[-122.267283455408,47.5354903163679],[-122.267282441807,47.5356197843255],[-122.267279753383,47.5359629215817],[-122.267279607294,47.5359816529711],[-122.267276772865,47.5363435261131],[-122.267273936995,47.536705396574],[-122.267272517053,47.5368863318296],[-122.267271807693,47.5369767976504],[-122.267269962401,47.5372124668697],[-122.267264507696,47.5379088627915],[-122.267264368728,47.537926743075],[-122.26726424819,47.5379422517964],[-122.267261712334,47.5382658875259],[-122.267260659274,47.5384003460276],[-122.267259127655,47.5384716023995],[-122.26725564366,47.5385428276338],[-122.267254026196,47.5385639938996],[-122.267250205283,47.5386139974662],[-122.267242818439,47.5386850857337],[-122.267233482502,47.5387560699536],[-122.267222203386,47.5388269239627],[-122.267208981743,47.5388976234629],[-122.267192454058,47.5389773714123],[-122.267175093112,47.5390477444096],[-122.267155806129,47.5391178871214],[-122.267134595065,47.5391877743333],[-122.267111468563,47.5392573825456],[-122.267087129186,47.539324628429],[-122.267059506439,47.53939566614],[-122.267030686755,47.5394642936397],[-122.266999987496,47.5395325463248],[-122.266967421293,47.539600400645],[-122.266932996791,47.5396678330999],[-122.266896727973,47.5397348210216],[-122.266858624792,47.5398013399937],[-122.266829425972,47.5398492023966],[-122.266797164439,47.5399002349126],[-122.26676299804,47.5399506977153],[-122.266726865535,47.540000586178],[-122.266689043868,47.540049778059],[-122.266649302189,47.5400983329428],[-122.266607752998,47.5401461873365],[-122.266564422086,47.5401933130252],[-122.266519337776,47.5402396772644],[-122.266472528517,47.5402852518056],[-122.26642402401,47.5403300056861],[-122.266028726253,47.5406851975238],[-122.266445786205,47.5406867566068],[-122.267165833038,47.5406894447235],[-122.26992002855,47.5406996852613],[-122.269917945749,47.54106093927],[-122.26991486397,47.5415956153432],[-122.269909705183,47.5424911837116],[-122.269905665944,47.5431916878431],[-122.269899376414,47.544282271101],[-122.26989281844,47.5451349203986],[-122.269885604435,47.5460727821771],[-122.270413329214,47.5460687443358],[-122.271529987519,47.5460601925919],[-122.272107172835,47.5460557674463],[-122.272642512849,47.5460516606252],[-122.272895979546,47.5460497295063],[-122.272996225688,47.5460489661308],[-122.273715339671,47.546043485074],[-122.274808962326,47.5460337626985],[-122.274989914437,47.5460330201149],[-122.275358954035,47.546031503819],[-122.275408715,47.546031264638],[-122.275641865621,47.5460293989652],[-122.275699167305,47.5460289407127],[-122.275969997724,47.546017635272],[-122.275988664489,47.5460266236713],[-122.277058972737,47.5460183306708],[-122.278153376021,47.5460098409128],[-122.280825638085,47.5459878003852],[-122.280848543035,47.5459876157024],[-122.280910283986,47.5459871180702],[-122.282901854846,47.5460150909815],[-122.283341097149,47.5460212561625],[-122.284863209898,47.5460429273677],[-122.285451425335,47.5460545789832],[-122.285538828182,47.5460578468125],[-122.286473430964,47.5479862410148],[-122.286526496416,47.5480957282023],[-122.28729594588,47.5496832391217],[-122.287332284357,47.5497582091659],[-122.287345524316,47.5497857339207],[-122.287426131697,47.5499629508866],[-122.287759828628,47.5506965848443],[-122.2880057454,47.5512372215764],[-122.288387082652,47.5519748240249],[-122.288447948696,47.5520925516338],[-122.288648840979,47.5525020937983],[-122.288751807102,47.5527120011384],[-122.288808528765,47.552827632502],[-122.288914708866,47.5530259674996],[-122.289115790472,47.553451628214],[-122.289136626949,47.5534586202048],[-122.289531019739,47.5542538440335],[-122.290007580524,47.5552147138436],[-122.290045451448,47.5552894610698],[-122.290115888008,47.5554284792826],[-122.29047956442,47.5561254501216],[-122.290836823984,47.5567733651965],[-122.291010107527,47.5570586946575],[-122.291113244912,47.5572285198545],[-122.29122826988,47.55743137062],[-122.291496379156,47.5578650469487],[-122.291645033177,47.5581050826859],[-122.291861260603,47.5584239062673],[-122.292016058618,47.558671278126],[-122.29204678576,47.5587196682019],[-122.292442991541,47.5593436083798],[-122.292463508825,47.5593759195206],[-122.292579972562,47.5595593228271],[-122.293378776301,47.5608172135344],[-122.293355962683,47.5608157694117],[-122.293326446783,47.5608139012893],[-122.293240253037,47.5608084465658],[-122.292579516806,47.560793819288],[-122.291540425275,47.560765929559],[-122.291494262154,47.5607657786299],[-122.291370995649,47.560765374277],[-122.29101390558,47.5607642016569],[-122.289924424118,47.5607589357933],[-122.288844490422,47.5607536973754],[-122.28882157766,47.5607535976145],[-122.287691700066,47.5607501508711],[-122.287275197306,47.5607486020914],[-122.28702675958,47.5607476762211],[-122.287215340749,47.5609818759905],[-122.287245502283,47.561018972005],[-122.287274351801,47.5610571526155],[-122.287299985376,47.5610938684234],[-122.287326847082,47.5611352041479],[-122.28735044433,47.5611750037248],[-122.287372244447,47.5612152688859],[-122.287392229151,47.5612559638822],[-122.287410380114,47.5612970511657],[-122.287426933927,47.5613392932692],[-122.28744111138,47.561380248755],[-122.287453664299,47.5614222829467],[-122.287831948582,47.5628030257006],[-122.28783614368,47.5628182723966],[-122.288185947388,47.5640950377677],[-122.288210212374,47.5641836003751],[-122.288235207131,47.5642748272456],[-122.288611890517,47.5656495448882],[-122.288616068875,47.565664794474],[-122.288706473898,47.565994711969],[-122.288747844866,47.5661456891553],[-122.288893589051,47.5666756138261],[-122.288953547837,47.5668936177627],[-122.288976000467,47.5669752630386],[-122.288998457229,47.5670569109567],[-122.289015346578,47.5671183208161],[-122.289151903857,47.5676148366031],[-122.289243642459,47.5679483755527],[-122.289192904154,47.567948070789],[-122.288464753756,47.5679437085581],[-122.288311868903,47.5679427918341],[-122.288014926769,47.5679410121508],[-122.287679009326,47.5679389979819],[-122.28723720969,47.5679363496476],[-122.287211940932,47.5679361977862],[-122.286745020105,47.5679333946858],[-122.286143576848,47.5679297808164],[-122.285050893659,47.5679232127343],[-122.283973267886,47.5679167200148],[-122.282895602419,47.5679102139938],[-122.281817935918,47.5679036986754],[-122.28077263622,47.5678973665237],[-122.28076660529,47.5679160082808],[-122.280749663046,47.567968375391],[-122.280742996791,47.5679889800586],[-122.280743397984,47.5687623429906],[-122.280743499064,47.5687954396675],[-122.280438372151,47.5687966050524],[-122.279990272645,47.5687983186231],[-122.279537237409,47.5687967674007],[-122.279542578412,47.5693524278936],[-122.279545138479,47.5695556564575],[-122.279550468142,47.5699788937914],[-122.279552440081,47.5701354794607],[-122.279502255347,47.5701157850976],[-122.279561091968,47.5706679017415],[-122.279547094494,47.5711519016563],[-122.278994094401,47.5711529022691],[-122.278465093939,47.5711679032441],[-122.277493099523,47.5722689043958],[-122.276615098728,47.5722569058202],[-122.276284433768,47.5722604629224],[-122.276259334176,47.5722492657156],[-122.275499098315,47.5722569072198],[-122.274471095352,47.5715009085435]]]},"properties":{"beat":"R3","first_precinct":"S","sector":"R"}},{"type":"Feature","geometry":{"type":"Polygon","coordinates":[[[-122.274964936676,47.6973449004602],[-122.274651655369,47.6973378946417],[-122.274525654655,47.6973968944749],[-122.272334654983,47.6973218995085],[-122.271440508679,47.6973467613249],[-122.27141665498,47.6973469012636],[-122.271354520838,47.6969224429448],[-122.271116647518,47.695617901269],[-122.270326608377,47.6946519521599],[-122.270035548291,47.6942887430233],[-122.269406638176,47.693501905562],[-122.267573633035,47.6923429088618],[-122.26617362514,47.6905409115876],[-122.265805623386,47.6903179125873],[-122.265451623046,47.6901029128661],[-122.263573280478,47.690101524367],[-122.263550726975,47.6900985841796],[-122.262213620027,47.689633919693],[-122.255884619855,47.6896139316704],[-122.248777609127,47.6867709455879],[-122.248572529665,47.6866019675438],[-122.248536336321,47.6865935453026],[-122.247052603634,47.6854349481644],[-122.244933593445,47.6826249521701],[-122.244660778161,47.6810384036891],[-122.244666837601,47.6810185782191],[-122.244672760172,47.6810030814539],[-122.244436581363,47.6798339527427],[-122.248378553257,47.6742559467146],[-122.249939546895,47.6730559433517],[-122.25023454627,47.6728299426103],[-122.251012418607,47.6722318783222],[-122.258697264205,47.6663559833507],[-122.259860513138,47.6654659254016],[-122.264036505124,47.6636039179078],[-122.265380502682,47.6629969156949],[-122.266241494326,47.6611939140763],[-122.266387856405,47.6608803038952],[-122.268228353071,47.6569275383411],[-122.268254981061,47.6569002645657],[-122.268271475293,47.6568439105013],[-122.268355308132,47.6567918500547],[-122.268364231846,47.6567751149495],[-122.269201041647,47.6561881559114],[-122.270752466931,47.6551069059301],[-122.2717714643,47.6544019039893],[-122.271686461783,47.6539729046347],[-122.271137433217,47.6473319059965],[-122.275583433452,47.647391898223],[-122.275828280968,47.6473929618904],[-122.277018433567,47.6474118961342],[-122.277015436012,47.6479718956901],[-122.277434435582,47.6480218952103],[-122.278494440105,47.6489498930759],[-122.279683444551,47.649990891124],[-122.281434451402,47.6515218871627],[-122.281745456474,47.6527478865743],[-122.281834458642,47.6531218867088],[-122.284034462299,47.6541218825262],[-122.286553538496,47.6545094282746],[-122.28663446493,47.6545218778413],[-122.286759464041,47.6545218776281],[-122.287000294077,47.6545218795675],[-122.288695718562,47.6545218765693],[-122.289034465018,47.654521873309],[-122.290012464082,47.6543068715196],[-122.292234461519,47.6538218675345],[-122.293212241497,47.6532467263233],[-122.295634453049,47.6518218623315],[-122.296634446756,47.6505218606224],[-122.29723444392,47.6500218598495],[-122.297134441262,47.6492218601099],[-122.298529625091,47.648412035799],[-122.300235433313,47.6474218549741],[-122.300261890533,47.6473772079611],[-122.300270421058,47.6473628097253],[-122.300811432077,47.6473648536658],[-122.304450432631,47.6473498474888],[-122.304519843041,47.6473786897224],[-122.304597951743,47.6474111465723],[-122.304589948588,47.6474854508304],[-122.304590147506,47.6477149777403],[-122.304590239589,47.6478208469395],[-122.304590435248,47.6480476238102],[-122.304590517103,47.64814263946],[-122.304591124798,47.6488428509633],[-122.304591259145,47.6489974041924],[-122.304605395031,47.6490121828089],[-122.304583688329,47.649282535028],[-122.304580087458,47.649325784865],[-122.304575390317,47.6493821875306],[-122.304567503539,47.6494768959121],[-122.304537611427,47.6496282062828],[-122.304485023634,47.6498105536978],[-122.304466829418,47.6498663921528],[-122.304428026524,47.6499854805658],[-122.304250003367,47.6504622573563],[-122.304098704612,47.6507553681092],[-122.303933480786,47.6510386378167],[-122.303907360158,47.6510834198856],[-122.303447892744,47.651890697315],[-122.30336298902,47.6520383418041],[-122.303317391799,47.6521176337102],[-122.303215294983,47.6522951751175],[-122.303146709386,47.652414443224],[-122.303120814916,47.6524704761707],[-122.303015921123,47.6527369528536],[-122.302804839484,47.6534014971702],[-122.302526433215,47.6543340502555],[-122.302329632294,47.6549932329623],[-122.302136440165,47.6556403095723],[-122.302066394143,47.6558749199475],[-122.302035676895,47.6559778029805],[-122.301987666106,47.6561386066408],[-122.301769668727,47.6568687340435],[-122.301423502891,47.65802808738],[-122.301405400445,47.6580887135353],[-122.301138761169,47.6589816831088],[-122.301132890256,47.6589966768266],[-122.301063956685,47.659464327719],[-122.301039438864,47.6595659754418],[-122.301016896227,47.6596678316011],[-122.301010985342,47.6596971663394],[-122.300996332269,47.6597698781611],[-122.300977750515,47.6598720979852],[-122.300961154485,47.6599744739369],[-122.30094654504,47.6600769889135],[-122.30093392962,47.6601796230289],[-122.300923305143,47.6602823610307],[-122.300914676437,47.6603851848651],[-122.300908621064,47.6604253490346],[-122.300906148426,47.6605099720175],[-122.300900771892,47.6606939886622],[-122.300900130808,47.6607969821514],[-122.300901990186,47.6609598684303],[-122.300904477772,47.6611778821551],[-122.300905642465,47.6612505979518],[-122.300907270405,47.6627249365101],[-122.300907289258,47.6630727096367],[-122.300899120367,47.6631502829751],[-122.30088691576,47.6632661772599],[-122.300910497202,47.6642740614585],[-122.300911844727,47.6643316004529],[-122.300911935868,47.6643601102757],[-122.300911420893,47.6644072442132],[-122.300909443009,47.6644600131965],[-122.300905612303,47.6645155498288],[-122.300900040485,47.6645710189333],[-122.300892725483,47.6646263944478],[-122.30088766027,47.6646573096615],[-122.300883670651,47.6646816538388],[-122.300872883233,47.6647367709241],[-122.300860366508,47.6647917204721],[-122.300846123828,47.664846479949],[-122.300800928833,47.6650095630946],[-122.300666580852,47.6654943380478],[-122.300650851725,47.6655552357146],[-122.300637254633,47.665616368598],[-122.300625745161,47.6656782860265],[-122.300616484545,47.6657391984206],[-122.300609322972,47.665800827744],[-122.300604317536,47.6658625543377],[-122.300601469917,47.6659243430961],[-122.300600756551,47.6659861610377],[-122.300601584359,47.6660411509617],[-122.300602598432,47.6661085421582],[-122.30060362315,47.6661764990651],[-122.300604980664,47.666266718561],[-122.300605394034,47.6663374559066],[-122.300606420491,47.6665038856011],[-122.30060675632,47.6665581945676],[-122.300607429712,47.6666674871772],[-122.300608107697,47.6667767536389],[-122.300608778977,47.6668860183873],[-122.300609455585,47.6669952830666],[-122.300610128278,47.6671045504947],[-122.300610804891,47.6672138151731],[-122.300611477489,47.6673230790032],[-122.300612154108,47.6674323436807],[-122.300612826736,47.6675416084091],[-122.300613503438,47.6676508757835],[-122.300614179989,47.6677601377617],[-122.300614852626,47.6678694024887],[-122.300616113031,47.6679783528813],[-122.300615467935,47.6679938558836],[-122.300616170223,47.6680783650627],[-122.300617850842,47.6683412305286],[-122.30061841508,47.6684295296962],[-122.300618966137,47.6685102382171],[-122.300618953815,47.6685257474621],[-122.30062687025,47.6699876125391],[-122.300634341026,47.6713363515208],[-122.300638359937,47.6720618487341],[-122.300638848556,47.6721499671444],[-122.300644047481,47.6736341878677],[-122.300644533936,47.6737728484596],[-122.300651258433,47.6756919865358],[-122.300651547665,47.6757742205276],[-122.30065006065,47.6758564764957],[-122.300635631423,47.6766543733778],[-122.300632587314,47.6768225871572],[-122.300626399745,47.6771647446355],[-122.300620145201,47.6775105715334],[-122.300618659113,47.6775928166867],[-122.300663809978,47.6794090295053],[-122.300709551026,47.6811471539517],[-122.30073163349,47.6820239556332],[-122.300758227743,47.6830474272921],[-122.300780886052,47.6839521558276],[-122.300799675015,47.684702539686],[-122.300803542565,47.6848569815125],[-122.300804858891,47.6849077405935],[-122.300844541917,47.6864380671171],[-122.300845888627,47.6865555589089],[-122.300868839939,47.6866743458722],[-122.300888137888,47.6867107163991],[-122.300910373036,47.6867470230078],[-122.300934015591,47.6867829228606],[-122.300959047452,47.6868183883019],[-122.301288853621,47.6872702078942],[-122.301329376584,47.6873257209688],[-122.301392749282,47.6874124373087],[-122.301451297024,47.6875007226034],[-122.301491657001,47.6875615822384],[-122.301512773782,47.6875964260061],[-122.301533954629,47.6876335359329],[-122.301563828693,47.6876873356534],[-122.301574670306,47.687708908678],[-122.301585532082,47.687737088093],[-122.301596555226,47.6877709301994],[-122.301607705058,47.6878093019502],[-122.301620499658,47.6878465199136],[-122.301633327605,47.6878848700405],[-122.301644749774,47.6879152921259],[-122.301659302234,47.6879728939277],[-122.301665839257,47.6880260515353],[-122.301677723913,47.688090467983],[-122.301684323631,47.6881458899708],[-122.301685923753,47.6882025089725],[-122.301682268287,47.6882512675307],[-122.301679694578,47.6882670238746],[-122.301676681442,47.6882854756798],[-122.301672257728,47.6883125665119],[-122.301647670327,47.6884658411381],[-122.301641337222,47.688505325149],[-122.3016386656,47.6885207292109],[-122.301634831226,47.6885428403668],[-122.301562615438,47.688959266524],[-122.301477317401,47.6894511224491],[-122.301458873756,47.6895590905559],[-122.301455400497,47.6895756924084],[-122.301450973748,47.68960721019],[-122.301449445859,47.6896346622254],[-122.30145005282,47.6896621299392],[-122.301452861923,47.6896898256693],[-122.301457658825,47.6897168120967],[-122.301464633654,47.6897438766192],[-122.301553005637,47.6899688737625],[-122.301558893228,47.689983864384],[-122.301474933365,47.6900410827768],[-122.301478998811,47.6902648207836],[-122.301478139257,47.6902931979916],[-122.301483843207,47.6909010460692],[-122.301486645036,47.6911748809843],[-122.301495490884,47.6920840521859],[-122.30150397483,47.6929932307134],[-122.301512622803,47.6939024034942],[-122.301521309808,47.694811579335],[-122.301525672785,47.6952693511187],[-122.301529974396,47.6957207527301],[-122.301538499516,47.6966144197144],[-122.301538647356,47.6966299286802],[-122.301547311219,47.6975391020125],[-122.300864702017,47.6975341569771],[-122.298784079587,47.6975195651778],[-122.296632130044,47.6975035131053],[-122.296041404527,47.6974991119478],[-122.296018435196,47.6974988156782],[-122.29326763744,47.6974788506746],[-122.293112122058,47.6974777056369],[-122.290572655023,47.6974591015779],[-122.290531177939,47.6974587970351],[-122.28785135553,47.6974381861827],[-122.285958286908,47.6974232166928],[-122.285297432909,47.6974179839752],[-122.28527446159,47.6974178016149],[-122.284336656173,47.6974107356913],[-122.284306702508,47.6974105097837],[-122.284254650783,47.6974101171739],[-122.283824655693,47.6974068747985],[-122.282699158522,47.6973983785212],[-122.281888736997,47.6973920960832],[-122.281754438023,47.6973910545419],[-122.281357582773,47.6973879745588],[-122.281043114577,47.6973855353214],[-122.280017748485,47.6973775776905],[-122.27897893147,47.6973694908762],[-122.278590898512,47.6973664710861],[-122.278355658632,47.6973646399626],[-122.2782727213,47.6973639938746],[-122.278199746801,47.6973634256398],[-122.277906082838,47.6973611386317],[-122.277760752259,47.6973600055039],[-122.277622386942,47.6973592121368],[-122.276543794359,47.6973505168434],[-122.276511527551,47.6973497154505],[-122.276443713645,47.6973480309252],[-122.274964936676,47.6973449004602]]]},"properties":{"beat":"U3","first_precinct":"N","sector":"U"}},{"type":"Feature","geometry":{"type":"Polygon","coordinates":[[[-122.37400278484,47.5899971703706],[-122.372414086199,47.5886888796283],[-122.364465089913,47.5905288844701],[-122.360103789554,47.5915381842351],[-122.349836097063,47.5939148950707],[-122.346512100559,47.5956708973916],[-122.344835575545,47.5992214374109],[-122.344338182737,47.5909798001878],[-122.34433418193,47.5908198008801],[-122.344326180197,47.5904248008137],[-122.344224784304,47.5854981714819],[-122.344196153104,47.5844858032317],[-122.344125138401,47.581229805378],[-122.344090812507,47.5800437178283],[-122.34406271933,47.5783589111484],[-122.34398210909,47.5746508080556],[-122.344216286302,47.5740156174618],[-122.344528102836,47.5731698075954],[-122.34463009853,47.5722108078987],[-122.344698478509,47.5720315268138],[-122.344852270974,47.5716283062843],[-122.344885750584,47.5715405269636],[-122.344905095664,47.5714898079011],[-122.344992411769,47.571231046115],[-122.34502209465,47.5711598079973],[-122.345052903067,47.5710892458074],[-122.345106093344,47.5709538074304],[-122.345154990564,47.5708247188879],[-122.345161650275,47.5708098785121],[-122.345192302614,47.5707418750494],[-122.345198035989,47.5707268589697],[-122.345744086016,47.5692968075432],[-122.346135325507,47.5682845694101],[-122.346546076864,47.567221807827],[-122.346669074857,47.5669048073563],[-122.346794074069,47.5666488070454],[-122.34681707473,47.5669578071287],[-122.350403084878,47.5691218012294],[-122.350737978885,47.5689498954282],[-122.351079083786,47.5687748002383],[-122.351164084281,47.5688497997384],[-122.351294084492,47.568955799989],[-122.35151308476,47.5690087994315],[-122.351994086079,47.569359799014],[-122.352283087248,47.5695907985776],[-122.35264908766,47.5697037972756],[-122.352705845523,47.5697473942393],[-122.352720995989,47.5697590306861],[-122.352909087804,47.5699037971402],[-122.352980088853,47.5700187966163],[-122.353254089731,47.5702367969792],[-122.353964949937,47.5709446526445],[-122.354037907147,47.5709443372093],[-122.354123709311,47.5709439668717],[-122.354770122514,47.5709477534731],[-122.355757095739,47.5709535269884],[-122.355785768788,47.5709536945233],[-122.356009534363,47.5709543145312],[-122.35605013685,47.5709545309507],[-122.356100082165,47.5709539412222],[-122.356204009281,47.5709527391227],[-122.356284039332,47.5709567239275],[-122.356549383427,47.5709705662322],[-122.356665933139,47.570977292933],[-122.356731302607,47.5709810654168],[-122.35675601514,47.5709829428602],[-122.356948446289,47.5709975623245],[-122.356987651264,47.5710029429285],[-122.357319848124,47.5710455577276],[-122.35847912514,47.5712076180387],[-122.358526991179,47.5712134576928],[-122.358853639578,47.5712264902839],[-122.359336729446,47.571250831175],[-122.359366365433,47.5712523244117],[-122.359999612849,47.571284227964],[-122.360142433027,47.5712738268648],[-122.36023071921,47.5712640787702],[-122.360261029517,47.5712607317879],[-122.36033453991,47.571249751652],[-122.36039213855,47.571238285271],[-122.360418987142,47.5712329399141],[-122.360455657992,47.571225640009],[-122.360572645091,47.5711865943419],[-122.360675090087,47.5711552394867],[-122.360800722799,47.5711086250348],[-122.360835773198,47.5710956198265],[-122.360985091321,47.5710261597094],[-122.361006870412,47.5710139058104],[-122.361183376877,47.5709145934449],[-122.361198393445,47.5709028774876],[-122.361748084947,47.5703603266119],[-122.361778177408,47.5703267073996],[-122.361803729835,47.5703057096365],[-122.361952217332,47.5701585776035],[-122.362015773458,47.5701586047317],[-122.362197464577,47.5699192453979],[-122.36225309114,47.569845971317],[-122.362295457587,47.5697901643283],[-122.362322509907,47.5697545293247],[-122.362645269051,47.5693293700327],[-122.362738089621,47.569207100741],[-122.363155653207,47.5686570475344],[-122.363279862908,47.5684931863075],[-122.363281920323,47.5683921902847],[-122.363282608157,47.5683474638448],[-122.363292351435,47.5677141249184],[-122.363295217896,47.5675277840849],[-122.36331044436,47.566538119146],[-122.363312425776,47.5654951413013],[-122.363313806499,47.5647687857943],[-122.363313836876,47.564752672373],[-122.363313883843,47.5647286178228],[-122.363438991288,47.5647284283408],[-122.363751862904,47.5647279539966],[-122.364367082302,47.564727020304],[-122.364752161538,47.5647264316894],[-122.365338068692,47.5647255340398],[-122.365459341451,47.5647254317933],[-122.365943063267,47.5647243832525],[-122.366153092677,47.5647239275463],[-122.366193459493,47.5647238384868],[-122.36638814197,47.564723414745],[-122.367283064056,47.5647214612915],[-122.368136025646,47.5647195922811],[-122.369664522257,47.5647163814788],[-122.370807707789,47.5647139670057],[-122.370804913427,47.5649934573864],[-122.370798271934,47.565422186012],[-122.370798042571,47.5654376940162],[-122.370786912486,47.5661614723142],[-122.370784367647,47.5663247044837],[-122.370775631101,47.5668851788799],[-122.370768859214,47.5673349459017],[-122.370767593977,47.5674190133443],[-122.370764735844,47.5676089179981],[-122.370981939399,47.5676221593423],[-122.371007953233,47.5676237542859],[-122.371195470888,47.5676492365779],[-122.371379134637,47.5676856794585],[-122.371557416572,47.5677327887537],[-122.371725654446,47.5677893267286],[-122.371892507309,47.5678575071591],[-122.37202830737,47.5679249911878],[-122.372046778699,47.5679341709918],[-122.372409135645,47.5681480569247],[-122.372453981562,47.5681725509677],[-122.372502503429,47.5681949935804],[-122.372551288515,47.5682142425654],[-122.372603184224,47.5682312021716],[-122.372842606019,47.5682810163229],[-122.372991997935,47.5683120983788],[-122.373114754773,47.568007465377],[-122.373193939392,47.5679090075163],[-122.373264510564,47.5679159287365],[-122.37353145451,47.5669767813223],[-122.373630813053,47.5667676334271],[-122.373675578907,47.5666955621841],[-122.373732039932,47.5666053643966],[-122.373879209248,47.5664071087607],[-122.374018123608,47.5662497570634],[-122.374280288426,47.5660185376758],[-122.374324427132,47.5659869997493],[-122.374650304122,47.5657541583929],[-122.375021016916,47.5655472180186],[-122.37509049918,47.5655084315359],[-122.375475993071,47.5653044549354],[-122.375589099019,47.5652525806902],[-122.375673817389,47.5652165936749],[-122.375908636019,47.5651187670226],[-122.376038754538,47.5650814278183],[-122.376188265541,47.5650385238369],[-122.376196384922,47.5655464344918],[-122.376186658049,47.5664869745503],[-122.376168382706,47.5673797385132],[-122.376155670286,47.5680007610952],[-122.376151807823,47.5682543187854],[-122.37615024633,47.5683568092125],[-122.376139233878,47.569033163134],[-122.376119803372,47.5702264233643],[-122.376103766267,47.570656660366],[-122.376084443139,47.5711750775601],[-122.376616550393,47.5711794713875],[-122.377101727375,47.5711834752639],[-122.377622648125,47.5711876294334],[-122.378179187606,47.571192064649],[-122.379099499696,47.571199444584],[-122.379256624708,47.5712007035194],[-122.379372785314,47.5712016178373],[-122.380334605571,47.5712091880456],[-122.380887086769,47.5712134664153],[-122.381289168132,47.5712165781456],[-122.38141311483,47.5712175382129],[-122.382526708791,47.5712264301913],[-122.383579975804,47.5712347546918],[-122.383701521599,47.5712357054177],[-122.384105585783,47.571238866521],[-122.384497840044,47.5712419327143],[-122.384619037512,47.571242880015],[-122.385672398897,47.5712510732031],[-122.386580373024,47.5712582210144],[-122.386765886111,47.5712596809185],[-122.386765129382,47.5719321389856],[-122.386765033155,47.5720158518236],[-122.386923211301,47.5720173772909],[-122.388102008031,47.5720287380549],[-122.389438717075,47.5720414988624],[-122.389604412788,47.5720431498209],[-122.390451319333,47.5720515858467],[-122.390775749643,47.5720548161924],[-122.391045723302,47.5720576221681],[-122.391925094664,47.57206675757],[-122.39208675552,47.5720684359322],[-122.392212445503,47.5720696815255],[-122.393416988091,47.5720816220293],[-122.394620845573,47.572093337882],[-122.394746944629,47.572094564263],[-122.394875044874,47.5720958511838],[-122.395118171123,47.5720982929081],[-122.395912189861,47.5721062623113],[-122.396077801507,47.5721079238907],[-122.396104089296,47.5721081761272],[-122.396458266418,47.5721115751665],[-122.396564913562,47.5721125982426],[-122.397408274148,47.5721167292402],[-122.397515882799,47.5721185595546],[-122.400100497764,47.572122131165],[-122.400265098001,47.5721227282336],[-122.402796219353,47.5721926969453],[-122.403423220162,47.5721999576396],[-122.403782243522,47.5722041135099],[-122.403825349853,47.5722050007032],[-122.404271009382,47.5722141684666],[-122.404583237953,47.5722178446953],[-122.405372863689,47.5722291374061],[-122.405547915136,47.5722316406786],[-122.406813719845,47.5722480763768],[-122.406894725003,47.5722491270494],[-122.406935920259,47.5722495888002],[-122.407196106807,47.5722525054038],[-122.407356445376,47.5722520743524],[-122.408185604768,47.5722668080972],[-122.408272261719,47.5722672613238],[-122.408299308122,47.5722674030757],[-122.409557117277,47.5722852648531],[-122.410139119597,47.5722931069402],[-122.410204568847,47.5722939895406],[-122.410846686281,47.5723026370122],[-122.411102029213,47.5723060320118],[-122.412153628839,47.5723200079145],[-122.412943090328,47.5723291029749],[-122.412996553937,47.5723297186582],[-122.413049131874,47.5723303241307],[-122.413537098712,47.5723217092272],[-122.41578102869,47.5723517141026],[-122.4185640993,47.572397701748],[-122.418972100783,47.5726647009168],[-122.419006726321,47.5702671342862],[-122.423902050362,47.5725178467903],[-122.424188049798,47.5726498462747],[-122.425435056803,47.5757648439553],[-122.424936062119,47.578291844163],[-122.42319306636,47.5798408447387],[-122.422565066651,47.5803978452606],[-122.421388757661,47.5807691277123],[-122.4132767658,47.5833321337107],[-122.413101073553,47.5833878511852],[-122.41192076696,47.5837601356185],[-122.410832075872,47.5841038520577],[-122.406808773847,47.5860871390766],[-122.40521577593,47.5868741405034],[-122.404607082257,47.5871748557388],[-122.399947788039,47.5907761442415],[-122.396776095476,47.5932288598251],[-122.396220097718,47.5938858599776],[-122.393778104159,47.5967658608957],[-122.389939108974,47.5993898627542],[-122.387783111912,47.6006398645477],[-122.383911108771,47.5993768682637],[-122.379789105574,47.5975238716411],[-122.377915099587,47.5946598732303],[-122.375672091917,47.5913698760669],[-122.37400278484,47.5899971703706]]]},"properties":{"beat":"W1","first_precinct":"SW","sector":"W"}},{"type":"Feature","geometry":{"type":"Polygon","coordinates":[[[-122.263766881515,47.523302926886],[-122.263470881234,47.5233059268654],[-122.2631718817,47.5233099272883],[-122.262976880778,47.5233089280136],[-122.261804880969,47.523307928763],[-122.259450917293,47.523306052367],[-122.259302881491,47.5233059325088],[-122.259311258792,47.521409824394],[-122.259302872073,47.5213559325537],[-122.257050867069,47.5201569354539],[-122.253090692185,47.5170610878517],[-122.252142174708,47.5163212770601],[-122.252106136535,47.5162983783451],[-122.252078594807,47.5162809644476],[-122.252052684715,47.516267684473],[-122.25197063554,47.5162086436208],[-122.251943741874,47.5161871293601],[-122.251916366386,47.5161665000111],[-122.251898347386,47.5161550501695],[-122.251871014464,47.5161359837667],[-122.25181784935,47.5160659417161],[-122.251673007544,47.5159896192509],[-122.251630981848,47.5159604539449],[-122.251576947383,47.5159176433515],[-122.251512852509,47.5158707158785],[-122.251494327125,47.5158561669117],[-122.251452066241,47.5158245476972],[-122.251409606643,47.5157949451315],[-122.251356967991,47.5157631127049],[-122.251339450919,47.5157515062801],[-122.251102846749,47.5156359424592],[-122.250072844322,47.5150159437477],[-122.248579842892,47.5145209467365],[-122.242090696484,47.5123718419646],[-122.238368832487,47.5111389717089],[-122.235342632343,47.5095385902635],[-122.235291827002,47.509514978973],[-122.236230826364,47.5095229765757],[-122.236658257844,47.509556114461],[-122.236802787852,47.5095580383716],[-122.236917177178,47.5095595609614],[-122.236984051713,47.5095604508619],[-122.237070544231,47.5095621651531],[-122.237119806267,47.5095631413266],[-122.237192327628,47.509567977064],[-122.237288608236,47.5095658504019],[-122.237340496383,47.5095665754158],[-122.23748284296,47.5095685704338],[-122.237699515267,47.5095716028081],[-122.237900887854,47.5095744209747],[-122.238023588683,47.5095761365221],[-122.238795767226,47.5095869758882],[-122.238818654022,47.5095872557948],[-122.238873696946,47.5095880814022],[-122.238911743515,47.5095886522512],[-122.241113598616,47.5096216495424],[-122.242678852271,47.5096434994131],[-122.243300574678,47.5096521720053],[-122.243373039872,47.5096531830497],[-122.243396383388,47.5096535085401],[-122.243549615149,47.509655645081],[-122.243808450762,47.5096583509554],[-122.243953217549,47.5096607036318],[-122.244529926825,47.5096678082589],[-122.244866629721,47.5096740015911],[-122.244910563097,47.509674063664],[-122.244955639349,47.5096730850834],[-122.245095471492,47.5096743236771],[-122.24593408446,47.5096880129936],[-122.246289358547,47.5096938109907],[-122.246594352213,47.5096980556747],[-122.246780441876,47.5097006452748],[-122.247144521723,47.5097057102885],[-122.246983284782,47.5092918174059],[-122.24699154075,47.5092758143955],[-122.247003012075,47.5092535794864],[-122.247008951207,47.5092303798116],[-122.247014890335,47.5092071801364],[-122.247014897148,47.5091836341975],[-122.247014903937,47.5091600873593],[-122.247008977193,47.5091368833582],[-122.247003051854,47.509113682038],[-122.246991368141,47.5090915050614],[-122.246979684511,47.5090693307815],[-122.246962582718,47.5090488288105],[-122.246945485041,47.5090283312837],[-122.246923470213,47.5090101106478],[-122.2469014554,47.5089918900076],[-122.246875173946,47.5089764824093],[-122.246848892507,47.5089610748049],[-122.246819116124,47.5089489321231],[-122.246789343762,47.5089367902832],[-122.246754995686,47.5089266395007],[-122.246862297801,47.5085675256037],[-122.246936057044,47.50832671671],[-122.246971654633,47.5082105027454],[-122.246847549504,47.5080749140958],[-122.246691084185,47.5079039648811],[-122.246562105618,47.5077630489492],[-122.246436326536,47.5076256266548],[-122.246383446234,47.5075678527168],[-122.246334644598,47.5075145349502],[-122.246233399319,47.5074039118109],[-122.246182199611,47.5073479745277],[-122.24614216423,47.5073042334997],[-122.246107852008,47.5072667471721],[-122.246095553603,47.5072533118724],[-122.246076563527,47.5072325660928],[-122.246072736421,47.5071492892501],[-122.246068524483,47.50705764022],[-122.246064594429,47.5069721309781],[-122.24604813947,47.5066142910723],[-122.246047343169,47.5065969559986],[-122.246045615246,47.5065593494762],[-122.246043091028,47.5065044078801],[-122.246037177777,47.5063757871074],[-122.246034693333,47.5063217248148],[-122.246029431481,47.5062072950551],[-122.246037333183,47.5061669545347],[-122.246061194667,47.5060451411847],[-122.246080693501,47.5059715434096],[-122.24610530755,47.5058786379814],[-122.246147706736,47.5057186223254],[-122.246200820023,47.5055181555604],[-122.246211514096,47.5054777892795],[-122.246257924278,47.5053026204672],[-122.246263949944,47.5052798749462],[-122.246276168604,47.5052337494098],[-122.246195812338,47.5050975465475],[-122.246048828077,47.5048484014839],[-122.246039776322,47.5048330582489],[-122.246018811902,47.5047975225979],[-122.245988758173,47.5047465785019],[-122.245893520041,47.5045851489786],[-122.24580016212,47.5044268958349],[-122.245712151321,47.5042777231389],[-122.245648011289,47.5041689985916],[-122.245583328856,47.5040593541803],[-122.245513040611,47.5039402105199],[-122.245486854533,47.5038950295515],[-122.245498630186,47.5038144949334],[-122.245519065518,47.5036747460217],[-122.245539857867,47.5035325466824],[-122.245543325717,47.5035088317683],[-122.245567737131,47.5033418891964],[-122.245579471153,47.5032616402548],[-122.24559156349,47.5031789372743],[-122.245616523751,47.5030283486895],[-122.248022730506,47.5030666103112],[-122.248022567688,47.503082970477],[-122.248021465051,47.5031940637397],[-122.248018847521,47.5034576689083],[-122.248018222729,47.5035206119813],[-122.248016886911,47.5036550632946],[-122.248015787615,47.5037657912825],[-122.248014926238,47.5038524558826],[-122.248012965648,47.5040498520682],[-122.248000655368,47.5052895418666],[-122.247985524344,47.5055932536977],[-122.247982792122,47.5057906460025],[-122.247980058454,47.505988034727],[-122.247977740141,47.5061552748282],[-122.247976361663,47.5062547884119],[-122.247984950588,47.5063148441742],[-122.247990115008,47.5063509523394],[-122.248651646138,47.5063602066479],[-122.24867368506,47.5063666663046],[-122.248782945177,47.5063778897875],[-122.248783655564,47.5063355912166],[-122.248784880846,47.5062614965236],[-122.248786862556,47.5061419091419],[-122.248789232811,47.505999076015],[-122.248792273335,47.5058154507303],[-122.248793974566,47.5057129680467],[-122.248795316541,47.5056318272114],[-122.248797658407,47.5054906397879],[-122.248798296217,47.5054521239971],[-122.248801021359,47.5052876441152],[-122.248803747811,47.5051231642169],[-122.248805353557,47.5050262619794],[-122.248806033414,47.5049851386533],[-122.248809198058,47.5047942062527],[-122.248811924531,47.5046297290529],[-122.248812790028,47.5045773990219],[-122.24881464966,47.5044652518699],[-122.248815881965,47.5043909789704],[-122.248817374699,47.5043007719892],[-122.248818922301,47.504207353688],[-122.248820101048,47.5041362920921],[-122.248822826126,47.5039718149097],[-122.248825008268,47.5038401048563],[-122.248825713525,47.5037975220788],[-122.248828051268,47.5036564822394],[-122.248831849843,47.5034273390572],[-122.248838292018,47.5030385954848],[-122.248845719906,47.5029927821418],[-122.2480423215,47.5029777629611],[-122.246244892415,47.5029594228175],[-122.246216704657,47.502959134834],[-122.245637281531,47.5029532168225],[-122.245090177437,47.5029476263232],[-122.244956438709,47.5029462591231],[-122.244819537113,47.5029442303005],[-122.244448228664,47.5029387264908],[-122.244243395633,47.5029356906669],[-122.244146086919,47.5029342476935],[-122.244105969497,47.5029336531087],[-122.243830629843,47.5029295700539],[-122.243702220095,47.5029276655995],[-122.243573811708,47.5029257618827],[-122.243530221341,47.5029251148689],[-122.243489775894,47.5029245151444],[-122.243325458801,47.5029220783145],[-122.243130164171,47.5029191811285],[-122.242945785884,47.5029162299596],[-122.242511694942,47.502909280773],[-122.242379688669,47.5029071675714],[-122.242255193917,47.5029056033241],[-122.241864814885,47.5029006974211],[-122.241796944773,47.502899844438],[-122.241382276688,47.5028946309198],[-122.241240962874,47.5028928540049],[-122.241116433104,47.502889546442],[-122.240971047187,47.5028856840528],[-122.240822410467,47.5028817358286],[-122.240824740733,47.5026242898212],[-122.240826571802,47.5024220730139],[-122.24082749054,47.5023205179252],[-122.240828329035,47.5022279902977],[-122.240828848431,47.5021705595557],[-122.240829404845,47.5021091395814],[-122.240830201862,47.5020211248018],[-122.240830639785,47.5019727251346],[-122.240831587409,47.5018680112344],[-122.240832189602,47.5018014513462],[-122.240832405866,47.5017775942891],[-122.24083294021,47.5017185045216],[-122.240834047321,47.5015962403805],[-122.240834342818,47.5015635645792],[-122.240834501051,47.5015461151076],[-122.240835231491,47.5014653230465],[-122.240836359989,47.5013816221811],[-122.240838376627,47.501232070357],[-122.240840406679,47.5010815405146],[-122.240842361879,47.500936549464],[-122.240844423704,47.5007836074323],[-122.240846514189,47.5006286292777],[-122.240848516461,47.5004801211542],[-122.240850546673,47.5003295994063],[-122.24085248665,47.5001857186365],[-122.240854619864,47.5000274564561],[-122.240856738604,47.4998703306349],[-122.240858807247,47.4997169558173],[-122.240859916604,47.4996347125223],[-122.240853179176,47.4995706113319],[-122.240851328645,47.4995530032449],[-122.240876223597,47.4992509836137],[-122.241107946923,47.4992535857891],[-122.241357850004,47.4992563920601],[-122.241458695578,47.4992575235983],[-122.241578048246,47.4992553993026],[-122.241600107429,47.4992596083627],[-122.241734556975,47.4992637152237],[-122.241877141263,47.499268070055],[-122.242092235063,47.4992661275845],[-122.242316212015,47.4992692875915],[-122.242532566475,47.4992723393509],[-122.242764265598,47.4992756077428],[-122.242991948924,47.4992788166675],[-122.243139453899,47.4992808985372],[-122.243209052408,47.4992818767314],[-122.243440812659,47.4992851429849],[-122.243545080418,47.4992866124976],[-122.243650222014,47.4992880953498],[-122.243849198868,47.4992908989525],[-122.244071176068,47.4992940254675],[-122.244291963463,47.4992971357476],[-122.244517575426,47.499300315179],[-122.244736746733,47.4993034014999],[-122.245132605184,47.499308975729],[-122.245176260725,47.499309590694],[-122.245404345397,47.4993128005904],[-122.245631637335,47.499316000098],[-122.245712560884,47.499317138159],[-122.245849089026,47.4993190588838],[-122.245960209275,47.4993206244518],[-122.246086512081,47.4993224004277],[-122.246205832518,47.4993240805292],[-122.246309695378,47.4993255408488],[-122.246451455794,47.4993275360753],[-122.246533626321,47.4993286904178],[-122.246695865311,47.4993309729138],[-122.246763829305,47.4993319287949],[-122.246985793584,47.4993350497778],[-122.247223682931,47.4993383966346],[-122.247453285753,47.4993416248958],[-122.247674829158,47.4993447389794],[-122.247820229606,47.4993467825145],[-122.247908164926,47.499348017879],[-122.248092830703,47.4993506118132],[-122.248188092361,47.4993519472894],[-122.24845813728,47.4993557436924],[-122.248671556407,47.4993587456814],[-122.248702499809,47.4993572885622],[-122.248814077919,47.4993607482648],[-122.248890628971,47.4993580217568],[-122.249042038446,47.4993581392588],[-122.249642000349,47.4993415093734],[-122.250073890388,47.5008049738149],[-122.250503739245,47.5022208210206],[-122.25055644076,47.5023720284896],[-122.250622344534,47.5025209724145],[-122.250703192699,47.5026619492171],[-122.250734597533,47.5027167101951],[-122.250761147098,47.5027630045553],[-122.25086268951,47.502905138894],[-122.251005336424,47.5028999657505],[-122.251390065117,47.5028829787929],[-122.251518711761,47.5028772268794],[-122.251554790949,47.502875627502],[-122.251654473552,47.5028712123291],[-122.251709199656,47.502868788066],[-122.251988758473,47.5028564051759],[-122.252331712295,47.5028412134334],[-122.25259181247,47.5028296911313],[-122.252826490017,47.5028192929653],[-122.253067452508,47.502808616925],[-122.253109788818,47.5028067418109],[-122.253320813872,47.502797391305],[-122.253567219195,47.5027864734179],[-122.253649544785,47.5027828259232],[-122.25371151866,47.5027779468136],[-122.253816577853,47.502773446293],[-122.254035593684,47.5027640646642],[-122.254172125478,47.5027582155823],[-122.254280738272,47.5027535622162],[-122.254676074917,47.5027366247697],[-122.254947060342,47.5027250138862],[-122.255337131023,47.5027083001865],[-122.255576790758,47.5026980300438],[-122.25582209518,47.5026875177609],[-122.256058816311,47.5026773724699],[-122.256296645893,47.5026671795093],[-122.256534496591,47.5026569848852],[-122.256674116072,47.5026510005319],[-122.256825137796,47.5026445285268],[-122.256848219388,47.5026435383954],[-122.257017110148,47.5026362987726],[-122.257094100092,47.5026329981424],[-122.257218775484,47.5026276538833],[-122.257339698272,47.5026224698947],[-122.257423100691,47.5026188943141],[-122.257584369476,47.5026119806287],[-122.257626521513,47.5026101736074],[-122.257831106496,47.5026014028473],[-122.258033711684,47.5025927159304],[-122.258186737937,47.5025861548888],[-122.258236250523,47.5025840321826],[-122.258438455139,47.5025753621627],[-122.258633752597,47.5025669880843],[-122.258836744709,47.5025582831801],[-122.259034057545,47.5025498219392],[-122.25912219749,47.5025460416919],[-122.25938087442,47.5025349480807],[-122.259502319233,47.5025297399351],[-122.259503203827,47.5024858791087],[-122.25950399227,47.5024468997769],[-122.259505065954,47.5023938382466],[-122.259511944988,47.5020533929849],[-122.259524024029,47.5014556647482],[-122.259526492769,47.5013334835307],[-122.259527012786,47.5013077459672],[-122.259528842891,47.5012151198726],[-122.259530390641,47.5011367297705],[-122.259531475997,47.5010817672554],[-122.259534446663,47.5009313442372],[-122.259536988407,47.5008026121728],[-122.259538266444,47.5007395032305],[-122.259550082648,47.500156309404],[-122.259553589444,47.4999802574702],[-122.259557553484,47.4997813195685],[-122.259571616851,47.4990754867149],[-122.259574945206,47.4989099514542],[-122.259582334432,47.4985424742368],[-122.259601802113,47.4975745502182],[-122.259605017995,47.4974146649085],[-122.259606297661,47.4973476903984],[-122.259608234338,47.4972582916003],[-122.25963321445,47.4961063605467],[-122.259635416577,47.4960048795915],[-122.259635754347,47.4959893717791],[-122.259637411128,47.4958718831371],[-122.259640354062,47.4956633459208],[-122.259640947727,47.495621232158],[-122.264055012589,47.4955759542847],[-122.264204148346,47.4955744212351],[-122.264267766561,47.4955729222809],[-122.264329804229,47.4955731776271],[-122.26485840111,47.4955677942629],[-122.264969013099,47.4955666667572],[-122.265560294689,47.4955605958488],[-122.266268680868,47.4955533192487],[-122.266855231401,47.495547289608],[-122.266911980647,47.4955477308599],[-122.267040807654,47.4955520909596],[-122.267772480888,47.4955378557182],[-122.267847128677,47.4955373417001],[-122.2680618963,47.4955358613257],[-122.268150932707,47.4955352480471],[-122.268358426387,47.4955338176533],[-122.268397320244,47.4955335491604],[-122.268428924579,47.4955332468491],[-122.268485295093,47.4955327070463],[-122.268690453872,47.4955307442127],[-122.268872953764,47.4955289982337],[-122.269207316576,47.4955257983968],[-122.269238927537,47.4955254957761],[-122.269422453167,47.4955237386399],[-122.26948175243,47.4955232197713],[-122.269584886806,47.4955223163909],[-122.269620636226,47.4955220035934],[-122.270084628796,47.4955179402937],[-122.270149537481,47.4955173716826],[-122.270297676118,47.4955160744398],[-122.270296535539,47.4955958343165],[-122.27029608874,47.4956270208112],[-122.270295761683,47.4956498836431],[-122.270295273687,47.4956840069352],[-122.27029501093,47.4957023628852],[-122.270294400281,47.4957450896509],[-122.270293359983,47.4958178431172],[-122.270292941179,47.4958471554027],[-122.270292432831,47.4958826598297],[-122.270291721875,47.4959323444281],[-122.270290816807,47.4959956504422],[-122.270290298804,47.4960318161934],[-122.270290042876,47.4960497456492],[-122.270289048755,47.4961192617907],[-122.270288146961,47.4961823014835],[-122.270287644122,47.4962174280113],[-122.270287279491,47.4962428776525],[-122.270286699826,47.4962834054175],[-122.270285854686,47.4963543302375],[-122.270285418165,47.4963909483531],[-122.270285202273,47.4964090302333],[-122.270284226315,47.4964909119691],[-122.270283272031,47.4965708826922],[-122.270281732082,47.496700075836],[-122.270280896847,47.4967701081331],[-122.270278409509,47.496978704269],[-122.270278130802,47.4970020216838],[-122.270277804519,47.4970293932731],[-122.270277448186,47.497059239127],[-122.270276998517,47.4970969702074],[-122.270273473767,47.4973289059546],[-122.270273079654,47.4973548759346],[-122.270272455206,47.4973959953002],[-122.270270066277,47.497553151385],[-122.270269629627,47.4975819133447],[-122.270269079386,47.4976181145883],[-122.27026800928,47.4976974966436],[-122.270260345904,47.4982665160007],[-122.270259824629,47.4983052141517],[-122.27025161347,47.4989148670241],[-122.27024949397,47.4990722670885],[-122.270248076795,47.4991774988831],[-122.270247774387,47.4991999089074],[-122.270234985592,47.5001493758205],[-122.270234332684,47.5001978470318],[-122.270233384605,47.5002133500447],[-122.27023212789,47.5002696328783],[-122.270231909741,47.5002854181229],[-122.270496554958,47.5003584030461],[-122.270680861444,47.500403861119],[-122.270755339727,47.5008083484691],[-122.270696204587,47.5007947647056],[-122.270869339706,47.5015507881084],[-122.270593851362,47.5014822835587],[-122.270337468169,47.5014200433392],[-122.270216775307,47.5013961013465],[-122.270216494858,47.5014433003163],[-122.270215552084,47.5014588041614],[-122.270215594453,47.5015065415017],[-122.270215654445,47.5016714534886],[-122.270220557383,47.5019197118877],[-122.270208909496,47.50193560578],[-122.270205015784,47.5022150204943],[-122.270204107989,47.5025541835707],[-122.270200111605,47.5026131818624],[-122.27019921926,47.5026309502479],[-122.27019661622,47.5026474367675],[-122.27019751592,47.502720987017],[-122.270186628839,47.5032243839777],[-122.270190013818,47.503297069756],[-122.270181078882,47.5037071783639],[-122.270178409994,47.5038296739215],[-122.270164310744,47.5044767227769],[-122.270155276462,47.5048975495079],[-122.270155590038,47.5049377385193],[-122.270156315384,47.5050293881176],[-122.270153932441,47.5051029106344],[-122.270142075835,47.5058596447482],[-122.270138436689,47.5060919049],[-122.270142434559,47.506147321511],[-122.270137145967,47.5061640174267],[-122.270132963829,47.5065828720276],[-122.270124208718,47.5069854748391],[-122.270123310281,47.5070267775904],[-122.270093831309,47.5081646868074],[-122.270084551335,47.508784631973],[-122.270071733323,47.5093367124133],[-122.270067925953,47.5095386538607],[-122.270067682829,47.5095541623461],[-122.270065971147,47.5096634739294],[-122.270088845233,47.5096640499621],[-122.270187344608,47.5096662303614],[-122.270227693021,47.5096671457297],[-122.270656284632,47.5096768768647],[-122.270801512513,47.5096801745576],[-122.271197058928,47.5096891515385],[-122.271417098306,47.5096941469605],[-122.271557865012,47.5096962371467],[-122.271703088938,47.5097006375412],[-122.272253204909,47.5097131208289],[-122.2727384898,47.5097241300947],[-122.27279542544,47.5097254208553],[-122.272963596543,47.5097292346197],[-122.273142036164,47.5097332813895],[-122.273207703278,47.5097347743062],[-122.273452660187,47.5097403269771],[-122.273632853643,47.5097444146084],[-122.273694774085,47.5097458171216],[-122.273994082849,47.5097526044181],[-122.274064854796,47.5097542281948],[-122.274155871714,47.5097562724813],[-122.274398541081,47.5097617729719],[-122.27463848561,47.5097672112691],[-122.274883888006,47.5097727749946],[-122.275126561508,47.5097782738792],[-122.275411515032,47.5097846684455],[-122.275413830361,47.5096349436377],[-122.275416588845,47.5094565035087],[-122.275421561532,47.5091340450912],[-122.275424675499,47.508931977967],[-122.275426531578,47.5088115894059],[-122.275428972306,47.5086532970563],[-122.275431505445,47.5084891300736],[-122.275436475294,47.5081666716919],[-122.275441449112,47.5078442150589],[-122.275446417585,47.5075217593932],[-122.2754505608,47.5071447978146],[-122.275453495456,47.5070622082584],[-122.275502140851,47.5069419137052],[-122.275544971907,47.5069501444277],[-122.275595384177,47.506960879583],[-122.275622035905,47.5069673663314],[-122.275652521208,47.5069747867434],[-122.275708917733,47.5069900004977],[-122.275771578181,47.5070088122094],[-122.275829810704,47.5070280003875],[-122.275868935387,47.5070421938096],[-122.275900585045,47.5070544095039],[-122.275950911287,47.5070738329921],[-122.276070344889,47.5071278828649],[-122.276121539871,47.5071545621769],[-122.276140776413,47.5071645875655],[-122.276165414973,47.5071787769159],[-122.276213878589,47.5072066873521],[-122.276257231449,47.507233904346],[-122.276292497545,47.5072565173911],[-122.276333639359,47.5072828988388],[-122.276374783919,47.5073092820365],[-122.276415927168,47.5073356643369],[-122.276457069107,47.50736204574],[-122.276498215144,47.5073884297754],[-122.276539359871,47.5074148129134],[-122.276580503287,47.5074411951543],[-122.276621645392,47.5074675764977],[-122.276662787539,47.5074939578263],[-122.27670393108,47.5075203400223],[-122.276745073311,47.5075467213211],[-122.276795029853,47.5075787542821],[-122.276827498397,47.5075993795342],[-122.276868816291,47.5076256272159],[-122.276910138283,47.5076518775298],[-122.276930746563,47.5076649682673],[-122.27695183204,47.5076777911525],[-122.27698196267,47.5076961152284],[-122.277022183899,47.5077190968704],[-122.277057109108,47.5077378619503],[-122.27709590559,47.5077576717123],[-122.277135483014,47.5077767707478],[-122.27716563146,47.5077906037668],[-122.277196426389,47.5078038573152],[-122.277224287629,47.5078150188114],[-122.277273077085,47.5078345656218],[-122.277300806796,47.5078456747963],[-122.277324153275,47.5078536002524],[-122.277389303407,47.5078757178365],[-122.27742951636,47.5078886104741],[-122.277485356584,47.5079046796582],[-122.27754585368,47.5079203882289],[-122.27758416026,47.5079292109945],[-122.277611066271,47.5079354079803],[-122.277638203173,47.5079409291256],[-122.27767310972,47.5079480318943],[-122.27773564759,47.5079591399642],[-122.27780280736,47.507969248235],[-122.277866517039,47.5079771720517],[-122.277926780462,47.5079831938442],[-122.27798713166,47.5079878309095],[-122.278051399941,47.5079912360423],[-122.278112039064,47.5079927513783],[-122.278148481061,47.507992926469],[-122.278197047811,47.5079931595926],[-122.278243952824,47.5079928848755],[-122.278330841451,47.5079917073725],[-122.278343387915,47.5081312919101],[-122.278382815575,47.5084609744324],[-122.278395115142,47.5096370616248],[-122.278404792397,47.5098482401583],[-122.278418534199,47.5098877006164],[-122.278521914188,47.5110524706387],[-122.278620047013,47.5121080280456],[-122.278644908687,47.5122760891113],[-122.278723055671,47.512947358468],[-122.278784782119,47.5133850271828],[-122.278802615225,47.513511466994],[-122.278857419112,47.5139972910236],[-122.279111051332,47.5160402488404],[-122.279213984747,47.516667900446],[-122.279282493001,47.5169839552891],[-122.279311438075,47.5171085803476],[-122.279315245797,47.5171249728997],[-122.279755554956,47.5190206524784],[-122.279929661589,47.5197702048399],[-122.27995343177,47.5201591998792],[-122.27994719219,47.5202742585912],[-122.279941985375,47.5203426960469],[-122.279937983996,47.5203864763989],[-122.279931984746,47.5204439227779],[-122.279922961708,47.520517690364],[-122.279909334099,47.5206121182504],[-122.279901596192,47.5206598423376],[-122.279888364108,47.5206883715278],[-122.279879715193,47.5207297326725],[-122.279872332483,47.5207650386996],[-122.279864954449,47.5208003221767],[-122.279857748744,47.5208347812274],[-122.279850369438,47.5208700674182],[-122.279842991399,47.5209053517932],[-122.279835612172,47.5209406415802],[-122.279828235167,47.5209759160453],[-122.279820852287,47.521011218472],[-122.279813416669,47.5210467743563],[-122.279804663259,47.5210886334019],[-122.279798679102,47.5211172484062],[-122.279791312722,47.5211524768535],[-122.279782899249,47.521192708696],[-122.279773140195,47.5212230243255],[-122.279761926184,47.5212578591625],[-122.279750715766,47.5212926804584],[-122.279739505308,47.521327500854],[-122.27972829486,47.5213623221478],[-122.279717084372,47.5213971425411],[-122.279705873919,47.521431964732],[-122.279694664728,47.5214667851063],[-122.27968345422,47.5215016063957],[-122.279669409643,47.5215452330362],[-122.279660859373,47.5215712556818],[-122.279649402072,47.521606038728],[-122.279637943453,47.5216408226893],[-122.279626484794,47.5216756057502],[-122.279615026144,47.5217103897092],[-122.279603568782,47.5217451727509],[-122.279592110102,47.5217799567075],[-122.279580652734,47.5218147406462],[-122.279569195325,47.5218495236844],[-122.279550425333,47.5219065029086],[-122.279536772832,47.521947946615],[-122.279327119109,47.5225763911087],[-122.279114995907,47.5232122261814],[-122.279107938286,47.5232333809562],[-122.279099319748,47.5232592128074],[-122.278982484636,47.5232707068208],[-122.278352090904,47.5233142291208],[-122.278278048301,47.5233146329913],[-122.277886197075,47.5233144555893],[-122.277603282121,47.5233139093341],[-122.277573834348,47.5233138528177],[-122.277418155659,47.5233139104056],[-122.277027248373,47.523314053591],[-122.276432850162,47.5233123807417],[-122.276403254072,47.5233123393],[-122.275320053336,47.5233118618143],[-122.274368630098,47.5233100325858],[-122.274242257906,47.5233097887215],[-122.273954479857,47.5233099157862],[-122.272833554532,47.5233104039703],[-122.272810657814,47.5233103810523],[-122.271506787243,47.5233089910965],[-122.271401173976,47.5233088779805],[-122.271322549743,47.5233088063554],[-122.270020578827,47.5233076073926],[-122.269986039435,47.5233072678593],[-122.269684371767,47.5233064955455],[-122.269275884554,47.5233054480671],[-122.2673370289,47.5233004581422],[-122.267314132576,47.5233003999269],[-122.266331709637,47.523297867377],[-122.266082398667,47.5232972238694],[-122.26462674597,47.5232934546],[-122.264595782326,47.5232933742372],[-122.264555261175,47.5232932694465],[-122.263766881515,47.523302926886]]]},"properties":{"beat":"S3","first_precinct":"S","sector":"S"}},{"type":"Feature","geometry":{"type":"Polygon","coordinates":[[[-122.30073163349,47.6820239556332],[-122.300709551026,47.6811471539517],[-122.300663809978,47.6794090295053],[-122.300618659113,47.6775928166867],[-122.300620145201,47.6775105715334],[-122.300626399745,47.6771647446355],[-122.300632587314,47.6768225871572],[-122.300635631423,47.6766543733778],[-122.30065006065,47.6758564764957],[-122.300651547665,47.6757742205276],[-122.300651258433,47.6756919865358],[-122.300644533936,47.6737728484596],[-122.300644047481,47.6736341878677],[-122.300638848556,47.6721499671444],[-122.300638359937,47.6720618487341],[-122.300634341026,47.6713363515208],[-122.30062687025,47.6699876125391],[-122.300618953815,47.6685257474621],[-122.300618966137,47.6685102382171],[-122.30061841508,47.6684295296962],[-122.300617850842,47.6683412305286],[-122.300616170223,47.6680783650627],[-122.300615467935,47.6679938558836],[-122.300616113031,47.6679783528813],[-122.300614852626,47.6678694024887],[-122.300614179989,47.6677601377617],[-122.300613503438,47.6676508757835],[-122.300612826736,47.6675416084091],[-122.300612154108,47.6674323436807],[-122.300611477489,47.6673230790032],[-122.300610804891,47.6672138151731],[-122.300610128278,47.6671045504947],[-122.300609455585,47.6669952830666],[-122.300608778977,47.6668860183873],[-122.300608107697,47.6667767536389],[-122.300607429712,47.6666674871772],[-122.30060675632,47.6665581945676],[-122.300606420491,47.6665038856011],[-122.300605394034,47.6663374559066],[-122.300604980664,47.666266718561],[-122.30060362315,47.6661764990651],[-122.300602598432,47.6661085421582],[-122.300601584359,47.6660411509617],[-122.300600756551,47.6659861610377],[-122.300601469917,47.6659243430961],[-122.300604317536,47.6658625543377],[-122.300609322972,47.665800827744],[-122.300616484545,47.6657391984206],[-122.300625745161,47.6656782860265],[-122.300637254633,47.665616368598],[-122.300650851725,47.6655552357146],[-122.300666580852,47.6654943380478],[-122.300800928833,47.6650095630946],[-122.300846123828,47.664846479949],[-122.300860366508,47.6647917204721],[-122.300872883233,47.6647367709241],[-122.300883670651,47.6646816538388],[-122.30088766027,47.6646573096615],[-122.300892725483,47.6646263944478],[-122.300900040485,47.6645710189333],[-122.300905612303,47.6645155498288],[-122.300909443009,47.6644600131965],[-122.300911420893,47.6644072442132],[-122.300911935868,47.6643601102757],[-122.300911844727,47.6643316004529],[-122.300910497202,47.6642740614585],[-122.30088691576,47.6632661772599],[-122.300899120367,47.6631502829751],[-122.300907289258,47.6630727096367],[-122.300907270405,47.6627249365101],[-122.300905642465,47.6612505979518],[-122.301114035213,47.6612515218559],[-122.301211491821,47.6612515658486],[-122.301526797625,47.6612517075421],[-122.301665858408,47.66125186706],[-122.301909518477,47.6612492384345],[-122.302032829501,47.6612527635664],[-122.302184030772,47.6612524573405],[-122.302492427497,47.6612528078063],[-122.304411999011,47.6612017839582],[-122.304623200102,47.6611969653032],[-122.304811978789,47.6612041649228],[-122.304931495185,47.6612848433722],[-122.304983661407,47.6613072881909],[-122.305045168486,47.6613032827932],[-122.305180333555,47.6613003496544],[-122.305290130944,47.6612979663928],[-122.305375622653,47.6612924426903],[-122.305420172601,47.6612812318416],[-122.305473103707,47.6612561496649],[-122.30652821311,47.6612571305949],[-122.307123763539,47.6612576700278],[-122.307245176573,47.6612577794056],[-122.308381422525,47.6612587862126],[-122.308437582156,47.6612588370615],[-122.309314708546,47.6612596222885],[-122.309512235165,47.66125925297],[-122.309508616601,47.6619590591608],[-122.309502905691,47.6630633081494],[-122.309475644677,47.6648757765484],[-122.309517668991,47.6648760442811],[-122.309675327828,47.6648770506372],[-122.310802037076,47.6648842320381],[-122.311888522636,47.6648924416945],[-122.311937417768,47.6648928199603],[-122.31307416067,47.6649007239655],[-122.314210090183,47.6649084742747],[-122.314331840924,47.6649095191009],[-122.314668649376,47.6649124262702],[-122.315238737634,47.6649173418427],[-122.316334517746,47.6649276731855],[-122.317403790638,47.6649373434926],[-122.318040104448,47.6649415099413],[-122.318336443181,47.6649434485164],[-122.318437934322,47.6649439614271],[-122.31849067487,47.6649442669543],[-122.318750832765,47.6649457999692],[-122.319541871457,47.6649504573152],[-122.319871514869,47.6649525232007],[-122.320089679276,47.6649538904972],[-122.32070290334,47.6649577308208],[-122.321668334458,47.6649635883672],[-122.321726114254,47.6649639390037],[-122.321749071659,47.6649640780305],[-122.321780418977,47.66496426755],[-122.321836377997,47.6649646068384],[-122.321990713829,47.6649653328165],[-122.321985712473,47.6659688154482],[-122.321982360985,47.666631826804],[-122.321979093506,47.6672783374101],[-122.321976148476,47.6677266268836],[-122.321969583119,47.6686081426682],[-122.321969360243,47.6686268195557],[-122.321965990099,47.6689088668854],[-122.321960958189,47.6693299175082],[-122.321961363207,47.6693598222407],[-122.321962719693,47.6694600545559],[-122.321966257845,47.6697216004913],[-122.321943072872,47.6701187060653],[-122.321942044615,47.6701363274453],[-122.321940693766,47.6701559384659],[-122.321911451176,47.6705803892654],[-122.32188182983,47.6707703713938],[-122.321795229814,47.6713600290283],[-122.321732104564,47.6716782492329],[-122.32169466977,47.6718469084111],[-122.321647290934,47.6720598032482],[-122.321597157722,47.6722356415876],[-122.320991355822,47.6743336520187],[-122.320983649836,47.6743618742427],[-122.320976852054,47.6743889268174],[-122.320913811189,47.6746564661618],[-122.320876476925,47.6748149842466],[-122.320859240535,47.6749197081145],[-122.320704959169,47.6758573637387],[-122.320701484971,47.6758946760571],[-122.320676635582,47.6761518227836],[-122.320651821216,47.6765063097043],[-122.320650567379,47.6765275180245],[-122.320639707634,47.6769355074828],[-122.32064048478,47.6772488929894],[-122.320646195366,47.6775122312406],[-122.320677302915,47.6782384220152],[-122.320686089084,47.6784435229836],[-122.320698947894,47.6787464664953],[-122.320724669655,47.6793523894386],[-122.320731012603,47.6795018107736],[-122.320734570221,47.6795856136362],[-122.320760823575,47.6802015161146],[-122.320818752059,47.6807350737243],[-122.320840213175,47.6809327341133],[-122.320843509809,47.6809551046862],[-122.32085132369,47.6809850143339],[-122.320888702738,47.6811689503701],[-122.320901513405,47.6812128168932],[-122.320938112688,47.6813381404624],[-122.320959773973,47.6814122467351],[-122.321029737645,47.6816296300626],[-122.32111970522,47.6818477974999],[-122.321125998779,47.681863494362],[-122.32102399786,47.6819092413626],[-122.320927162719,47.681944188564],[-122.320873364382,47.6819630988759],[-122.320725585035,47.6815524377089],[-122.320633767957,47.6812256409773],[-122.320584831904,47.6812619363938],[-122.320544608161,47.6812904669504],[-122.320519430832,47.6813064774466],[-122.320439876399,47.6813504367189],[-122.320379777962,47.6813842122032],[-122.320360990622,47.6813947704384],[-122.320281917587,47.6814326114122],[-122.32006373821,47.6815393886354],[-122.319973870785,47.6815820382724],[-122.319832029338,47.6816493538038],[-122.319770768565,47.6816784266035],[-122.318803504239,47.6821374640452],[-122.317928624907,47.6825582761671],[-122.317480485662,47.6827667809503],[-122.317096605723,47.682946178089],[-122.317033696806,47.6830197633587],[-122.316998599233,47.6830608176013],[-122.316960977517,47.6831048248058],[-122.316892153428,47.6831849920315],[-122.316579707568,47.6835489462269],[-122.31623422579,47.6839513744919],[-122.315425454187,47.6848928936368],[-122.315364730509,47.6849637147062],[-122.315346989266,47.6849844059845],[-122.315273330753,47.6850703133213],[-122.315252407361,47.6850947163422],[-122.315217597724,47.6851348936379],[-122.315097266779,47.685273778102],[-122.315017283497,47.6853660917037],[-122.315009356127,47.6853806477793],[-122.31482138464,47.685596568982],[-122.314798408198,47.6856227600246],[-122.314762973717,47.6856610453364],[-122.314724439797,47.6857003380009],[-122.314685066588,47.6857380447693],[-122.3146441436,47.6857749926145],[-122.314601701949,47.6858111514435],[-122.314557195702,47.6858469052838],[-122.314512397872,47.6858809851393],[-122.314465605872,47.6859146069104],[-122.313538415617,47.6865623486629],[-122.313380580289,47.6866726117609],[-122.313357169255,47.6866889665041],[-122.313275810508,47.6867458029113],[-122.313179748128,47.6868129120325],[-122.313127405468,47.6868494786382],[-122.312829334225,47.6870577049806],[-122.312172617277,47.6875164642054],[-122.312032576699,47.6876142661565],[-122.311670166024,47.6878673686384],[-122.311614163284,47.6879064819912],[-122.311231962497,47.6881734012202],[-122.31111190962,47.6882572418579],[-122.311062718696,47.6882915967679],[-122.310991851258,47.6883410905313],[-122.310876893787,47.688421373491],[-122.310759729575,47.6885031998665],[-122.310642635402,47.6885850189113],[-122.310609577865,47.688608115579],[-122.310553553165,47.6886472619584],[-122.310171576909,47.6889141637756],[-122.310051608178,47.6889979904639],[-122.309931601488,47.6890818076169],[-122.309549493317,47.6893486972756],[-122.3094934954,47.6893878103794],[-122.309111927485,47.6896543172774],[-122.308991955749,47.6897381104566],[-122.308942102921,47.6897729479725],[-122.308247829268,47.6902581242746],[-122.308169633521,47.6903127686023],[-122.308134878408,47.6903370631673],[-122.308091946187,47.6903670707442],[-122.30794768753,47.6904679033226],[-122.307528526769,47.690760882353],[-122.306958652751,47.6911592005501],[-122.306848535986,47.6912361664294],[-122.306799947839,47.6912701265999],[-122.306767007431,47.6912931504228],[-122.306552894608,47.6914428005343],[-122.306528424248,47.6914600545144],[-122.306469720565,47.6915027679579],[-122.3064126151,47.6915462136767],[-122.30635686527,47.6915905765276],[-122.306302589755,47.6916357659183],[-122.306249723026,47.6916818672602],[-122.306198577692,47.6917285337679],[-122.306148887719,47.6917760630508],[-122.306100773432,47.6918243285115],[-122.306055007323,47.6918725204258],[-122.306009375703,47.6919229685769],[-122.305966136098,47.6919732913419],[-122.305924564029,47.6920242528486],[-122.305884682708,47.692075825811],[-122.305856416072,47.6921144779797],[-122.30584622271,47.6921283762505],[-122.305814073943,47.6921748987828],[-122.305773797301,47.692236507342],[-122.305742424761,47.6922877157313],[-122.305711264759,47.6923419593118],[-122.305681900262,47.692396654675],[-122.305654343933,47.6924517782693],[-122.305628609715,47.6925073047272],[-122.305604388221,47.6925641178546],[-122.305593277935,47.6925923540622],[-122.305582657389,47.692619441451],[-122.305562463147,47.6926760001338],[-122.30554414118,47.6927328503862],[-122.305527740643,47.6927898458392],[-122.305513126535,47.6928473003983],[-122.305500457723,47.6929048485742],[-122.305489372102,47.6929646171992],[-122.30548069552,47.6930214247107],[-122.305473855275,47.6930784298026],[-122.305468808214,47.6931365074431],[-122.305465676362,47.6931946503044],[-122.305464456043,47.6932528224504],[-122.305465380062,47.6933145841861],[-122.305467768461,47.6933691527036],[-122.305472337734,47.6934273301301],[-122.30552024732,47.6939309257763],[-122.30552559049,47.6939870214273],[-122.30553474196,47.6940831351288],[-122.305575024239,47.6945062782743],[-122.305590830408,47.694672312809],[-122.305601669746,47.6947861771812],[-122.305606894567,47.6948410527017],[-122.30561211771,47.6948959156491],[-122.305632492058,47.6951099135648],[-122.305652865141,47.6953239078947],[-122.305661205471,47.6954115074637],[-122.305687696193,47.6956897674813],[-122.305693526202,47.6957509917467],[-122.305695000223,47.6957664691981],[-122.305716635204,47.6959937037067],[-122.305729216166,47.6961258380147],[-122.305734728433,47.6961926789812],[-122.305736830002,47.6962299672001],[-122.305738741368,47.6962638825806],[-122.305740294655,47.6963168039177],[-122.305740832635,47.6963351262981],[-122.305740995535,47.6964001094286],[-122.305739273691,47.6964776249317],[-122.305735601652,47.6965491446117],[-122.30573004777,47.6966199950106],[-122.305725755932,47.6966607627071],[-122.305722565418,47.6966910700323],[-122.305713171925,47.6967620410989],[-122.305701869335,47.6968328865928],[-122.30569101058,47.6968917481909],[-122.305676224411,47.6969623013321],[-122.305659543145,47.6970326594485],[-122.305640970237,47.6971028036032],[-122.305620519617,47.6971727084264],[-122.305599818368,47.6972372512741],[-122.305594026921,47.697254262832],[-122.30557398259,47.6973117074492],[-122.305547918819,47.6973807545748],[-122.305527163903,47.6974323132886],[-122.30549786121,47.6975007707173],[-122.305466724973,47.6975688559955],[-122.304890804672,47.6975643409414],[-122.30418049439,47.6975590096322],[-122.301547311219,47.6975391020125],[-122.301538647356,47.6966299286802],[-122.301538499516,47.6966144197144],[-122.301529974396,47.6957207527301],[-122.301525672785,47.6952693511187],[-122.301521309808,47.694811579335],[-122.301512622803,47.6939024034942],[-122.30150397483,47.6929932307134],[-122.301495490884,47.6920840521859],[-122.301486645036,47.6911748809843],[-122.301483843207,47.6909010460692],[-122.301478139257,47.6902931979916],[-122.301478998811,47.6902648207836],[-122.301474933365,47.6900410827768],[-122.301558893228,47.689983864384],[-122.301553005637,47.6899688737625],[-122.301464633654,47.6897438766192],[-122.301457658825,47.6897168120967],[-122.301452861923,47.6896898256693],[-122.30145005282,47.6896621299392],[-122.301449445859,47.6896346622254],[-122.301450973748,47.68960721019],[-122.301455400497,47.6895756924084],[-122.301458873756,47.6895590905559],[-122.301477317401,47.6894511224491],[-122.301562615438,47.688959266524],[-122.301634831226,47.6885428403668],[-122.3016386656,47.6885207292109],[-122.301641337222,47.688505325149],[-122.301647670327,47.6884658411381],[-122.301672257728,47.6883125665119],[-122.301676681442,47.6882854756798],[-122.301679694578,47.6882670238746],[-122.301682268287,47.6882512675307],[-122.301685923753,47.6882025089725],[-122.301684323631,47.6881458899708],[-122.301677723913,47.688090467983],[-122.301665839257,47.6880260515353],[-122.301659302234,47.6879728939277],[-122.301644749774,47.6879152921259],[-122.301633327605,47.6878848700405],[-122.301620499658,47.6878465199136],[-122.301607705058,47.6878093019502],[-122.301596555226,47.6877709301994],[-122.301585532082,47.687737088093],[-122.301574670306,47.687708908678],[-122.301563828693,47.6876873356534],[-122.301533954629,47.6876335359329],[-122.301512773782,47.6875964260061],[-122.301491657001,47.6875615822384],[-122.301451297024,47.6875007226034],[-122.301392749282,47.6874124373087],[-122.301329376584,47.6873257209688],[-122.301288853621,47.6872702078942],[-122.300959047452,47.6868183883019],[-122.300934015591,47.6867829228606],[-122.300910373036,47.6867470230078],[-122.300888137888,47.6867107163991],[-122.300868839939,47.6866743458722],[-122.300845888627,47.6865555589089],[-122.300844541917,47.6864380671171],[-122.300804858891,47.6849077405935],[-122.300803542565,47.6848569815125],[-122.300799675015,47.684702539686],[-122.300780886052,47.6839521558276],[-122.300758227743,47.6830474272921],[-122.30073163349,47.6820239556332]]]},"properties":{"beat":"U1","first_precinct":"N","sector":"U"}},{"type":"Feature","geometry":{"type":"Polygon","coordinates":[[[-122.30652821311,47.6612571305949],[-122.305473103707,47.6612561496649],[-122.305420172601,47.6612812318416],[-122.305375622653,47.6612924426903],[-122.305290130944,47.6612979663928],[-122.305180333555,47.6613003496544],[-122.305045168486,47.6613032827932],[-122.304983661407,47.6613072881909],[-122.304931495185,47.6612848433722],[-122.304811978789,47.6612041649228],[-122.304623200102,47.6611969653032],[-122.304411999011,47.6612017839582],[-122.302492427497,47.6612528078063],[-122.302184030772,47.6612524573405],[-122.302032829501,47.6612527635664],[-122.301909518477,47.6612492384345],[-122.301665858408,47.66125186706],[-122.301526797625,47.6612517075421],[-122.301211491821,47.6612515658486],[-122.301114035213,47.6612515218559],[-122.300905642465,47.6612505979518],[-122.300904477772,47.6611778821551],[-122.300901990186,47.6609598684303],[-122.300900130808,47.6607969821514],[-122.300900771892,47.6606939886622],[-122.300906148426,47.6605099720175],[-122.300908621064,47.6604253490346],[-122.300914676437,47.6603851848651],[-122.300923305143,47.6602823610307],[-122.30093392962,47.6601796230289],[-122.30094654504,47.6600769889135],[-122.300961154485,47.6599744739369],[-122.300977750515,47.6598720979852],[-122.300996332269,47.6597698781611],[-122.301010985342,47.6596971663394],[-122.301016896227,47.6596678316011],[-122.301039438864,47.6595659754418],[-122.301063956685,47.659464327719],[-122.301132890256,47.6589966768266],[-122.301138761169,47.6589816831088],[-122.301405400445,47.6580887135353],[-122.301423502891,47.65802808738],[-122.301769668727,47.6568687340435],[-122.301987666106,47.6561386066408],[-122.302035676895,47.6559778029805],[-122.302066394143,47.6558749199475],[-122.302136440165,47.6556403095723],[-122.302329632294,47.6549932329623],[-122.302526433215,47.6543340502555],[-122.302804839484,47.6534014971702],[-122.303015921123,47.6527369528536],[-122.303120814916,47.6524704761707],[-122.303146709386,47.652414443224],[-122.303215294983,47.6522951751175],[-122.303317391799,47.6521176337102],[-122.30336298902,47.6520383418041],[-122.303447892744,47.651890697315],[-122.303907360158,47.6510834198856],[-122.303933480786,47.6510386378167],[-122.304098704612,47.6507553681092],[-122.304250003367,47.6504622573563],[-122.304428026524,47.6499854805658],[-122.304466829418,47.6498663921528],[-122.304485023634,47.6498105536978],[-122.304537611427,47.6496282062828],[-122.304567503539,47.6494768959121],[-122.304575390317,47.6493821875306],[-122.304580087458,47.649325784865],[-122.304583688329,47.649282535028],[-122.304605395031,47.6490121828089],[-122.304591259145,47.6489974041924],[-122.304591124798,47.6488428509633],[-122.304590517103,47.64814263946],[-122.304590435248,47.6480476238102],[-122.304590239589,47.6478208469395],[-122.304590147506,47.6477149777403],[-122.304589948588,47.6474854508304],[-122.304597951743,47.6474111465723],[-122.305170434026,47.6475598460909],[-122.307154606714,47.647394641332],[-122.308977432524,47.6472428395507],[-122.310435430998,47.6471218372375],[-122.312321431802,47.6471938333288],[-122.312410432196,47.6471978329276],[-122.313035431667,47.6472218322843],[-122.313273432795,47.6474148319054],[-122.31338043318,47.6475018316304],[-122.313426433855,47.6475388317021],[-122.313495433893,47.6475948310683],[-122.315873442685,47.6495268261688],[-122.319937456819,47.6528278186431],[-122.320290088751,47.6528527920005],[-122.322225457863,47.6530258139457],[-122.322342048903,47.652950720818],[-122.322474456565,47.6528678136895],[-122.322507803391,47.6528471914074],[-122.322505181223,47.6530577394254],[-122.322498906463,47.653313452164],[-122.322489887481,47.6536810018172],[-122.322488855675,47.6537230250348],[-122.32247398538,47.6545153202251],[-122.322457497807,47.6553901113571],[-122.322457201281,47.6555145188168],[-122.322456466539,47.6555327490097],[-122.32244303621,47.655866290086],[-122.322445627421,47.6559112930953],[-122.322450869328,47.6560023526722],[-122.322424899048,47.6568399485458],[-122.32240109895,47.6576075573804],[-122.322397039251,47.6577827705999],[-122.322389491699,47.6581086762422],[-122.322380676316,47.658337001294],[-122.322371799512,47.6584762528351],[-122.322351583323,47.6587933739295],[-122.322338292051,47.6589964012415],[-122.322305072116,47.6594499499642],[-122.322265408509,47.6599914751216],[-122.322254607824,47.6601389390849],[-122.322223478704,47.6605328031677],[-122.322159598214,47.6613291239048],[-122.322152734453,47.6614294385117],[-122.3221279826,47.6617936950656],[-122.322027870011,47.6630512286054],[-122.322024196727,47.66312583939],[-122.321997910451,47.6636598199122],[-122.321993060261,47.6637583449527],[-122.321991365437,47.6637927688573],[-122.321991478282,47.6638246088639],[-122.321993402365,47.6643680407484],[-122.321990713829,47.6649653328165],[-122.321836377997,47.6649646068384],[-122.321780418977,47.66496426755],[-122.321749071659,47.6649640780305],[-122.321726114254,47.6649639390037],[-122.321668334458,47.6649635883672],[-122.32070290334,47.6649577308208],[-122.320089679276,47.6649538904972],[-122.319871514869,47.6649525232007],[-122.319541871457,47.6649504573152],[-122.318750832765,47.6649457999692],[-122.31849067487,47.6649442669543],[-122.318437934322,47.6649439614271],[-122.318336443181,47.6649434485164],[-122.318040104448,47.6649415099413],[-122.317403790638,47.6649373434926],[-122.316334517746,47.6649276731855],[-122.315238737634,47.6649173418427],[-122.314668649376,47.6649124262702],[-122.314331840924,47.6649095191009],[-122.314210090183,47.6649084742747],[-122.31307416067,47.6649007239655],[-122.311937417768,47.6648928199603],[-122.311888522636,47.6648924416945],[-122.310802037076,47.6648842320381],[-122.309675327828,47.6648770506372],[-122.309517668991,47.6648760442811],[-122.309475644677,47.6648757765484],[-122.309502905691,47.6630633081494],[-122.309508616601,47.6619590591608],[-122.309512235165,47.66125925297],[-122.309314708546,47.6612596222885],[-122.308437582156,47.6612588370615],[-122.308381422525,47.6612587862126],[-122.307245176573,47.6612577794056],[-122.307123763539,47.6612576700278],[-122.30652821311,47.6612571305949]]]},"properties":{"beat":"U2","first_precinct":"N","sector":"U"}},{"type":"Feature","geometry":{"type":"Polygon","coordinates":[[[-122.41578102869,47.5723517141026],[-122.413537098712,47.5723217092272],[-122.413049131874,47.5723303241307],[-122.412996553937,47.5723297186582],[-122.412943090328,47.5723291029749],[-122.412153628839,47.5723200079145],[-122.411102029213,47.5723060320118],[-122.410846686281,47.5723026370122],[-122.410204568847,47.5722939895406],[-122.410139119597,47.5722931069402],[-122.409557117277,47.5722852648531],[-122.408299308122,47.5722674030757],[-122.408272261719,47.5722672613238],[-122.408185604768,47.5722668080972],[-122.407356445376,47.5722520743524],[-122.407196106807,47.5722525054038],[-122.406935920259,47.5722495888002],[-122.406894725003,47.5722491270494],[-122.406813719845,47.5722480763768],[-122.405547915136,47.5722316406786],[-122.405372863689,47.5722291374061],[-122.404583237953,47.5722178446953],[-122.404271009382,47.5722141684666],[-122.403825349853,47.5722050007032],[-122.403782243522,47.5722041135099],[-122.403423220162,47.5721999576396],[-122.402796219353,47.5721926969453],[-122.400265098001,47.5721227282336],[-122.400100497764,47.572122131165],[-122.397515882799,47.5721185595546],[-122.397408274148,47.5721167292402],[-122.396564913562,47.5721125982426],[-122.396458266418,47.5721115751665],[-122.396104089296,47.5721081761272],[-122.396077801507,47.5721079238907],[-122.395912189861,47.5721062623113],[-122.395118171123,47.5720982929081],[-122.394875044874,47.5720958511838],[-122.394746944629,47.572094564263],[-122.394620845573,47.572093337882],[-122.393416988091,47.5720816220293],[-122.392212445503,47.5720696815255],[-122.39208675552,47.5720684359322],[-122.391925094664,47.57206675757],[-122.391045723302,47.5720576221681],[-122.390775749643,47.5720548161924],[-122.390451319333,47.5720515858467],[-122.389604412788,47.5720431498209],[-122.389438717075,47.5720414988624],[-122.388102008031,47.5720287380549],[-122.386923211301,47.5720173772909],[-122.386765033155,47.5720158518236],[-122.386765129382,47.5719321389856],[-122.386765886111,47.5712596809185],[-122.386580373024,47.5712582210144],[-122.385672398897,47.5712510732031],[-122.384619037512,47.571242880015],[-122.384497840044,47.5712419327143],[-122.384105585783,47.571238866521],[-122.383701521599,47.5712357054177],[-122.383579975804,47.5712347546918],[-122.382526708791,47.5712264301913],[-122.38141311483,47.5712175382129],[-122.381289168132,47.5712165781456],[-122.380887086769,47.5712134664153],[-122.380334605571,47.5712091880456],[-122.379372785314,47.5712016178373],[-122.379256624708,47.5712007035194],[-122.379099499696,47.571199444584],[-122.378179187606,47.571192064649],[-122.377622648125,47.5711876294334],[-122.377101727375,47.5711834752639],[-122.376616550393,47.5711794713875],[-122.376084443139,47.5711750775601],[-122.376103766267,47.570656660366],[-122.376119803372,47.5702264233643],[-122.376139233878,47.569033163134],[-122.37615024633,47.5683568092125],[-122.376151807823,47.5682543187854],[-122.376155670286,47.5680007610952],[-122.376168382706,47.5673797385132],[-122.376186658049,47.5664869745503],[-122.376196384922,47.5655464344918],[-122.376188265541,47.5650385238369],[-122.376038754538,47.5650814278183],[-122.375908636019,47.5651187670226],[-122.375673817389,47.5652165936749],[-122.375589099019,47.5652525806902],[-122.375475993071,47.5653044549354],[-122.37509049918,47.5655084315359],[-122.375021016916,47.5655472180186],[-122.374650304122,47.5657541583929],[-122.374324427132,47.5659869997493],[-122.374280288426,47.5660185376758],[-122.374018123608,47.5662497570634],[-122.373879209248,47.5664071087607],[-122.373732039932,47.5666053643966],[-122.373675578907,47.5666955621841],[-122.373630813053,47.5667676334271],[-122.37353145451,47.5669767813223],[-122.373264510564,47.5679159287365],[-122.373193939392,47.5679090075163],[-122.373114754773,47.568007465377],[-122.372991997935,47.5683120983788],[-122.372842606019,47.5682810163229],[-122.372603184224,47.5682312021716],[-122.372551288515,47.5682142425654],[-122.372502503429,47.5681949935804],[-122.372453981562,47.5681725509677],[-122.372409135645,47.5681480569247],[-122.372046778699,47.5679341709918],[-122.37202830737,47.5679249911878],[-122.371892507309,47.5678575071591],[-122.371725654446,47.5677893267286],[-122.371557416572,47.5677327887537],[-122.371379134637,47.5676856794585],[-122.371195470888,47.5676492365779],[-122.371007953233,47.5676237542859],[-122.370981939399,47.5676221593423],[-122.370764735844,47.5676089179981],[-122.370767593977,47.5674190133443],[-122.370768859214,47.5673349459017],[-122.370775631101,47.5668851788799],[-122.370784367647,47.5663247044837],[-122.370786912486,47.5661614723142],[-122.370798042571,47.5654376940162],[-122.370798271934,47.565422186012],[-122.370804913427,47.5649934573864],[-122.370807707789,47.5647139670057],[-122.369664522257,47.5647163814788],[-122.368136025646,47.5647195922811],[-122.367283064056,47.5647214612915],[-122.36638814197,47.564723414745],[-122.366193459493,47.5647238384868],[-122.366153092677,47.5647239275463],[-122.365943063267,47.5647243832525],[-122.365459341451,47.5647254317933],[-122.365466268702,47.5639073392313],[-122.365474721217,47.5629092372373],[-122.365489902458,47.5611000200384],[-122.365511660189,47.5593187749813],[-122.365512002566,47.5592907014475],[-122.36551243396,47.5592553982992],[-122.365530995725,47.5577355707138],[-122.36553409622,47.5574816221953],[-122.366190176604,47.5574851726488],[-122.366275239663,47.5574856331549],[-122.366301429095,47.5553368255391],[-122.366303844897,47.5551385859157],[-122.366329981208,47.5537395209146],[-122.366838041112,47.5537416024574],[-122.368214900215,47.5537472320517],[-122.368418229736,47.5537480612262],[-122.369591760864,47.5537528422539],[-122.36959249158,47.5536747942025],[-122.369608671159,47.5519489760816],[-122.369648919961,47.5519491400491],[-122.370910893203,47.5519542767504],[-122.370944992729,47.5519544154921],[-122.370945226134,47.5519294137687],[-122.370954791589,47.550905785248],[-122.370956087056,47.5507671672806],[-122.370960430328,47.5503029113832],[-122.37096108846,47.5502326045829],[-122.370961917677,47.5501439189849],[-122.370962227085,47.5501107782946],[-122.370874393099,47.5501103517463],[-122.370675503633,47.5501073098164],[-122.370549310008,47.5500976968076],[-122.370496504377,47.5500904691859],[-122.370465279142,47.550086194596],[-122.370412719023,47.5500790004995],[-122.370373867616,47.5500736820096],[-122.370309748782,47.5500603324684],[-122.370244992589,47.5500465920802],[-122.370049602337,47.5499897721087],[-122.36998684822,47.5499646603341],[-122.369878561185,47.5499213261323],[-122.369766280575,47.5498647206891],[-122.369655883975,47.549798412491],[-122.369497547325,47.5496772044132],[-122.369378442695,47.5495711957084],[-122.36932406103,47.5495227944924],[-122.369281949782,47.5494853125062],[-122.369231329113,47.5494402591737],[-122.369155003846,47.5493723259653],[-122.369067135828,47.5492941194212],[-122.368991393816,47.5492186412373],[-122.36893238329,47.549159551067],[-122.36884739009,47.5490533040463],[-122.368762665829,47.5489186155464],[-122.368750120148,47.5488907259879],[-122.368727868292,47.5488412553035],[-122.368706522354,47.5487938019124],[-122.368694444545,47.5487669522823],[-122.368675859731,47.548699883225],[-122.368653742206,47.5486200684384],[-122.368634632462,47.5483959549678],[-122.368650520682,47.5482503820536],[-122.368694733538,47.5480893417138],[-122.368705163119,47.5480647798175],[-122.36874004354,47.5479860950072],[-122.368756125637,47.5479498147993],[-122.368840809168,47.5477892019095],[-122.368934314185,47.5476453771556],[-122.369037211987,47.5475312746847],[-122.369071779163,47.5475015358512],[-122.369152555317,47.5474320392276],[-122.369166796293,47.5474502826279],[-122.369190725738,47.5474796825904],[-122.369212969547,47.5475058091318],[-122.369231957252,47.5475272683795],[-122.369245785895,47.5475424307575],[-122.369259874348,47.5475574816686],[-122.369276981994,47.5475752922819],[-122.369289895969,47.5475884086927],[-122.369303590506,47.547601995848],[-122.369325561305,47.5476231853623],[-122.369348869774,47.5476449478419],[-122.369365850931,47.5476603140937],[-122.369389343719,47.5476809360588],[-122.369409479627,47.5476981155755],[-122.369435168336,47.547719306097],[-122.369456732779,47.5477365796493],[-122.369472651991,47.5477490049978],[-122.369492830153,47.5477643712011],[-122.369519470931,47.5477840959543],[-122.369540288513,47.5477990657718],[-122.369562819505,47.5478148238796],[-122.369591417516,47.5478342315841],[-122.369610984125,47.5478471509791],[-122.369630052301,47.5478594338825],[-122.369650798157,47.5478725100567],[-122.36967480679,47.5478872325009],[-122.36969985241,47.5479021991119],[-122.369719035464,47.5479133748185],[-122.369738402889,47.547924404091],[-122.369763444027,47.5479383163978],[-122.369786366914,47.547950733385],[-122.369805513688,47.5479608579158],[-122.369825622718,47.5479712609102],[-122.3698524217,47.5479847634972],[-122.369885267949,47.5480007941085],[-122.369916836611,47.5480156751805],[-122.369943699847,47.5480279309082],[-122.369967401445,47.5480384553325],[-122.369991296369,47.5480487765234],[-122.370024012769,47.548062474345],[-122.370053551405,47.5480744347831],[-122.370080734339,47.5480850938343],[-122.370100986604,47.5480928265801],[-122.370122274369,47.5481007531319],[-122.370157593483,47.5481134927148],[-122.370185825567,47.548123320702],[-122.37021393349,47.5481327680241],[-122.370241298891,47.5481416829114],[-122.370266995273,47.5481497828193],[-122.37029375803,47.5481579519647],[-122.370324393838,47.5481669683429],[-122.370359896041,47.5481769930422],[-122.370388087686,47.5481846372565],[-122.370418323003,47.5481925084158],[-122.370443947825,47.5481989467597],[-122.370471600538,47.5482056176598],[-122.370499365181,47.5482120738301],[-122.370524362682,47.548217650711],[-122.370558153004,47.5482248656089],[-122.37059209418,47.5482317437987],[-122.370615452846,47.5482362677843],[-122.370638885903,47.5482406108355],[-122.370664337767,47.5482451487794],[-122.370688883271,47.5482493211387],[-122.370721383333,47.5482545517936],[-122.370751013252,47.548259060189],[-122.370775772764,47.5482626044007],[-122.370800585625,47.5482659751589],[-122.370824455383,47.5482690411053],[-122.370852361297,47.548272402395],[-122.370878322503,47.5482753329817],[-122.370901691894,47.5482777876442],[-122.370934900279,47.5482809944125],[-122.370973558129,47.5482843451502],[-122.371002730119,47.5482865728488],[-122.371043030069,47.548289240127],[-122.371073293685,47.5482909519509],[-122.371099985974,47.548292225396],[-122.371130874478,47.5482934546512],[-122.371158176325,47.5482943114085],[-122.37119934142,47.5482951820843],[-122.371233061812,47.5482955669348],[-122.371892832363,47.548299081563],[-122.372070750622,47.5483000284148],[-122.373521238251,47.5483077372732],[-122.373687595969,47.5483086205544],[-122.37411509685,47.5483110274892],[-122.375019302547,47.5483161118918],[-122.376369604502,47.5483230643796],[-122.376553992643,47.5483261582242],[-122.377292135633,47.5483385387867],[-122.377716355311,47.5483456520776],[-122.379062766576,47.5483723253188],[-122.379960624043,47.5483886606349],[-122.380418699088,47.5483969917088],[-122.381259975979,47.5484121860704],[-122.381680966921,47.5484197873617],[-122.381755703036,47.5484211369546],[-122.381784775902,47.5484216629622],[-122.383082721894,47.548438676188],[-122.384382176802,47.5484555829415],[-122.385682049583,47.5484725573059],[-122.387143428358,47.5484916027532],[-122.388624233662,47.548511752596],[-122.389133959583,47.5485184295221],[-122.389924148471,47.5485287912637],[-122.389998887264,47.5485298124408],[-122.391203552367,47.5485462707582],[-122.39209976561,47.5485579573386],[-122.392484140643,47.5485629675314],[-122.393819197145,47.5485811150983],[-122.39480034404,47.5485942158997],[-122.395131079715,47.5485986307481],[-122.395122805047,47.5490187046739],[-122.395113590969,47.549486520105],[-122.395097739647,47.5502910683636],[-122.395816416373,47.5503757787274],[-122.396470001174,47.5503597475816],[-122.397786837081,47.5503879524703],[-122.398470001041,47.550384745122],[-122.39958999699,47.5504251477722],[-122.400882002367,47.5504717423816],[-122.401519017746,47.554034738522],[-122.405260678576,47.5540821548554],[-122.405965011629,47.5554698651139],[-122.409756022837,47.560272860941],[-122.413453031734,47.56439685715],[-122.413703038236,47.5670918565614],[-122.41426471809,47.5675341410412],[-122.415950041097,47.5688608541232],[-122.419006726321,47.5702671342862],[-122.418972100783,47.5726647009168],[-122.4185640993,47.572397701748],[-122.41578102869,47.5723517141026]]]},"properties":{"beat":"W2","first_precinct":"SW","sector":"W"}},{"type":"Feature","geometry":{"type":"Polygon","coordinates":[[[-122.397786837081,47.5503879524703],[-122.396470001174,47.5503597475816],[-122.395816416373,47.5503757787274],[-122.395097739647,47.5502910683636],[-122.395113590969,47.549486520105],[-122.395122805047,47.5490187046739],[-122.395131079715,47.5485986307481],[-122.39480034404,47.5485942158997],[-122.393819197145,47.5485811150983],[-122.392484140643,47.5485629675314],[-122.39209976561,47.5485579573386],[-122.391203552367,47.5485462707582],[-122.389998887264,47.5485298124408],[-122.389924148471,47.5485287912637],[-122.389133959583,47.5485184295221],[-122.388624233662,47.548511752596],[-122.387143428358,47.5484916027532],[-122.385682049583,47.5484725573059],[-122.384382176802,47.5484555829415],[-122.383082721894,47.548438676188],[-122.381784775902,47.5484216629622],[-122.381755703036,47.5484211369546],[-122.381680966921,47.5484197873617],[-122.381259975979,47.5484121860704],[-122.380418699088,47.5483969917088],[-122.379960624043,47.5483886606349],[-122.379062766576,47.5483723253188],[-122.377716355311,47.5483456520776],[-122.377292135633,47.5483385387867],[-122.376553992643,47.5483261582242],[-122.376369604502,47.5483230643796],[-122.376381996882,47.5475837739884],[-122.376384850461,47.5474135543945],[-122.376393040513,47.5469251958913],[-122.376400103241,47.546503978633],[-122.376401284592,47.5464561172771],[-122.376402821911,47.5463938068117],[-122.376433290025,47.5451589535514],[-122.376445042768,47.544682573656],[-122.375091000306,47.5446754761749],[-122.374378975925,47.5446717708147],[-122.374276983004,47.5446712367479],[-122.373878692047,47.5446691482577],[-122.373757224695,47.5446685133731],[-122.373724470884,47.5446683420053],[-122.373634700903,47.5446678728859],[-122.372731829746,47.5446629428734],[-122.372637560796,47.5446603991163],[-122.372534127926,47.5446530818804],[-122.372399007226,47.5446384533925],[-122.372345270599,47.5446326355161],[-122.372265957625,47.544615311505],[-122.372126595377,47.5445848708793],[-122.372012434732,47.5445446068987],[-122.371903866357,47.5445063155231],[-122.371782440297,47.5444439804053],[-122.371681472415,47.5443882826866],[-122.371587446699,47.544327266834],[-122.371499087281,47.5442595251399],[-122.37142258181,47.5441909131454],[-122.371393427261,47.5441568397916],[-122.371374992762,47.5441352960551],[-122.371355797259,47.5441128620982],[-122.371324194743,47.5440759295885],[-122.371292110604,47.5440384332311],[-122.371241674737,47.5439586513094],[-122.371086445828,47.5436831093023],[-122.371029327318,47.5435816640753],[-122.370676202766,47.542954468691],[-122.370607458245,47.5428323679078],[-122.371061044873,47.5428340567964],[-122.371094763382,47.5428341825758],[-122.371176969881,47.5428346363638],[-122.371521971678,47.5428365396401],[-122.372272460895,47.5428406772611],[-122.372274077386,47.5427584384139],[-122.372289827639,47.5419568808011],[-122.372296736051,47.5416023864673],[-122.372293767205,47.5415249039222],[-122.37228159763,47.5414468244876],[-122.372260345882,47.5413696417201],[-122.372228796367,47.5412912867635],[-122.372191176372,47.5412198924827],[-122.372153665641,47.5411633053167],[-122.372143694248,47.541148263797],[-122.372087989218,47.541079405711],[-122.372024418067,47.5410137469975],[-122.371960986465,47.5409481745236],[-122.371905509435,47.5408793735415],[-122.371858333566,47.5408077891789],[-122.371819767381,47.5407338823709],[-122.371789984074,47.5406578504962],[-122.37176938992,47.5405809907069],[-122.371757902571,47.540502990156],[-122.371755667743,47.5404245557715],[-122.371807970463,47.539638657878],[-122.371865962343,47.5392124093808],[-122.371868062405,47.5391969659998],[-122.371194392041,47.5391957738987],[-122.371190067676,47.5373715181022],[-122.371188563554,47.5367257175264],[-122.371187853099,47.5364195531576],[-122.371185823846,47.5355472351311],[-122.371192935575,47.5338113208181],[-122.371184297011,47.5337832293394],[-122.371158835023,47.5337227445388],[-122.371216957679,47.5337229528162],[-122.371297357058,47.5337232454614],[-122.37176792556,47.5337249578765],[-122.371827480462,47.5337251743368],[-122.372564093153,47.5337278498533],[-122.373185771612,47.5337301036673],[-122.373907972628,47.5337327174965],[-122.375251850946,47.5337375665668],[-122.375765907978,47.5337393901367],[-122.376533926095,47.5337421119662],[-122.376573804249,47.5337422531359],[-122.37661864441,47.5337424114571],[-122.376621754304,47.533363088188],[-122.376625898561,47.5328398613613],[-122.376633223039,47.5319153839018],[-122.376633932504,47.5311769213856],[-122.376638016391,47.5304395546483],[-122.376638215765,47.5300989878014],[-122.376637910125,47.5299194802463],[-122.376637597686,47.5297358408353],[-122.376637360556,47.5293383718413],[-122.376637164197,47.5290096043718],[-122.376636904774,47.5285786842613],[-122.376636727367,47.5282851833856],[-122.376636626673,47.5277879475299],[-122.376636361685,47.5264691011875],[-122.376636282635,47.5261002487187],[-122.376638374512,47.5246521590386],[-122.376699939034,47.5228610878061],[-122.376709669191,47.5225779580683],[-122.376761492608,47.5210700139471],[-122.376762157883,47.5210506361179],[-122.376823044608,47.5192789400347],[-122.37682357618,47.5192634350806],[-122.376877924998,47.51768179305],[-122.376879308656,47.5176415181105],[-122.376884588475,47.5174878688585],[-122.376688225385,47.5174856441476],[-122.37551294307,47.5174723196057],[-122.375387100083,47.5174708920955],[-122.37498653653,47.5174663474198],[-122.374935995835,47.5174657739234],[-122.374709958859,47.5174632081511],[-122.374452449212,47.5174602844919],[-122.374180930212,47.5174572021454],[-122.373443305389,47.5174488188866],[-122.373265365123,47.5174468026647],[-122.372773942747,47.5174412176529],[-122.371397995681,47.517425567296],[-122.37129893424,47.5160648735909],[-122.371297371573,47.516043414587],[-122.371134526459,47.5138501124584],[-122.371123870992,47.5137065860491],[-122.37111020139,47.5135224584397],[-122.371018810531,47.5122914387557],[-122.371009587127,47.5121671807509],[-122.370999546897,47.512031929687],[-122.37099238122,47.5119353862194],[-122.37098712235,47.5118531145526],[-122.37094915157,47.5113391150421],[-122.370945641725,47.511291559315],[-122.370851483701,47.5100157905451],[-122.370850267384,47.5099993098316],[-122.370857727892,47.5094598037467],[-122.370861590616,47.509180452694],[-122.370862701346,47.5091001135346],[-122.370875132599,47.5082007949262],[-122.370875228305,47.5081013463464],[-122.370871582583,47.5080714141635],[-122.370868536855,47.5080557040021],[-122.3708646712,47.5080386186316],[-122.370859642674,47.5080190642622],[-122.370853697051,47.5079989816393],[-122.370846287145,47.5079768344278],[-122.370837228855,47.5079602916577],[-122.370820155636,47.5079295840719],[-122.3708061134,47.5078957173758],[-122.370737792311,47.5077014559821],[-122.370709445786,47.5075274804327],[-122.370705020352,47.5073435866268],[-122.370710472235,47.5072995620242],[-122.370712267168,47.5072607903141],[-122.370708681793,47.5071936365512],[-122.370696639132,47.507126938236],[-122.370677379675,47.5070648959783],[-122.37056505037,47.5067663187128],[-122.370528741432,47.506670021304],[-122.370487405178,47.5065393806819],[-122.37047760896,47.5064870332206],[-122.370462725743,47.5064075079129],[-122.370396921077,47.5058908795012],[-122.37039172742,47.5058230170155],[-122.370393446304,47.5057554487009],[-122.370401731349,47.5056903869052],[-122.370406401384,47.5056691071248],[-122.37041722987,47.5056220932039],[-122.370423254742,47.505600564782],[-122.370451042254,47.5055018811986],[-122.370478764704,47.505403426091],[-122.370486574003,47.5053756868439],[-122.370502191248,47.505320208366],[-122.370523848756,47.5052286868267],[-122.370537563514,47.5051339900997],[-122.370543104157,47.5050436700073],[-122.370548735659,47.5046009578721],[-122.370549782595,47.5045222245049],[-122.370557291568,47.5039572199952],[-122.370558439425,47.5038708780997],[-122.370563202605,47.503806428923],[-122.370575022058,47.5037453576432],[-122.37059387122,47.5036850980097],[-122.370619629745,47.5036260267885],[-122.370652141004,47.5035685059418],[-122.370691300184,47.5035127635861],[-122.370753516528,47.503432461662],[-122.370828856732,47.5033352095445],[-122.370916358976,47.5032426002458],[-122.370956750863,47.5032053570206],[-122.371393711604,47.5028024543615],[-122.371415363624,47.5027820339454],[-122.372055692703,47.5021785640979],[-122.372147851344,47.5020976747856],[-122.372251074393,47.5020190590115],[-122.372609597655,47.5017640185242],[-122.372629187554,47.5017492358337],[-122.372651486378,47.5017324084702],[-122.372681225091,47.5017099682857],[-122.372697442374,47.5016977295422],[-122.372715686809,47.5016839609529],[-122.372733932588,47.5016701932419],[-122.373099510523,47.5013943193157],[-122.373118326155,47.501380120093],[-122.373797847776,47.5008354400397],[-122.373833991801,47.5008040891892],[-122.37386685238,47.500770568015],[-122.373895814068,47.5007354336372],[-122.373920772411,47.5006987900323],[-122.373941392814,47.5006611743167],[-122.373957742616,47.5006224839222],[-122.373969742013,47.500582533713],[-122.373977036768,47.5005432626751],[-122.374057076455,47.4999193882789],[-122.374061485218,47.4998958934098],[-122.374064542772,47.4998795940269],[-122.374085505755,47.4997678649096],[-122.374122378575,47.4996473204469],[-122.374129185578,47.49962506599],[-122.374275999136,47.4992228426309],[-122.374283180961,47.4992032135592],[-122.374303759708,47.499146967245],[-122.374540548555,47.4984997654701],[-122.374847576061,47.4976605612548],[-122.374917458959,47.4974990468213],[-122.375009552044,47.4973373872988],[-122.375019913827,47.4973212576913],[-122.375066149103,47.4972492892688],[-122.375075283662,47.4972350691164],[-122.37520476896,47.4970335100929],[-122.375232804425,47.4969898676302],[-122.375309239428,47.4968708869557],[-122.375468183916,47.4966681124624],[-122.375590223248,47.4965124194727],[-122.375649902705,47.4964362819631],[-122.375714438998,47.4963860387241],[-122.375746206924,47.4963613075729],[-122.37658086459,47.4957638552658],[-122.380126869278,47.4932038970704],[-122.380281493965,47.4933011964197],[-122.38926688557,47.4989598939478],[-122.394088532293,47.504693186719],[-122.395500902488,47.5063708891765],[-122.399739916078,47.5123498839313],[-122.399831554822,47.512443178582],[-122.401329919471,47.5139418828953],[-122.403605923885,47.5162228809295],[-122.402733931791,47.5193398800371],[-122.402416149256,47.5220087032361],[-122.400363415439,47.5245623198206],[-122.404727951055,47.5282668760117],[-122.40547795796,47.5313828744138],[-122.404917614662,47.5322501658217],[-122.403357965071,47.5346678747115],[-122.402147625026,47.5359641668854],[-122.401236970958,47.5369418745865],[-122.401729978009,47.5400878733669],[-122.403718186788,47.5448574442733],[-122.403399992473,47.5464888710955],[-122.402844997706,47.5493218702148],[-122.404613005755,47.5528048673384],[-122.405260678576,47.5540821548554],[-122.401519017746,47.554034738522],[-122.400882002367,47.5504717423816],[-122.39958999699,47.5504251477722],[-122.398470001041,47.550384745122],[-122.397786837081,47.5503879524703]]]},"properties":{"beat":"W3","first_precinct":"SW","sector":"W"}},{"type":"Feature","geometry":{"type":"Polygon","coordinates":[[[-122.330755878653,47.6020556482718],[-122.330264792945,47.601716156022],[-122.33045722747,47.601716473821],[-122.331416218317,47.6017180503533],[-122.331561482639,47.6017182884086],[-122.33184008781,47.6017185629701],[-122.331983505846,47.6017187042575],[-122.331900577523,47.6016280537248],[-122.331751011901,47.6014645561674],[-122.331703699867,47.6014128383185],[-122.331660716568,47.6013658511539],[-122.331570431066,47.6012671522409],[-122.331214865148,47.6008784897921],[-122.330400143412,47.6000499870037],[-122.330387194246,47.6000368180255],[-122.33034244709,47.5999913145657],[-122.330272902267,47.5999082081361],[-122.329678542046,47.599197931064],[-122.329590942251,47.5991020354097],[-122.32957070739,47.5990798833317],[-122.329445803923,47.5989431529339],[-122.329361055908,47.598850380829],[-122.329324360194,47.5988189975013],[-122.329318665464,47.5988039742794],[-122.3292953837,47.5987784886953],[-122.329195159844,47.5986687707665],[-122.329159637237,47.5986298836329],[-122.329144965732,47.5986138233406],[-122.329066788236,47.5985282415589],[-122.329001602943,47.5984568808291],[-122.328969820017,47.5984220916618],[-122.328973091651,47.5976033926246],[-122.328973100826,47.5975878832762],[-122.328973133012,47.5975361023632],[-122.328973308444,47.5972523396608],[-122.329046205534,47.5964860071049],[-122.328944396817,47.5964343111282],[-122.32834160718,47.596128261899],[-122.328193957029,47.5960532966447],[-122.32786297518,47.5958852457907],[-122.327775929856,47.5958410509727],[-122.327716983727,47.5958111208662],[-122.327683294918,47.5958141345004],[-122.327360118971,47.5958365074156],[-122.326951104125,47.5958368263424],[-122.326373798822,47.5958372737391],[-122.326051505729,47.5958367975269],[-122.325068451073,47.5958353425315],[-122.323763631451,47.5958333048658],[-122.322505424907,47.5958312420733],[-122.322458663196,47.5958311669204],[-122.3219548556,47.5958313440326],[-122.321472203246,47.5958315120472],[-122.321393923441,47.5958315393036],[-122.321370995398,47.5958315468554],[-122.321277687249,47.5958286444873],[-122.321191177359,47.5958290302447],[-122.321048193225,47.5958296678419],[-122.320933196874,47.5958301803572],[-122.320864478063,47.595830487041],[-122.320791144951,47.5958305823386],[-122.320735193919,47.595830294681],[-122.320685702843,47.5958298352708],[-122.320480252912,47.5958279261499],[-122.320374031482,47.595827598302],[-122.320541115079,47.5949387747303],[-122.320577557179,47.594745090948],[-122.32071767913,47.5941307427665],[-122.320793565242,47.5937980236926],[-122.320806450551,47.5937415273062],[-122.320810354088,47.5937244125462],[-122.320823909502,47.5936649800786],[-122.320868276236,47.5936524720308],[-122.321090100551,47.5935906855195],[-122.321120604922,47.593582243174],[-122.321403193654,47.5935053791309],[-122.321451986095,47.5934927355892],[-122.322352867105,47.5932375760986],[-122.322477202066,47.593202359872],[-122.322538486893,47.5931856273338],[-122.323082162603,47.5930351326868],[-122.323164713063,47.5930123134378],[-122.323262817591,47.5929849390028],[-122.323299287603,47.5929746564952],[-122.323552105511,47.5929039488549],[-122.323665724652,47.592871955544],[-122.323867200574,47.5928152232324],[-122.324031793039,47.5927688758921],[-122.324109594566,47.5927469683097],[-122.324146977742,47.5927372385108],[-122.324778757521,47.5925693070098],[-122.325158571009,47.5924688223353],[-122.325455159784,47.5924109917439],[-122.325543582979,47.5923932079675],[-122.325908587264,47.59232542321],[-122.325967772546,47.5923144315465],[-122.326387692987,47.5922297073878],[-122.326644355231,47.5921818768855],[-122.326672623083,47.5921766092145],[-122.326780652737,47.5921500612782],[-122.326946470448,47.5921093116166],[-122.327039261839,47.5920731515112],[-122.327072855877,47.5920600600858],[-122.327178668669,47.5919970591206],[-122.327243173374,47.5919499478782],[-122.3273499598,47.5918719564053],[-122.327373760296,47.5918413855156],[-122.327406629151,47.5918021105586],[-122.327453753512,47.5917386387299],[-122.327506255728,47.5916550637895],[-122.327562310672,47.5915370069973],[-122.327590053989,47.5913318866012],[-122.327587930947,47.5913043937149],[-122.327568643234,47.5910546094333],[-122.327578498324,47.5906950204147],[-122.327615275198,47.5906083288388],[-122.327700762582,47.5905023079667],[-122.327820550555,47.5904170787739],[-122.327985694961,47.59035296007],[-122.328047923193,47.5903384143372],[-122.328120041278,47.5903215570534],[-122.328313839869,47.5903031463697],[-122.328837893115,47.5903025131761],[-122.328915767072,47.5903055383924],[-122.329050159833,47.5903134464971],[-122.329074110142,47.5903104552187],[-122.329279433504,47.5903078584635],[-122.329932674334,47.5903086355303],[-122.329980736576,47.5903094802891],[-122.329991115525,47.5884297370172],[-122.329992397361,47.5882079614906],[-122.329985951518,47.5872342157287],[-122.329978910496,47.5861703820886],[-122.330804487417,47.5861657054315],[-122.331998728893,47.5861760648596],[-122.333265650542,47.5861032767498],[-122.333265618797,47.5861567705784],[-122.333265424749,47.5864783939088],[-122.333265334072,47.5866278191473],[-122.333264370261,47.5882283609858],[-122.333263461932,47.5897322535375],[-122.333263110524,47.5903125342955],[-122.333429451639,47.5903124664169],[-122.333683774635,47.5903123667998],[-122.334195452548,47.5903121645363],[-122.334615268258,47.5903122710749],[-122.335119482231,47.5903123970685],[-122.33601799475,47.590312640748],[-122.336677614509,47.59031281532],[-122.336720793752,47.5903128266599],[-122.336781579811,47.5903128427568],[-122.336844165472,47.5903134701572],[-122.336925959167,47.5903142907166],[-122.337017956772,47.5903152129195],[-122.337057273345,47.5903156071519],[-122.337127432025,47.590316363679],[-122.337213952666,47.5903172114976],[-122.337371585084,47.5903187562451],[-122.337417197485,47.590319213739],[-122.337484178665,47.5903198114509],[-122.337234181257,47.5908698114506],[-122.342902181468,47.5907988028304],[-122.342904183226,47.59122880266],[-122.342997182789,47.5912018026348],[-122.344216216713,47.5908535064841],[-122.34433418193,47.5908198008801],[-122.344338182737,47.5909798001878],[-122.344835575545,47.5992214374109],[-122.344736116408,47.6023208976336],[-122.340953990955,47.6021635834913],[-122.340117231317,47.6021278027181],[-122.338055231353,47.6021438052881],[-122.337999910088,47.6021100180549],[-122.337757231096,47.6019618060655],[-122.337456229675,47.6018238069627],[-122.336582137923,47.6017175462027],[-122.336536809769,47.6017185715398],[-122.336463251369,47.6017202352303],[-122.336400302898,47.6017216588426],[-122.336327334673,47.6017233092503],[-122.336261616048,47.6017247945713],[-122.336227379566,47.6017247133763],[-122.336193805533,47.601725325115],[-122.336110851136,47.6017250489941],[-122.33603405705,47.6017245637004],[-122.335549406766,47.6017222550186],[-122.33552026159,47.6017223006998],[-122.334941858771,47.601723201032],[-122.334879709966,47.6017232980202],[-122.334523906059,47.601722811714],[-122.334178594408,47.6017223388142],[-122.333934896585,47.6017219397134],[-122.333898831864,47.601721880133],[-122.333876975243,47.6017265710946],[-122.333366915946,47.6019509206505],[-122.332546239151,47.6022943853577],[-122.33251943989,47.6023056012702],[-122.332064683977,47.602495369227],[-122.331941586875,47.6025467372687],[-122.331488300117,47.6027358879732],[-122.331408539563,47.6027691711897],[-122.331329522492,47.6028021323957],[-122.330439920363,47.6031732280805],[-122.330297458971,47.6032326541046],[-122.329663019827,47.602539214614],[-122.329645382852,47.6025199376947],[-122.330264214166,47.6022612114734],[-122.330755878653,47.6020556482718]]]},"properties":{"beat":"K2","first_precinct":"W","sector":"K"}},{"type":"Feature","geometry":{"type":"Polygon","coordinates":[[[-122.325188973023,47.6019719953095],[-122.324938704709,47.6017070061389],[-122.324836244473,47.6017063019319],[-122.324780784823,47.6017067681068],[-122.324704113908,47.6017074124548],[-122.324607815482,47.60170822137],[-122.32451439756,47.6017084562833],[-122.324242228577,47.6017092696199],[-122.324173381976,47.601708498549],[-122.324123589,47.6017088415678],[-122.323870093859,47.6017063785438],[-122.323795655589,47.6017056553145],[-122.323740512518,47.6017055644768],[-122.323581298454,47.6017053246417],[-122.323500727066,47.6017052033281],[-122.322616257618,47.6017038728293],[-122.322446847926,47.6017034760984],[-122.321695811522,47.6017021074151],[-122.3215752241,47.6017018875074],[-122.321486645757,47.6017017255719],[-122.320737346603,47.6017003539273],[-122.320162654169,47.6016993431062],[-122.31958170202,47.6016983184991],[-122.319403191647,47.6016980028406],[-122.318097680173,47.6016956752159],[-122.317823150077,47.6016951618018],[-122.317750727029,47.6016240673426],[-122.317445304664,47.6013242537479],[-122.317393203238,47.6012731080878],[-122.317344316273,47.6012251185689],[-122.317311354652,47.6011927624374],[-122.31722800786,47.6011109429294],[-122.317126467404,47.601011262411],[-122.317080220479,47.6009658624987],[-122.317036173947,47.6009226217098],[-122.316965099654,47.6008528531966],[-122.316874800502,47.6007655330677],[-122.316841080742,47.6007329231095],[-122.316709324763,47.6006055038147],[-122.316673343585,47.6005714290527],[-122.316636719679,47.6005376685254],[-122.316599461151,47.6005042266245],[-122.316573271423,47.6004812377406],[-122.316546784288,47.6004584065608],[-122.31651999714,47.6004357349179],[-122.316498950685,47.6004182016348],[-122.316477726216,47.6004007687256],[-122.316456325012,47.6003834343743],[-122.316415367712,47.6003509222476],[-122.316373790295,47.6003187708356],[-122.316331600994,47.6002869890261],[-122.316290559873,47.6002568511052],[-122.316248966132,47.6002270622231],[-122.316207115687,47.6001978317281],[-122.316206821305,47.6001976295558],[-122.316165714024,47.6001695993272],[-122.316124105717,47.6001419084681],[-122.316082011059,47.600114558586],[-122.316074061659,47.6001094813727],[-122.316066108348,47.6001044069086],[-122.316064118384,47.6001031392135],[-122.316008708659,47.6000684601437],[-122.315958646318,47.6000380474514],[-122.315907969753,47.6000081087373],[-122.315886854365,47.6000020560931],[-122.315870225939,47.5999894444331],[-122.315853921075,47.5999770786443],[-122.315808565937,47.5999518015598],[-122.315799200425,47.5999465961459],[-122.315799063988,47.599946522357],[-122.315743839353,47.5999166482354],[-122.315743701638,47.5999165762624],[-122.315705578927,47.5998964657809],[-122.315705441212,47.5998963938078],[-122.315667022667,47.5998765426561],[-122.315666883648,47.5998764715996],[-122.315628168169,47.5998568878882],[-122.315628029202,47.5998568186302],[-122.315548354408,47.5998177397773],[-122.315548212858,47.5998176732515],[-122.315467379351,47.599779702459],[-122.315467240231,47.5997796278052],[-122.315385286924,47.5997427771581],[-122.315385136068,47.5997427107534],[-122.315356673064,47.5997302837804],[-122.31535652226,47.5997302191742],[-122.315327924838,47.5997179288859],[-122.315327772704,47.599717864297],[-122.315299051448,47.5997057087562],[-122.315298899366,47.5997056459658],[-122.315240802948,47.5996816303542],[-122.315240648232,47.5996815684977],[-122.315182060903,47.5996581071104],[-122.315181906239,47.5996580470523],[-122.315122823013,47.5996351516482],[-122.315122669754,47.5996350942706],[-122.31506919119,47.5996149955747],[-122.315069037932,47.599614938197],[-122.31502802147,47.5995999641401],[-122.315027864223,47.5995999068143],[-122.315021610613,47.5995976259026],[-122.315021452063,47.5995975694934],[-122.314952319593,47.5995730992365],[-122.314952159739,47.5995730437437],[-122.314918187012,47.5995613793156],[-122.314918072849,47.5995613403202],[-122.314918028513,47.5995613247048],[-122.314917914324,47.5995612848101],[-122.314863642323,47.5995425097746],[-122.314863483798,47.5995424542644],[-122.314763326696,47.5995076925277],[-122.314763168197,47.5995076379167],[-122.314762390404,47.5995073673686],[-122.314762231906,47.5995073127575],[-122.314661139875,47.5994722221574],[-122.314660981377,47.5994721675461],[-122.314615417775,47.5994563529481],[-122.31461531164,47.5994563156471],[-122.314587529191,47.5994465253598],[-122.314587494239,47.5994465123208],[-122.31458742436,47.5994464871422],[-122.314587336993,47.5994464549944],[-122.314559889745,47.5994363850572],[-122.314559733752,47.5994363250156],[-122.314525666354,47.5994231503708],[-122.314525512943,47.5994230875967],[-122.31449191572,47.5994093751544],[-122.314491764918,47.5994093105471],[-122.314458653978,47.5993950654958],[-122.314458505784,47.5993949990553],[-122.314420067716,47.5993775164046],[-122.314419924814,47.5993774489955],[-122.314382229635,47.5993592432748],[-122.31438208929,47.599359172234],[-122.314345157557,47.599340264767],[-122.314345022479,47.5993401918583],[-122.314320758106,47.5993271306281],[-122.314320624281,47.5993270550043],[-122.31429484007,47.5993126047745],[-122.314294708852,47.5993125273175],[-122.314254646348,47.5992889943328],[-122.314254519043,47.5992889141261],[-122.314213842054,47.5992633227367],[-122.314213717357,47.5992632406967],[-122.314174324774,47.599236745565],[-122.314174202659,47.5992366607926],[-122.314137378246,47.5992102068861],[-122.314137241276,47.5992101142106],[-122.314137214046,47.5992100920749],[-122.314137126832,47.599210018543],[-122.314099901048,47.5991814233947],[-122.31406502127,47.5991527743097],[-122.314031551054,47.5991233664942],[-122.313999527166,47.5990932300575],[-122.313968985171,47.5990623996225],[-122.313939956541,47.5990309062669],[-122.313912471677,47.5989987900783],[-122.313886557857,47.5989660749921],[-122.313780351921,47.5988254421047],[-122.313761471387,47.5988004413258],[-122.313656706227,47.5986617147339],[-122.313589153771,47.5985722681282],[-122.313589126132,47.5985722316041],[-122.31358910266,47.598572201323],[-122.31354742775,47.5985170086378],[-122.313407142173,47.5983312422287],[-122.313163805037,47.5980155748544],[-122.312759940717,47.5974916350445],[-122.312343239844,47.5969437370288],[-122.312148370018,47.5966875094063],[-122.312121172225,47.5966517456886],[-122.311545393435,47.5958946571163],[-122.311538934594,47.5958861588308],[-122.311538913886,47.5958861321118],[-122.311536932696,47.5958835247175],[-122.311532256097,47.5958773719277],[-122.311530337185,47.5958748500861],[-122.311529599521,47.5958738827024],[-122.311515263199,47.5958551674297],[-122.311708193729,47.5958228501113],[-122.311908945228,47.5958186162803],[-122.31214442198,47.5958136509001],[-122.312180328144,47.5958132434933],[-122.312180766939,47.5958132404877],[-122.312182406816,47.5958132425587],[-122.31220369528,47.5958132923587],[-122.312257987709,47.5958133934679],[-122.312524588619,47.5958138880699],[-122.312684421468,47.595814183673],[-122.312820897997,47.5958144364743],[-122.312957409092,47.5958146886623],[-122.313044221647,47.5958148494895],[-122.313412379605,47.5958155286712],[-122.313485177811,47.5958156627937],[-122.31396721143,47.5958165505682],[-122.314034164249,47.5958166740603],[-122.314083504941,47.5958167613866],[-122.314106432953,47.5958168011836],[-122.314222261082,47.5958170152193],[-122.314761852372,47.5958180067426],[-122.315332584659,47.5958190551051],[-122.315794440704,47.5958198975401],[-122.315794586994,47.5958198974329],[-122.315795718792,47.5958198979766],[-122.315805974123,47.5958199028681],[-122.31580608053,47.5958199032807],[-122.315922814479,47.5958199328557],[-122.315928277907,47.5958199336186],[-122.316104955585,47.595819981485],[-122.316406059262,47.5958200928213],[-122.316408600839,47.5958200947705],[-122.317255394246,47.5958204118822],[-122.317270360791,47.5958203893698],[-122.317293506115,47.5958203537214],[-122.317315943718,47.5958204046667],[-122.317371658627,47.5958205297594],[-122.317875331338,47.5958216620364],[-122.31827330663,47.5958225543906],[-122.31844968712,47.5958229497428],[-122.318542903548,47.5958231586103],[-122.318567197885,47.5958232138545],[-122.318575327069,47.5958232336616],[-122.318617800192,47.5958233277227],[-122.318768195578,47.5958237460985],[-122.318925282298,47.5958241776462],[-122.319059569368,47.5958245478153],[-122.319062353137,47.5958245546385],[-122.319215445807,47.595824977677],[-122.319251184334,47.5958249867448],[-122.319375898171,47.5958250200917],[-122.319522031362,47.5958255399294],[-122.319653402076,47.5958256371354],[-122.319719660691,47.5958257573562],[-122.319773051242,47.5958258477722],[-122.319940592825,47.5958260504447],[-122.320008798948,47.5958262799871],[-122.320240758257,47.5958268727829],[-122.320374031482,47.595827598302],[-122.320480252912,47.5958279261499],[-122.320685702843,47.5958298352708],[-122.320735193919,47.595830294681],[-122.320791144951,47.5958305823386],[-122.320864478063,47.595830487041],[-122.320933196874,47.5958301803572],[-122.321048193225,47.5958296678419],[-122.321191177359,47.5958290302447],[-122.321277687249,47.5958286444873],[-122.321370995398,47.5958315468554],[-122.321393923441,47.5958315393036],[-122.321472203246,47.5958315120472],[-122.3219548556,47.5958313440326],[-122.322458663196,47.5958311669204],[-122.322505424907,47.5958312420733],[-122.323763631451,47.5958333048658],[-122.325068451073,47.5958353425315],[-122.326051505729,47.5958367975269],[-122.326373798822,47.5958372737391],[-122.326951104125,47.5958368263424],[-122.327360118971,47.5958365074156],[-122.327683294918,47.5958141345004],[-122.327716983727,47.5958111208662],[-122.327775929856,47.5958410509727],[-122.32786297518,47.5958852457907],[-122.328193957029,47.5960532966447],[-122.32834160718,47.596128261899],[-122.328944396817,47.5964343111282],[-122.329046205534,47.5964860071049],[-122.328973308444,47.5972523396608],[-122.328973133012,47.5975361023632],[-122.328973100826,47.5975878832762],[-122.328973091651,47.5976033926246],[-122.328969820017,47.5984220916618],[-122.329001602943,47.5984568808291],[-122.329066788236,47.5985282415589],[-122.329144965732,47.5986138233406],[-122.329159637237,47.5986298836329],[-122.329195159844,47.5986687707665],[-122.3292953837,47.5987784886953],[-122.329318665464,47.5988039742794],[-122.329324360194,47.5988189975013],[-122.329361055908,47.598850380829],[-122.329445803923,47.5989431529339],[-122.32957070739,47.5990798833317],[-122.329590942251,47.5991020354097],[-122.329678542046,47.599197931064],[-122.330272902267,47.5999082081361],[-122.33034244709,47.5999913145657],[-122.330387194246,47.6000368180255],[-122.330400143412,47.6000499870037],[-122.331214865148,47.6008784897921],[-122.331570431066,47.6012671522409],[-122.331660716568,47.6013658511539],[-122.331703699867,47.6014128383185],[-122.331751011901,47.6014645561674],[-122.331900577523,47.6016280537248],[-122.331983505846,47.6017187042575],[-122.33184008781,47.6017185629701],[-122.331561482639,47.6017182884086],[-122.331416218317,47.6017180503533],[-122.33045722747,47.601716473821],[-122.330264792945,47.601716156022],[-122.330755878653,47.6020556482718],[-122.330264214166,47.6022612114734],[-122.329645382852,47.6025199376947],[-122.328534889838,47.6029846324962],[-122.328030857304,47.6031954590211],[-122.327423612479,47.603445806334],[-122.328015611979,47.6040924575985],[-122.328078592357,47.6041612291728],[-122.328013911548,47.6041883069592],[-122.327903975737,47.6042346460423],[-122.327857381953,47.6042538376823],[-122.327743096585,47.6043017639725],[-122.327711446075,47.6043149451136],[-122.327582462684,47.6043688208739],[-122.327562232838,47.6043458191307],[-122.327157024179,47.6038944610995],[-122.326930908194,47.6035896248356],[-122.326637306542,47.6033199786489],[-122.326091658638,47.6027707083139],[-122.325271299831,47.6020448408732],[-122.325188973023,47.6019719953095]]]},"properties":{"beat":"K3","first_precinct":"W","sector":"K"}},{"type":"Feature","geometry":{"type":"Polygon","coordinates":[[[-122.314137234274,47.5992102888248],[-122.314137241276,47.5992101142106],[-122.314137378246,47.5992102068861],[-122.314174202659,47.5992366607926],[-122.314174324774,47.599236745565],[-122.314213717357,47.5992632406967],[-122.314213842054,47.5992633227367],[-122.314254519043,47.5992889141261],[-122.314254646348,47.5992889943328],[-122.314294708852,47.5993125273175],[-122.31429484007,47.5993126047745],[-122.314320624281,47.5993270550043],[-122.314320758106,47.5993271306281],[-122.314345022479,47.5993401918583],[-122.314345157557,47.599340264767],[-122.31438208929,47.599359172234],[-122.314382229635,47.5993592432748],[-122.314419924814,47.5993774489955],[-122.314420067716,47.5993775164046],[-122.314458505784,47.5993949990553],[-122.314458653978,47.5993950654958],[-122.314491764918,47.5994093105471],[-122.31449191572,47.5994093751544],[-122.314525512943,47.5994230875967],[-122.314525666354,47.5994231503708],[-122.314559733752,47.5994363250156],[-122.314559889745,47.5994363850572],[-122.314587336993,47.5994464549944],[-122.31458742436,47.5994464871422],[-122.314587494239,47.5994465123208],[-122.314587529191,47.5994465253598],[-122.31461531164,47.5994563156471],[-122.314615417775,47.5994563529481],[-122.314660981377,47.5994721675461],[-122.314661139875,47.5994722221574],[-122.314762231906,47.5995073127575],[-122.314762390404,47.5995073673686],[-122.314763168197,47.5995076379167],[-122.314763326696,47.5995076925277],[-122.314863483798,47.5995424542644],[-122.314863642323,47.5995425097746],[-122.314917914324,47.5995612848101],[-122.314918028513,47.5995613247048],[-122.314918072849,47.5995613403202],[-122.314918187012,47.5995613793156],[-122.314952159739,47.5995730437437],[-122.314952319593,47.5995730992365],[-122.315021452063,47.5995975694934],[-122.315021610613,47.5995976259026],[-122.315027864223,47.5995999068143],[-122.31502802147,47.5995999641401],[-122.315069037932,47.599614938197],[-122.31506919119,47.5996149955747],[-122.315122669754,47.5996350942706],[-122.315122823013,47.5996351516482],[-122.315181906239,47.5996580470523],[-122.315182060903,47.5996581071104],[-122.315240648232,47.5996815684977],[-122.315240802948,47.5996816303542],[-122.315298899366,47.5997056459658],[-122.315299051448,47.5997057087562],[-122.315327772704,47.599717864297],[-122.315327924838,47.5997179288859],[-122.31535652226,47.5997302191742],[-122.315356673064,47.5997302837804],[-122.315385136068,47.5997427107534],[-122.315385286924,47.5997427771581],[-122.315467240231,47.5997796278052],[-122.315467379351,47.599779702459],[-122.315548212858,47.5998176732515],[-122.315548354408,47.5998177397773],[-122.315628029202,47.5998568186302],[-122.315628168169,47.5998568878882],[-122.315666883648,47.5998764715996],[-122.315667022667,47.5998765426561],[-122.315705441212,47.5998963938078],[-122.315705578927,47.5998964657809],[-122.315743701638,47.5999165762624],[-122.315743839353,47.5999166482354],[-122.315799063988,47.599946522357],[-122.315799200425,47.5999465961459],[-122.315808565937,47.5999518015598],[-122.315853921075,47.5999770786443],[-122.315870225939,47.5999894444331],[-122.315886854365,47.6000020560931],[-122.315907969753,47.6000081087373],[-122.315958646318,47.6000380474514],[-122.316008708659,47.6000684601437],[-122.316064118384,47.6001031392135],[-122.316066108348,47.6001044069086],[-122.316074061659,47.6001094813727],[-122.316082011059,47.600114558586],[-122.316124105717,47.6001419084681],[-122.316165714024,47.6001695993272],[-122.316206821305,47.6001976295558],[-122.316207115687,47.6001978317281],[-122.316248966132,47.6002270622231],[-122.316290559873,47.6002568511052],[-122.316331600994,47.6002869890261],[-122.316373790295,47.6003187708356],[-122.316415367712,47.6003509222476],[-122.316456325012,47.6003834343743],[-122.316477726216,47.6004007687256],[-122.316498950685,47.6004182016348],[-122.31651999714,47.6004357349179],[-122.316546784288,47.6004584065608],[-122.316573271423,47.6004812377406],[-122.316599461151,47.6005042266245],[-122.316636719679,47.6005376685254],[-122.316673343585,47.6005714290527],[-122.316709324763,47.6006055038147],[-122.316841080742,47.6007329231095],[-122.316874800502,47.6007655330677],[-122.316965099654,47.6008528531966],[-122.317036173947,47.6009226217098],[-122.317080220479,47.6009658624987],[-122.317126467404,47.601011262411],[-122.31722800786,47.6011109429294],[-122.317311354652,47.6011927624374],[-122.317344316273,47.6012251185689],[-122.317393203238,47.6012731080878],[-122.317445304664,47.6013242537479],[-122.317750727029,47.6016240673426],[-122.317823150077,47.6016951618018],[-122.318097680173,47.6016956752159],[-122.319403191647,47.6016980028406],[-122.31958170202,47.6016983184991],[-122.320162654169,47.6016993431062],[-122.320737346603,47.6017003539273],[-122.321486645757,47.6017017255719],[-122.3215752241,47.6017018875074],[-122.321695811522,47.6017021074151],[-122.322446847926,47.6017034760984],[-122.322616257618,47.6017038728293],[-122.323500727066,47.6017052033281],[-122.323581298454,47.6017053246417],[-122.323740512518,47.6017055644768],[-122.323795655589,47.6017056553145],[-122.323870093859,47.6017063785438],[-122.324123589,47.6017088415678],[-122.324173381976,47.601708498549],[-122.324242228577,47.6017092696199],[-122.32451439756,47.6017084562833],[-122.324607815482,47.60170822137],[-122.324704113908,47.6017074124548],[-122.324780784823,47.6017067681068],[-122.324836244473,47.6017063019319],[-122.324938704709,47.6017070061389],[-122.325188973023,47.6019719953095],[-122.325271299831,47.6020448408732],[-122.326091658638,47.6027707083139],[-122.326637306542,47.6033199786489],[-122.326930908194,47.6035896248356],[-122.327157024179,47.6038944610995],[-122.327562232838,47.6043458191307],[-122.327582462684,47.6043688208739],[-122.327444484676,47.6044266892101],[-122.327275300424,47.6044974320895],[-122.327155451104,47.6045475781947],[-122.327134862136,47.6045565009353],[-122.326970314629,47.6046251790481],[-122.326742601654,47.6047204948555],[-122.326192408904,47.6049507349672],[-122.325859621621,47.6050900041754],[-122.325049807973,47.6054289159951],[-122.3247492525,47.6055546979019],[-122.323641157895,47.606018396255],[-122.322837395538,47.6063547747518],[-122.322529695608,47.6064834860369],[-122.32142077484,47.6069473331844],[-122.320752363896,47.6072184195673],[-122.320558487377,47.6073082992459],[-122.320104197393,47.6074983872834],[-122.320036666107,47.6075266437685],[-122.319797941867,47.6076265314655],[-122.319553549718,47.6077287893752],[-122.31942038935,47.6077845058294],[-122.319382856527,47.6078002101498],[-122.319334341947,47.6078205082255],[-122.319313766698,47.6078291171739],[-122.319286775145,47.6078404106707],[-122.319232037453,47.6078633133647],[-122.319143133299,47.6079005116103],[-122.319122246429,47.6079092505371],[-122.318994090912,47.6079628707181],[-122.318749147798,47.6080661146213],[-122.318333177428,47.6080643321629],[-122.318094301876,47.6080633068452],[-122.318067261742,47.6080632134875],[-122.316952270781,47.6080593721699],[-122.316779913802,47.6080587775624],[-122.31663492673,47.6080581785405],[-122.315457567359,47.6080533103182],[-122.314152317935,47.6080479785402],[-122.314165334681,47.6061919636485],[-122.314169536766,47.6055558540626],[-122.314173998796,47.6049695044623],[-122.314177528956,47.6044878403733],[-122.31417854292,47.6043495355939],[-122.314178866141,47.6043061093145],[-122.31417921662,47.604259059976],[-122.314182684494,47.6040297823156],[-122.314189969866,47.6035286387969],[-122.314190116851,47.6035096840321],[-122.314197077541,47.6026812841796],[-122.314161925705,47.6016887572906],[-122.314158602524,47.6015982833141],[-122.314134416218,47.6009396302677],[-122.314131088477,47.6008490394013],[-122.314133002145,47.6000109139237],[-122.314134640221,47.5992903477461],[-122.314137234274,47.5992102888248]]]},"properties":{"beat":"G1","first_precinct":"E","sector":"G"}},{"type":"Feature","geometry":{"type":"Polygon","coordinates":[[[-122.289507182019,47.6004727015938],[-122.28949220565,47.6004473653848],[-122.28948038299,47.6004212736277],[-122.289471801652,47.6003946105193],[-122.289466517314,47.6003675597653],[-122.289464647781,47.6003395783001],[-122.289465957305,47.6003130314861],[-122.289470682909,47.6002859326755],[-122.289480556772,47.6002552559379],[-122.289490003675,47.6002329932095],[-122.28959235832,47.6000274868457],[-122.289604135244,47.6000038412851],[-122.289629187752,47.5999479847916],[-122.289649169496,47.599891203645],[-122.289664011774,47.5998337038359],[-122.289697659509,47.5996749680808],[-122.289701158834,47.5996507753657],[-122.289701567702,47.5996273149039],[-122.289698911362,47.5996035401395],[-122.289693129716,47.5995797747973],[-122.289684521544,47.5995569047551],[-122.289672887094,47.5995343982077],[-122.289658406621,47.599512660365],[-122.289641192452,47.599491855314],[-122.289621364664,47.5994721389461],[-122.28959908179,47.599453663062],[-122.289574511366,47.5994365685518],[-122.289547837834,47.5994209825954],[-122.289516877125,47.5994060911233],[-122.289489000186,47.5993947918498],[-122.289412243444,47.5993652356295],[-122.289036873551,47.5992206917118],[-122.288996626869,47.5992032786022],[-122.288966245056,47.5991746930898],[-122.288931872966,47.5991201332496],[-122.288839951672,47.5991219030745],[-122.288768069646,47.5991303271674],[-122.288685151635,47.599140768058],[-122.28861904136,47.5991536935753],[-122.288548762556,47.5991237525506],[-122.288498093278,47.5991155387381],[-122.288351043113,47.5991136592602],[-122.288101203037,47.5991104663529],[-122.287865973133,47.5991074594323],[-122.287713236502,47.5991055069998],[-122.286831453725,47.5991001861102],[-122.286795867104,47.5990999714755],[-122.286776542291,47.5991790429209],[-122.286742011736,47.5992581781848],[-122.286701367724,47.5993140028977],[-122.286647654677,47.599387779596],[-122.286434258325,47.5996429532728],[-122.286323981905,47.5996423502631],[-122.286068604775,47.5998873442762],[-122.285909882879,47.6000957170526],[-122.285893745159,47.6001292073076],[-122.28585313542,47.6002149581682],[-122.285133223487,47.6002218885475],[-122.284295222877,47.6002258900058],[-122.28577520277,47.5957448887936],[-122.286677191743,47.5930648872801],[-122.2862281875,47.5923338886213],[-122.285338182354,47.5909178895512],[-122.285033179886,47.590433890427],[-122.285011161817,47.5904023958557],[-122.284985179945,47.5903558908078],[-122.284958738314,47.5903184568654],[-122.284898178472,47.590216890621],[-122.284882783781,47.5901898616653],[-122.284722176979,47.5899078911512],[-122.284706044697,47.5898844007061],[-122.284816916416,47.5898863513175],[-122.285447140862,47.589897449798],[-122.285544097682,47.5898991572339],[-122.285773241266,47.5899031916185],[-122.285873983177,47.5899049646888],[-122.286354484774,47.5899134225909],[-122.286422010954,47.5899162267156],[-122.286785361851,47.5899313142597],[-122.28798956704,47.5900293855699],[-122.288592531933,47.5900603491479],[-122.288841293321,47.5900731223522],[-122.289148866671,47.5900889134073],[-122.289221431819,47.5900857734051],[-122.290455295042,47.5901057974393],[-122.291358014847,47.590091762816],[-122.292409788134,47.5901100982192],[-122.29345942312,47.5901041720706],[-122.294483390421,47.5901099908778],[-122.2954923678,47.5901125072157],[-122.29748922611,47.5901175273262],[-122.298016052427,47.590134120699],[-122.299085126992,47.5901478184671],[-122.299435075215,47.5901440864995],[-122.300191577044,47.5901360143992],[-122.301288824789,47.5901246367854],[-122.30215623491,47.5900959155083],[-122.302280861085,47.590089295307],[-122.30248079936,47.5900721448748],[-122.303129851001,47.5900556641557],[-122.303803428268,47.5900454180618],[-122.303896506915,47.5900440015022],[-122.305165526368,47.5900246845467],[-122.307037086681,47.5899935603241],[-122.307567259273,47.5899945227998],[-122.308032477065,47.5900193350067],[-122.308495943555,47.5900723327904],[-122.309122150058,47.59021257306],[-122.309667851587,47.5903980739467],[-122.310115385785,47.5905918862396],[-122.310152448108,47.5906079370467],[-122.310272282842,47.5906863621023],[-122.310350631316,47.5907376350747],[-122.310432726487,47.5907913611365],[-122.310470784879,47.5908168240497],[-122.310489600296,47.5908285822086],[-122.310529379754,47.5908546155906],[-122.310576058817,47.5908851644206],[-122.310690510132,47.590991973977],[-122.310901083696,47.5911884865098],[-122.311051093713,47.5913284780665],[-122.311386040958,47.5917052889713],[-122.311673226727,47.5921079139913],[-122.311963298328,47.5925051400914],[-122.312207878276,47.5928400656809],[-122.312881241824,47.5937257877531],[-122.312900722949,47.593751411461],[-122.313043693905,47.5939394652704],[-122.313177210629,47.5940202247308],[-122.313232245289,47.5940535128699],[-122.313584028529,47.5942662925369],[-122.313912541697,47.5944288270924],[-122.313973293054,47.5944588837675],[-122.314091663867,47.5945174481919],[-122.314225186341,47.5945647375238],[-122.314346991477,47.5946078764514],[-122.314560825492,47.5946784018602],[-122.314837349856,47.5947442619192],[-122.315014502824,47.5947813653307],[-122.315192220646,47.5948185870558],[-122.315221583655,47.5948204004766],[-122.315317431752,47.5948263189537],[-122.31542287615,47.5948328302053],[-122.315612584755,47.5948445451054],[-122.315803733937,47.5948578539068],[-122.316023262762,47.5948611856116],[-122.316269873266,47.5948387680188],[-122.316653024403,47.594788005995],[-122.316944911019,47.5947350163123],[-122.317115528837,47.594697189979],[-122.31715778672,47.5947472874018],[-122.31717558768,47.5947779845053],[-122.31720777894,47.594836737876],[-122.317217278128,47.5948661587754],[-122.317227706227,47.5948873910508],[-122.317236900704,47.5949269283787],[-122.317266160966,47.5950341016027],[-122.317270829461,47.5950524969892],[-122.317269868936,47.5951267952666],[-122.317268778558,47.5951966322996],[-122.317256047007,47.5957929744241],[-122.317255394246,47.5958204118822],[-122.316408600839,47.5958200947705],[-122.316406059262,47.5958200928213],[-122.316104955585,47.595819981485],[-122.315928277907,47.5958199336186],[-122.315922814479,47.5958199328557],[-122.31580608053,47.5958199032807],[-122.315805974123,47.5958199028681],[-122.315795718792,47.5958198979766],[-122.315794586994,47.5958198974329],[-122.315794440704,47.5958198975401],[-122.315332584659,47.5958190551051],[-122.314761852372,47.5958180067426],[-122.314222261082,47.5958170152193],[-122.314106432953,47.5958168011836],[-122.314083504941,47.5958167613866],[-122.314034164249,47.5958166740603],[-122.31396721143,47.5958165505682],[-122.313485177811,47.5958156627937],[-122.313412379605,47.5958155286712],[-122.313044221647,47.5958148494895],[-122.312957409092,47.5958146886623],[-122.312820897997,47.5958144364743],[-122.312684421468,47.595814183673],[-122.312524588619,47.5958138880699],[-122.312257987709,47.5958133934679],[-122.31220369528,47.5958132923587],[-122.312182406816,47.5958132425587],[-122.312180766939,47.5958132404877],[-122.312180328144,47.5958132434933],[-122.31214442198,47.5958136509001],[-122.311908945228,47.5958186162803],[-122.311708193729,47.5958228501113],[-122.311515263199,47.5958551674297],[-122.311529599521,47.5958738827024],[-122.311530337185,47.5958748500861],[-122.311532256097,47.5958773719277],[-122.311536932696,47.5958835247175],[-122.311538913886,47.5958861321118],[-122.311538934594,47.5958861588308],[-122.311545393435,47.5958946571163],[-122.312121172225,47.5966517456886],[-122.312148370018,47.5966875094063],[-122.312343239844,47.5969437370288],[-122.312759940717,47.5974916350445],[-122.313163805037,47.5980155748544],[-122.313407142173,47.5983312422287],[-122.31354742775,47.5985170086378],[-122.31358910266,47.598572201323],[-122.313589126132,47.5985722316041],[-122.313589153771,47.5985722681282],[-122.313656706227,47.5986617147339],[-122.313761471387,47.5988004413258],[-122.313780351921,47.5988254421047],[-122.313886557857,47.5989660749921],[-122.313912471677,47.5989987900783],[-122.313939956541,47.5990309062669],[-122.313968985171,47.5990623996225],[-122.313999527166,47.5990932300575],[-122.314031551054,47.5991233664942],[-122.31406502127,47.5991527743097],[-122.314099901048,47.5991814233947],[-122.314137126832,47.599210018543],[-122.314137214046,47.5992100920749],[-122.314100567865,47.5992104701186],[-122.314073528433,47.5992107527967],[-122.312375633823,47.5992201752437],[-122.311577422882,47.5992245955381],[-122.310272214747,47.5992317935494],[-122.309857359878,47.5992340777316],[-122.308967843988,47.5992389702197],[-122.307738412567,47.5992463877807],[-122.307662398477,47.5992468457506],[-122.306553405412,47.5992535226389],[-122.306356952546,47.599254705404],[-122.304678222812,47.5992643657299],[-122.30459823864,47.5992648253194],[-122.304477855523,47.5992666250202],[-122.304452743237,47.5992670001368],[-122.304387482709,47.599267421213],[-122.304333763381,47.5992677676879],[-122.304218193127,47.5992685144205],[-122.303284939187,47.5992745288925],[-122.30282615649,47.5992774809605],[-122.302233451013,47.5992812923323],[-122.30223529483,47.5999361070785],[-122.302236380365,47.6003211250407],[-122.301119161634,47.6003199329778],[-122.301099756378,47.6008680501575],[-122.301076826658,47.6008680257248],[-122.299985089601,47.6008669164384],[-122.299352343906,47.6008662674477],[-122.298931183364,47.6008658328984],[-122.297881501626,47.6008647454876],[-122.296936324974,47.6008637586489],[-122.296832844558,47.6008637125778],[-122.296692347913,47.6008636486684],[-122.295844506523,47.6008632565953],[-122.295020528279,47.6008628736691],[-122.294976035976,47.6008628632583],[-122.294915732376,47.6008628238643],[-122.293761046318,47.6008622737411],[-122.29254464535,47.6008599585236],[-122.292098101401,47.600859193636],[-122.2913278043,47.600857869839],[-122.291206176053,47.6008576598989],[-122.290494116012,47.6008564315862],[-122.29047118595,47.6008563924263],[-122.29038643157,47.6008562472819],[-122.290347400125,47.6008550334275],[-122.290308605687,47.6008516430946],[-122.290270405161,47.6008462822189],[-122.290232930065,47.6008388024823],[-122.290196465424,47.6008293126855],[-122.290161146107,47.6008178317932],[-122.290127499156,47.6008045617645],[-122.289689206787,47.6006153049791],[-122.289656129924,47.6005996786652],[-122.289625084301,47.600582254132],[-122.289596276618,47.6005631456832],[-122.289570484,47.6005429371079],[-122.289546169978,47.6005204309186],[-122.289525211591,47.6004971126163],[-122.289507182019,47.6004727015938]]]},"properties":{"beat":"G3","first_precinct":"E","sector":"G"}}]}